name,url,property_type,source
1 Hong Yip Street康業街1號,/building/1-hong-yip-street/8185,industrial,direct_link
1 Hung To Road鴻圖道一號,/building/1-hung-to-road/4737,industrial,direct_link
1 Wang Wo Tsai Street橫窩仔街1號,/building/1-wang-wo-tsai-street/16380,industrial,direct_link
100 Texaco Road德士古道100號,/building/100-texaco-road/16377,industrial,direct_link
107-109 Wai Yip Street偉業街107-109號,/building/107-109-wai-yip-street/4923,industrial,direct_link
111 Lee Nam Road利南道111號,/building/111-lee-nam-road/11341,industrial,direct_link
113-117 Tung Chau Street祝齡大廈,/building/113-117-tung-chau-street/12118,industrial,direct_link
13 On Kui Street安居街13號,/building/13-on-kui-street/17470,industrial,direct_link
14-15 Yip Shing Street業成街14-15號,/building/14-15-yip-shing-street/17322,industrial,direct_link
14-18 Ma Kok Street馬角街14-18號,/building/14-18-ma-kok-street/17426,industrial,direct_link
143 Wai Yip Street偉業街143號,/building/143-wai-yip-street/4939,industrial,direct_link
15 Wang Chiu Road宏照道15號,/building/15-wang-chiu-road/5236,industrial,direct_link
16 On Lok Mun Street安樂門街16號,/building/16-on-lok-mun-street/16282,industrial,direct_link
167-169 Hoi Bun Road海濱道167-169號,/building/167-169-hoi-bun-road/5356,industrial,direct_link
2 Hung To Road鴻圖道2號,/building/2-hung-to-road/4720,industrial,direct_link
2-10 Tai Yuen Street大圓街2-10號,/building/2-10-tai-yuen-street/17717,industrial,direct_link
20 Wing Hong Street永康街20號,/building/20-wing-hong-street/17675,industrial,direct_link
24-28 Wing Lap Street葵涌永立街24至28號,/building/24-28-wing-lap-street/17357,industrial,direct_link
28 Hung To Road鴻圖道28號,/building/28-hung-to-road/4761,industrial,direct_link
3 Luk Hop Street六合街3號,/building/3-luk-hop-street/17842,industrial,direct_link
30 On Lok Mun Street安樂門街30號,/building/30-on-lok-mun-street/16279,industrial,direct_link
31A Ma Liu Shui San Tsuen馬料水新村31A號,/building/31a-ma-liu-shui-san-tsuen/17053,industrial,direct_link
32 On Lok Mun Street安樂門街32號,/building/32-on-lok-mun-street/16278,industrial,direct_link
350-360 Fuk Wing Street福榮街350-360號,/building/350-360-fuk-wing-street/11376,industrial,direct_link
38 Wing Kei Road永基路38號,/building/38-wing-kei-road/17828,industrial,direct_link
45 Wong Chuk Hang Road黃竹坑道45號,/building/45-wong-chuk-hang-road/3818,industrial,direct_link
47-51 Kwai Fung Crescent葵豐街47-51號,/building/47-51-kwai-fung-crescent/17358,industrial,direct_link
4S City,/building/4s-city/16996,industrial,direct_link
5A On Chuen Street安全街5A號,/building/5a-on-chuen-street/16312,industrial,direct_link
6 Luk Hop Street六合街6號,/building/6-luk-hop-street/17430,industrial,direct_link
64 Hung To Road鴻圖道64號,/building/64-hung-to-road/17382,industrial,direct_link
67 Bedford Road必發道67號,/building/67-bedford-road/12312,industrial,direct_link
69 Bedford Road必發道69號,/building/69-bedford-road/12311,industrial,direct_link
75 Bedford Road必發道75號,/building/75-bedford-road/12318,industrial,direct_link
78 Hung To Road鴻圖道78號,/building/78-hung-to-road/4730,industrial,direct_link
78-78A Larch Street洋松街78-78A號,/building/78-78a-larch-street/8083,industrial,direct_link
792-794 Cheung Sha Wan Road長沙灣道792-794號,/building/792-794-cheung-sha-wan-road/6336,industrial,direct_link
822 Lai Chi Kok Road荔枝角道822號,/building/822-lai-chi-kok-road/7363,industrial,direct_link
88 Kwai Cheong Road癸昌路88號,/building/88-kwai-cheong-road/6835,industrial,direct_link
90 Hung To Road鴻圖道90號,/building/90-hung-to-road/4750,industrial,direct_link
ADP Pentagon Centre五方集團中心,/building/adp-pentagon-centre/5336,industrial,direct_link
"ATL Logistics Centre, Block A亞洲貨櫃物流中心A座",/building/atl-logistics-centre-block-a/7019,industrial,direct_link
"ATL Logistics Centre, Block B亞洲貨櫃物流中心B座",/building/atl-logistics-centre-block-b/7020,industrial,direct_link
Aberdeen Industrial Building香港仔工業大廈,/building/aberdeen-industrial-building/3937,industrial,direct_link
Acefield Ltd冠田工業大廈,/building/acefield-ltd/15398,industrial,direct_link
Acro Industrial Building雅高工業大樓,/building/acro-industrial-building/4830,industrial,direct_link
Air Goal Cargo Building威力貨運大廈,/building/air-goal-cargo-building/4593,industrial,direct_link
Airport Freight Forwarding Centre機場空運中心,/building/airport-freight-forwarding-centre/7246,industrial,direct_link
Aji Ichiban Centre優之良品中心,/building/aji-ichiban-centre/16484,industrial,direct_link
Ajisen Group Tower味千集團大廈,/building/ajisen-group-tower/4690,industrial,direct_link
Alexandra Industrial Building安泰工業大廈,/building/alexandra-industrial-building/5565,industrial,direct_link
Allied Cargo Centre聯合貨運中心,/building/allied-cargo-centre/5325,industrial,direct_link
Allied and Associated Enterprises (HK) Ltd德邦貨倉,/building/allied-and-associated-enterprises-hk-ltd/16349,industrial,direct_link
Alpha Appliances Building第一電業大廈,/building/alpha-appliances-building/16283,industrial,direct_link
Amiata Industrial Building萬美達工業大廈,/building/amiata-industrial-building/7625,industrial,direct_link
Annking Industrial Building安勁工業大廈,/building/annking-industrial-building/11285,industrial,direct_link
Arran Tower環亞中心,/building/arran-tower/13421,industrial,direct_link
Arvato Logistics Centre歐唯特物流中心,/building/arvato-logistics-centre/16366,industrial,direct_link
Asia Logistics Hub-SF Centre亞洲物流中心 - 順豐大廈,/building/asia-logistics-hub-sf-centre/17099,industrial,direct_link
Asia One Tower宏亞大廈,/building/asia-one-tower/17460,industrial,direct_link
Asia Trade Centre亞洲貿易中心,/building/asia-trade-centre/7618,industrial,direct_link
Assun Pacific Centre日昇亞太中心,/building/assun-pacific-centre/7184,industrial,direct_link
Bedford Factory Mansion必發工廠大廈,/building/bedford-factory-mansion/12306,industrial,direct_link
Benefit Industrial Factory Building本利發工業大廈,/building/benefit-industrial-factory-building/3841,industrial,direct_link
Bhotai Industrial Building寶泰工業大廈,/building/bhotai-industrial-building/11944,industrial,direct_link
Big Orange橙色空間,/building/big-orange/17302,industrial,direct_link
Billion Trade Centre鴻貿中心,/building/billion-trade-centre/4740,industrial,direct_link
Blue Box Factory Building大生工業大廈,/building/blue-box-factory-building/10493,industrial,direct_link
Bold Win Industrial Building保盈工業大廈,/building/bold-win-industrial-building/12148,industrial,direct_link
Bonjour Tower卓悅大廈,/building/bonjour-tower/17299,industrial,direct_link
Bonsun Industrial Building萬象工業大廈,/building/bonsun-industrial-building/6448,industrial,direct_link
Brilliant Cold Storage Tower 1光輝凍倉一期,/building/brilliant-cold-storage-tower-1/17359,industrial,direct_link
Brilliant Cold Storage Tower 2光輝凍倉二期,/building/brilliant-cold-storage-tower-2/4846,industrial,direct_link
Broadway Tower百老滙中心,/building/broadway-tower/8161,industrial,direct_link
C & C Building中華商務印刷大廈,/building/c-c-building/17466,industrial,direct_link
CCT Telecom Building中建電訊大廈,/building/cct-telecom-building/7004,industrial,direct_link
CEO Tower環薈中心,/building/ceo-tower/5560,industrial,direct_link
CKK Industrial Building朱鈞記工貿大廈,/building/ckk-industrial-building/16274,industrial,direct_link
CORE45創匯廣場,/building/core45/7179,industrial,direct_link
CPL Aromas (Far East) LtdCPL香料(遠東)有限公司,/building/cpl-aromas-far-east-ltd/8183,industrial,direct_link
CRE Centre華創中心,/building/cre-centre/6313,industrial,direct_link
Cable TV Tower有線電視大樓,/building/cable-tv-tower/8180,industrial,direct_link
Cafe de Coral Centre大家樂中心,/building/cafe-de-coral-centre/12468,industrial,direct_link
Cainiao Hong Kong Smart Gateway菜鳥香港智慧港,/building/cainiao-hong-kong-smart-gateway/17732,industrial,direct_link
Cambridge Plaza劍橋廣場,/building/cambridge-plaza/6496,industrial,direct_link
Camelpaint Building Block III駱駝漆大廈第三座,/building/camelpaint-building-block-iii/5596,industrial,direct_link
Camelpaint Building Block II駱駝漆大廈第二座,/building/camelpaint-building-block-ii/5593,industrial,direct_link
Camelpaint Building Block I駱駝漆大廈第一座,/building/camelpaint-building-block-i/5592,industrial,direct_link
Cameron Sino Technology Centre金岸科技中心,/building/cameron-sino-technology-centre/8049,industrial,direct_link
Canny Industrial Building佳力工業大廈,/building/canny-industrial-building/7917,industrial,direct_link
Cantake Factory Building堅德工業大廈,/building/cantake-factory-building/4951,industrial,direct_link
Capella HTR嘉鴻中心,/building/capella-htr/4723,industrial,direct_link
Capital Trade Centre京貿中心,/building/capital-trade-centre/7188,industrial,direct_link
Cardinal Industrial Building基力工業大廈,/building/cardinal-industrial-building/16270,industrial,direct_link
Career and Kenson Industrial Mansion金凱工業大廈,/building/career-and-kenson-industrial-mansion/4702,industrial,direct_link
Cargo Consolidation Complex集運中心,/building/cargo-consolidation-complex/17360,industrial,direct_link
Central Industrial Building中央工業大廈,/building/central-industrial-building/11471,industrial,direct_link
Centre 600陸佰中心,/building/centre-600/7783,industrial,direct_link
Centro Sound Industrial Building新高聲工業大廈,/building/centro-sound-industrial-building/13558,industrial,direct_link
Century Centre世紀中心,/building/century-centre/16395,industrial,direct_link
Century Centre世紀工商中心,/building/century-centre/4719,industrial,direct_link
Century Industrial Building世紀城市工業大廈,/building/century-industrial-building/16325,industrial,direct_link
Century Industrial Centre世紀工業大廈,/building/century-industrial-centre/11178,industrial,direct_link
Chai Wan Factory Estate柴灣工廠邨大廈,/building/chai-wan-factory-estate/13254,industrial,direct_link
Chai Wan Industrial Centre柴灣中心工業大廈,/building/chai-wan-industrial-centre/4445,industrial,direct_link
Chai Wan Industrial City Phase II柴灣工業城2座,/building/chai-wan-industrial-city-phase-ii/4403,industrial,direct_link
Chai Wan Industrial City Phase I柴灣工業城1座,/building/chai-wan-industrial-city-phase-i/4402,industrial,direct_link
Chao's Industrial Building鴻文工業大廈,/building/chao-s-industrial-building/16352,industrial,direct_link
Charm Centre時運中心,/building/charm-centre/3378,industrial,direct_link
Che Wah Industrial Building致華工業大廈,/building/che-wah-industrial-building/17323,industrial,direct_link
Chen Yip Industrial Building振業工業大廈,/building/chen-yip-industrial-building/11445,industrial,direct_link
Cheong Fat Factory Building昌發工廠大廈,/building/cheong-fat-factory-building/7046,industrial,direct_link
Cheong Lee Building昌利大廈,/building/cheong-lee-building/11729,industrial,direct_link
Cheong Shing Industrial Building昌盛工業大廈,/building/cheong-shing-industrial-building/13500,industrial,direct_link
Cheong Tai Factory Building昌泰工廠大廈,/building/cheong-tai-factory-building/17423,industrial,direct_link
Cheong Tai Industrial Building昌泰工業大廈,/building/cheong-tai-industrial-building/12153,industrial,direct_link
Cheong Wah Factory Building昌華工廠大廈,/building/cheong-wah-factory-building/4502,industrial,direct_link
Cheong Wei Industrial Building長匯工業大廈,/building/cheong-wei-industrial-building/14457,industrial,direct_link
Cheung Fat Building長發大廈,/building/cheung-fat-building/8776,industrial,direct_link
Cheung Fat Industrial Building長發工業大廈,/building/cheung-fat-industrial-building/8081,industrial,direct_link
Cheung Fung Industrial Building長豐工業大廈,/building/cheung-fung-industrial-building/11572,industrial,direct_link
Cheung Hing Industrial Building祥興工業大廈,/building/cheung-hing-industrial-building/4382,industrial,direct_link
Cheung Hing Industrial Building長慶工業大廈,/building/cheung-hing-industrial-building/17931,industrial,direct_link
Cheung Hing Shing Centre昌興盛中心,/building/cheung-hing-shing-centre/6408,industrial,direct_link
Cheung Kong Factory Building長江工廠大廈,/building/cheung-kong-factory-building/8016,industrial,direct_link
Cheung Lee Industrial Building祥利工業大廈,/building/cheung-lee-industrial-building/4405,industrial,direct_link
Cheung Lung Industrial Building昌隆工業大廈,/building/cheung-lung-industrial-building/6051,industrial,direct_link
Cheung Tak Industrial Building長德工業大廈,/building/cheung-tak-industrial-building/3850,industrial,direct_link
Cheung Tat Centre祥達中心,/building/cheung-tat-centre/4408,industrial,direct_link
Cheung Wah Industrial Building長華工業大廈,/building/cheung-wah-industrial-building/11271,industrial,direct_link
Cheung Wing Industrial Building長榮工業大廈,/building/cheung-wing-industrial-building/7891,industrial,direct_link
Cheung Yick Industrial Building長益工業大廈,/building/cheung-yick-industrial-building/5652,industrial,direct_link
Chevalier Cold Storage Building其士冷藏倉庫,/building/chevalier-cold-storage-building/17324,industrial,direct_link
Chevalier Industrial Building其士工業大廈,/building/chevalier-industrial-building/13603,industrial,direct_link
Chevalier Warehouse Building其士貨倉大廈,/building/chevalier-warehouse-building/16299,industrial,direct_link
Chi Ko Industrial Building致高工業大廈,/building/chi-ko-industrial-building/4410,industrial,direct_link
Chiap King Industrial Building捷景工業大廈,/building/chiap-king-industrial-building/13277,industrial,direct_link
Chiap Luen Industrial Building捷聯工業大廈,/building/chiap-luen-industrial-building/7345,industrial,direct_link
Chiaphua Centre捷和中心,/building/chiaphua-centre/10668,industrial,direct_link
Chiaphua Industrial Building捷和實業有限公司,/building/chiaphua-industrial-building/16277,industrial,direct_link
Chilcott Industrial Building榮韶工業大廈,/building/chilcott-industrial-building/4948,industrial,direct_link
Chin Fat Factory Building振發工廠大廈,/building/chin-fat-factory-building/16431,industrial,direct_link
China Aerospace Centre航天科技中心,/building/china-aerospace-centre/5369,industrial,direct_link
China Fen Hin Building中國宏興大廈,/building/china-fen-hin-building/7428,industrial,direct_link
China Industrial Building中華工業大廈,/building/china-industrial-building/5278,industrial,direct_link
China Merchants Godown B招商局第二貨倉,/building/china-merchants-godown-b/16869,industrial,direct_link
China Merchants Godown招商局貨倉,/building/china-merchants-godown/16868,industrial,direct_link
China Merchants Logistics Centre招商局物流中心,/building/china-merchants-logistics-centre/17098,industrial,direct_link
China Pacific Industrial Building中太工業大廈,/building/china-pacific-industrial-building/5567,industrial,direct_link
China Paint Building中華漆廠大廈,/building/china-paint-building/2397,industrial,direct_link
China Resources Chai Wan Warehouse華潤柴灣貨倉,/building/china-resources-chai-wan-warehouse/3788,industrial,direct_link
China Resources Int'l Logistics Centre華潤國際物流中心,/building/china-resources-int-l-logistics-centre/16959,industrial,direct_link
China Resources Logistics East Asia Industrial Building華潤物流東亞工業大廈,/building/china-resources-logistics-east-asia-industrial-building/11286,industrial,direct_link
China Resources Logistics Kader Centre華潤物流開達中心,/building/china-resources-logistics-kader-centre/11519,industrial,direct_link
China Resources Logistics Sheung Shui Warehouse華潤物流上水貨倉,/building/china-resources-logistics-sheung-shui-warehouse/16286,industrial,direct_link
China Resources Sha Tin Warehouse華潤沙田貨倉,/building/china-resources-sha-tin-warehouse/7261,industrial,direct_link
China Trade Centre華貿中心,/building/china-trade-centre/4961,industrial,direct_link
China Travel Hip Kee Godown 2中旅協記貨倉二倉,/building/china-travel-hip-kee-godown-2/17895,industrial,direct_link
China United Plaza華匯廣場,/building/china-united-plaza/11452,industrial,direct_link
Chinabest International Centre中信國際中心,/building/chinabest-international-centre/6840,industrial,direct_link
Chinachem Industrial Mansion華懋工業大廈,/building/chinachem-industrial-mansion/13843,industrial,direct_link
Chinachem Wah Yiu Industrial Centre華懋華耀工業中心,/building/chinachem-wah-yiu-industrial-centre/11170,industrial,direct_link
Ching Cheong Industrial Building禎昌工業大廈,/building/ching-cheong-industrial-building/6833,industrial,direct_link
Ching Hing Industrial Building正興工業大廈,/building/ching-hing-industrial-building/17332,industrial,direct_link
Chiu Tat Factory Building超達工廠大廈,/building/chiu-tat-factory-building/6229,industrial,direct_link
Chu Kong Godown Block 1珠江貨倉1倉,/building/chu-kong-godown-block-1/16899,industrial,direct_link
Chu Kong Godown Block 2珠江貨倉2倉,/building/chu-kong-godown-block-2/16898,industrial,direct_link
Chuan Kei Factory Building泉基工業大廈,/building/chuan-kei-factory-building/11540,industrial,direct_link
Chuan Yuan Factory Building泉源工業大廈,/building/chuan-yuan-factory-building/4591,industrial,direct_link
Chung Dah Godown Building中大貨倉大廈,/building/chung-dah-godown-building/7785,industrial,direct_link
Chung Hing Industrial Mansions中興工業大廈,/building/chung-hing-industrial-mansions/4651,industrial,direct_link
Chung Kiu Godown Building中僑貨倉大廈,/building/chung-kiu-godown-building/17325,industrial,direct_link
"Chung Mei Centre, Block A中美中心A座",/building/chung-mei-centre-block-a/7883,industrial,direct_link
"Chung Mei Centre, Block B中美中心B座",/building/chung-mei-centre-block-b/7884,industrial,direct_link
Chung On Industrial Building中安工業大廈,/building/chung-on-industrial-building/4447,industrial,direct_link
Chung Shun Knitting Centre忠信針織中心,/building/chung-shun-knitting-centre/17326,industrial,direct_link
City Industrial Complex城市工業中心,/building/city-industrial-complex/12435,industrial,direct_link
Clifford Centre香港中心,/building/clifford-centre/6301,industrial,direct_link
Co-Tack Industrial Building同德工業大廈,/building/co-tack-industrial-building/16347,industrial,direct_link
Coda Designer Centre科達設計中心,/building/coda-designer-centre/3842,industrial,direct_link
Continental Electric Building康大電業大廈,/building/continental-electric-building/5240,industrial,direct_link
Cornell Centre港利中心,/building/cornell-centre/4401,industrial,direct_link
Corporation Square商業廣場,/building/corporation-square/6566,industrial,direct_link
Crown Data Centre III嘉栢中心III,/building/crown-data-centre-iii/13027,industrial,direct_link
Crown Data Centre II嘉栢中心II,/building/crown-data-centre-ii/17448,industrial,direct_link
Crown Data Centre I嘉栢中心I,/building/crown-data-centre-i/17478,industrial,direct_link
Crown Industrial Building冠力工業大廈,/building/crown-industrial-building/4596,industrial,direct_link
Crown Pacific Building嘉柏大廈,/building/crown-pacific-building/4842,industrial,direct_link
D.J. Building申新大廈,/building/d-j-building/5352,industrial,direct_link
DSL Warehouse清甜街8-12號,/building/dsl-warehouse/17760,industrial,direct_link
Dah Keung Godown大強貨倉,/building/dah-keung-godown/5355,industrial,direct_link
Dan6,/building/dan6/12162,industrial,direct_link
Darton Tower達通大廈,/building/darton-tower/17671,industrial,direct_link
Decca Industrial Centre達藝工業中心,/building/decca-industrial-centre/13253,industrial,direct_link
Delya Industrial Centre Block A德雅工業中心A座,/building/delya-industrial-centre-block-a/15065,industrial,direct_link
Delya Industrial Centre Block B德雅工業中心B座,/building/delya-industrial-centre-block-b/17479,industrial,direct_link
Delya Industrial Centre Block C德雅工業中心C座,/building/delya-industrial-centre-block-c/17480,industrial,direct_link
Derrick Industrial Building得力工業大廈,/building/derrick-industrial-building/3819,industrial,direct_link
Digital Realty Kin ChuenDigital Realty健全街數據中心,/building/digital-realty-kin-chuen/17327,industrial,direct_link
Dormind Industrial Building多利工業大廈,/building/dormind-industrial-building/10644,industrial,direct_link
Draco Industrial Building天輝工業大廈,/building/draco-industrial-building/11444,industrial,direct_link
Dragon Industrial Building龍翔工業大廈,/building/dragon-industrial-building/7789,industrial,direct_link
E-Commerce Logistics Centre網豐物流中心,/building/e-commerce-logistics-centre/4558,industrial,direct_link
E. Tat Factory Building怡達工業大廈,/building/e-tat-factory-building/11528,industrial,direct_link
E. Wah Factory Building怡華工業大廈,/building/e-wah-factory-building/3847,industrial,direct_link
EAC Distribution Centre寶隆洋行,/building/eac-distribution-centre/16310,industrial,direct_link
Early Light International Centre旭日國際中心,/building/early-light-international-centre/13472,industrial,direct_link
East Sun Industrial Building怡生工業大廈,/building/east-sun-industrial-building/7005,industrial,direct_link
East Sun Industrial Centre怡生工業中心,/building/east-sun-industrial-centre/7010,industrial,direct_link
Eastern Centre東達中心,/building/eastern-centre/1671,industrial,direct_link
Eastern Factory Building東方工業大厦,/building/eastern-factory-building/16416,industrial,direct_link
Eastern Harbour Centre東港中心,/building/eastern-harbour-centre/7503,industrial,direct_link
Eastern Sea Industrial Building東海工業大廈,/building/eastern-sea-industrial-building/6832,industrial,direct_link
Easy-Pack Industrial Building依時工業大廈,/building/easy-pack-industrial-building/17383,industrial,direct_link
Edwick Industrial Building億萬工業中心,/building/edwick-industrial-building/7620,industrial,direct_link
Efficiency House義發工業大廈,/building/efficiency-house/7925,industrial,direct_link
Effort Industrial Building力豐工業大廈,/building/effort-industrial-building/7344,industrial,direct_link
Eldex Industrial Building義達工業大廈,/building/eldex-industrial-building/6390,industrial,direct_link
Elex Industrial Building宜利大廈,/building/elex-industrial-building/17286,industrial,direct_link
Elite Industrial Centre億利工業中心,/building/elite-industrial-centre/6315,industrial,direct_link
Energy Industrial Centre盛力工業中心,/building/energy-industrial-centre/8043,industrial,direct_link
Epoch Industrial Building時力工業大廈,/building/epoch-industrial-building/16372,industrial,direct_link
Ever Gain Building永得利大廈,/building/ever-gain-building/6465,industrial,direct_link
Ever Gain Centre永得利中心,/building/ever-gain-centre/16378,industrial,direct_link
Everest Industrial Centre毅力工業中心,/building/everest-industrial-centre/4565,industrial,direct_link
Evergreen Industrial Mansion松柏工業大廈,/building/evergreen-industrial-mansion/5671,industrial,direct_link
Everwin Centre恆勝中心,/building/everwin-centre/4722,industrial,direct_link
Ew International Tower安泰國際中心,/building/ew-international-tower/5340,industrial,direct_link
Excelsior Building大成大廈,/building/excelsior-building/6426,industrial,direct_link
Fabrico Factory Building富都工業大廈,/building/fabrico-factory-building/6821,industrial,direct_link
Famous Horse Centre名駒企業大廈,/building/famous-horse-centre/2391,industrial,direct_link
Fang Brothers Textiles Limited Factory Building華昌工業大廈,/building/fang-brothers-textiles-limited-factory-building/12140,industrial,direct_link
Fanling Industrial Centre粉嶺工貿大廈,/building/fanling-industrial-centre/16320,industrial,direct_link
Fashion Centre時穎中心,/building/fashion-centre/5568,industrial,direct_link
Fast Industrial Building福至工業大廈,/building/fast-industrial-building/3374,industrial,direct_link
Fat Lee Industrial Building發利工業大廈,/building/fat-lee-industrial-building/4748,industrial,direct_link
Favor Industrial Centre飛亞工業中心,/building/favor-industrial-centre/11539,industrial,direct_link
Federal Centre發達中心,/building/federal-centre/3746,industrial,direct_link
Fen Hing Industrial Building宏興工業大廈,/building/fen-hing-industrial-building/17384,industrial,direct_link
Fidelity Godown Company Limited實用貨倉有限公司,/building/fidelity-godown-company-limited/17328,industrial,direct_link
Fidelity Godown實用貨倉,/building/fidelity-godown/17361,industrial,direct_link
First Asia Tower第一亞洲中心,/building/first-asia-tower/12156,industrial,direct_link
Flourish Food Manufactory Centre榮華工業大廈,/building/flourish-food-manufactory-centre/15245,industrial,direct_link
Flourish Industrial Building宏力工業大廈,/building/flourish-industrial-building/3527,industrial,direct_link
Fo Tan Industrial Centre富騰工業中心,/building/fo-tan-industrial-centre/11171,industrial,direct_link
"Focal Industrial Centre, Block A富高工業中心A座",/building/focal-industrial-centre-block-a/8148,industrial,direct_link
"Focal Industrial Centre, Block B富高工業中心B座",/building/focal-industrial-centre-block-b/14614,industrial,direct_link
Fonda Industrial Building峯達工業大廈,/building/fonda-industrial-building/11182,industrial,direct_link
Fook Cheong Building福昌大廈,/building/fook-cheong-building/5587,industrial,direct_link
Fook Hing Factory Building復興工廠大廈,/building/fook-hing-factory-building/14458,industrial,direct_link
Fook Hong Industrial Building福康工業大廈,/building/fook-hong-industrial-building/15082,industrial,direct_link
Fook Shing Industrial Building福成工業大廈,/building/fook-shing-industrial-building/4837,industrial,direct_link
Fook Sing Factory Building福星工廠大廈,/building/fook-sing-factory-building/13499,industrial,direct_link
Fook Woo Group Building福和集團大廈,/building/fook-woo-group-building/16321,industrial,direct_link
Fook Yip Building福業大廈,/building/fook-yip-building/10489,industrial,direct_link
Ford Glory Plaza福源廣場,/building/ford-glory-plaza/5561,industrial,direct_link
Forda Industrial Building福達工業大廈,/building/forda-industrial-building/16925,industrial,direct_link
Fortune Factory Building Block A富誠工業大廈A座,/building/fortune-factory-building-block-a/4440,industrial,direct_link
Fortune Factory Building Block B富誠工業大廈 B座,/building/fortune-factory-building-block-b/4437,industrial,direct_link
Fortune Industrial Building福和工業大廈,/building/fortune-industrial-building/17385,industrial,direct_link
Fortune World Resource Co. Ltd富威資源有限公司,/building/fortune-world-resource-co-ltd/16273,industrial,direct_link
Fou Wah Industrial Building富華工業大廈,/building/fou-wah-industrial-building/16393,industrial,direct_link
Four Seas Group Building四洲集團大廈,/building/four-seas-group-building/16983,industrial,direct_link
Four Seas eFood Centre四洲食品網匯中心,/building/four-seas-efood-centre/17535,industrial,direct_link
Freder Centre飛達工商業中心,/building/freder-centre/4662,industrial,direct_link
Free Trade Centre佳貿中心,/building/free-trade-centre/7189,industrial,direct_link
Fu Cheung Centre富昌中心,/building/fu-cheung-centre/12479,industrial,direct_link
Fu Hang Industrial Building富恆工業大廈,/building/fu-hang-industrial-building/11157,industrial,direct_link
Fu Hop Factory building富合工廠大廈,/building/fu-hop-factory-building/4957,industrial,direct_link
Fu Wah Industrial Building富華工業大廈,/building/fu-wah-industrial-building/16894,industrial,direct_link
Fu Yuen Industrial Building富源工業大廈,/building/fu-yuen-industrial-building/12157,industrial,direct_link
Fuk Cheung Factory Building福昌工廠大廈,/building/fuk-cheung-factory-building/13503,industrial,direct_link
Fuk Chiu Factory Building福照工廠大廈,/building/fuk-chiu-factory-building/13443,industrial,direct_link
Fuk Hong Industrial Building福康工業大廈,/building/fuk-hong-industrial-building/6817,industrial,direct_link
Fuk Keung Industrial Building福強工業大廈,/building/fuk-keung-industrial-building/6819,industrial,direct_link
Fuk On Factory Building福安工廠大廈,/building/fuk-on-factory-building/2385,industrial,direct_link
Fuk Tsun Factory Building福全工廠大廈,/building/fuk-tsun-factory-building/13414,industrial,direct_link
Fuk Wo Industrial Building福和工業大廈,/building/fuk-wo-industrial-building/5403,industrial,direct_link
Full View Factory Building裕耀工廠大廈,/building/full-view-factory-building/6818,industrial,direct_link
Fullagar Industrial Building富嘉工業大廈,/building/fullagar-industrial-building/3948,industrial,direct_link
Fully Industrial Building富利工業大廈,/building/fully-industrial-building/17386,industrial,direct_link
Fun Tower天星中心,/building/fun-tower/4710,industrial,direct_link
Fung King Industrial Building馮敬工業大廈,/building/fung-king-industrial-building/12102,industrial,direct_link
Fung Nin Industrial Building豐年工業大廈,/building/fung-nin-industrial-building/13602,industrial,direct_link
Fung Yip Industrial Building豐業工業大廈,/building/fung-yip-industrial-building/4947,industrial,direct_link
Fung Yu Industrial Building鳳如工業大廈,/building/fung-yu-industrial-building/14771,industrial,direct_link
G2000 Warehouse Building縱橫二千貨倉大廈,/building/g2000-warehouse-building/16272,industrial,direct_link
GDS Data CentreGDS數據中心,/building/gds-data-centre/17948,industrial,direct_link
GR8 Inno Tech Centre廣域創科中心,/building/gr8-inno-tech-centre/7183,industrial,direct_link
Galaxy Factory Building嘉時工廠大廈,/building/galaxy-factory-building/4649,industrial,direct_link
Garment Centre製衣工業中心,/building/garment-centre/3310,industrial,direct_link
Gateway TS橋滙,/building/gateway-ts/16371,industrial,direct_link
Gee Chang Hong Centre志昌行中心,/building/gee-chang-hong-centre/3840,industrial,direct_link
Gee Chang Industrial Building志昌工業大樓,/building/gee-chang-industrial-building/5392,industrial,direct_link
Gee Fat Factory Building志發工廠大廈,/building/gee-fat-factory-building/13410,industrial,direct_link
Gee Hing Chang Industrial Building志興昌工業大廈,/building/gee-hing-chang-industrial-building/7434,industrial,direct_link
Gee Lok Industrial Building致樂工業大廈,/building/gee-lok-industrial-building/4753,industrial,direct_link
Gee Luen Chang Industrial Building志聯昌工業大樓,/building/gee-luen-chang-industrial-building/4831,industrial,direct_link
Gee Luen Factory Building志聯工廠大廈,/building/gee-luen-factory-building/4571,industrial,direct_link
Gee Tung Chang Industrial Building志同昌工業大廈,/building/gee-tung-chang-industrial-building/3799,industrial,direct_link
Gee Wing Chang Industrial Building志榮昌工業大廈,/building/gee-wing-chang-industrial-building/3797,industrial,direct_link
Gemmy Development Industrial Building精棉發展工業大廈,/building/gemmy-development-industrial-building/16339,industrial,direct_link
Gemmy Factory Building精棉工業大廈,/building/gemmy-factory-building/4707,industrial,direct_link
Gemstar Tower駿昇中心,/building/gemstar-tower/8147,industrial,direct_link
Genplas Factory Building大眾工業大廈,/building/genplas-factory-building/5603,industrial,direct_link
Glee Industrial Building致利工業大廈,/building/glee-industrial-building/8052,industrial,direct_link
Global Gateway Tower,/building/global-gateway-tower/5572,industrial,direct_link
Global Trade Centre宏貿中心,/building/global-trade-centre/8038,industrial,direct_link
Glory Industrial Building光榮工業大廈,/building/glory-industrial-building/4444,industrial,direct_link
Gold King Industrial Building金基工業大廈,/building/gold-king-industrial-building/4510,industrial,direct_link
Gold Way Industrial Centre Block A高威工業中心A座,/building/gold-way-industrial-centre-block-a/17362,industrial,direct_link
Gold Way Industrial Centre Block B高威工業中心B座,/building/gold-way-industrial-centre-block-b/17363,industrial,direct_link
Golden Bear Industrial Centre金熊工業中心,/building/golden-bear-industrial-centre/8047,industrial,direct_link
Golden Dragon Industrial Centre Block 1金龍工業中心第一座,/building/golden-dragon-industrial-centre-block-1/4511,industrial,direct_link
Golden Dragon Industrial Centre Block 2金龍工業中心第二座,/building/golden-dragon-industrial-centre-block-2/4517,industrial,direct_link
Golden Dragon Industrial Centre Block 3金龍工業中心第三座,/building/golden-dragon-industrial-centre-block-3/17329,industrial,direct_link
Golden Dragon Industrial Centre Block 4金龍工業中心第四座,/building/golden-dragon-industrial-centre-block-4/4518,industrial,direct_link
Golden Industrial Building Tower 1金德工業大廈一座,/building/golden-industrial-building-tower-1/8099,industrial,direct_link
Golden Industrial Building Tower 2金德工業大廈二座,/building/golden-industrial-building-tower-2/8098,industrial,direct_link
Golden Resources Centre金源中心,/building/golden-resources-centre/8064,industrial,direct_link
Golden Sunflower Industrial Building金葵工業大廈,/building/golden-sunflower-industrial-building/12106,industrial,direct_link
Golden Town Industrial Building錦城工業大廈,/building/golden-town-industrial-building/17449,industrial,direct_link
Goldfield Industrial Building Block 1金豐工業大廈1期,/building/goldfield-industrial-building-block-1/17494,industrial,direct_link
Goldfield Industrial Building Block 2金豐工業大廈2期,/building/goldfield-industrial-building-block-2/4516,industrial,direct_link
Goldfield Industrial Centre豐利工業中心,/building/goldfield-industrial-centre/7262,industrial,direct_link
Goldlion Holdings Centre金利來集團中心,/building/goldlion-holdings-centre/6469,industrial,direct_link
Good Ba Ba Hitech Building好爸爸創科大廈,/building/good-ba-ba-hitech-building/17364,industrial,direct_link
Good Harvest Centre豐盈工貿中心,/building/good-harvest-centre/16303,industrial,direct_link
Good Harvest Industrial Building好收成工業大廈,/building/good-harvest-industrial-building/16334,industrial,direct_link
Good Luck Industrial Building好運工業大廈,/building/good-luck-industrial-building/4613,industrial,direct_link
Goodluck Industrial Centre好運工業中心,/building/goodluck-industrial-centre/7376,industrial,direct_link
Goodman Dynamic Centre嘉民達力中心,/building/goodman-dynamic-centre/7796,industrial,direct_link
Goodman Global Gateway嘉民國際訊通中心,/building/goodman-global-gateway/7799,industrial,direct_link
Goodman Interlink嘉民領達中心,/building/goodman-interlink/16864,industrial,direct_link
Goodman Kwai Chung Logistics Centre嘉民葵涌物流中心,/building/goodman-kwai-chung-logistics-centre/13684,industrial,direct_link
Goodman Shatin Logistics Centre Phase 1嘉民沙田物流中心第一期,/building/goodman-shatin-logistics-centre-phase-1/12473,industrial,direct_link
Goodman Shatin Logistics Centre Phase 2嘉民沙田物流中心第二期,/building/goodman-shatin-logistics-centre-phase-2/12477,industrial,direct_link
Goodman Texaco Centre嘉民德高中心,/building/goodman-texaco-centre/5323,industrial,direct_link
Goodman Tsuen Wan Centre嘉民荃灣中心,/building/goodman-tsuen-wan-centre/8166,industrial,direct_link
Goodman Tuen Mun Distribution Centre Block 2嘉民屯門物流中心2座,/building/goodman-tuen-mun-distribution-centre-block-2/11297,industrial,direct_link
Goodman Tuen Mun Distrubution Centre Block 1嘉民屯門物流中心1座,/building/goodman-tuen-mun-distrubution-centre-block-1/11296,industrial,direct_link
Goodman Western Plaza嘉民環宇物流廣場,/building/goodman-western-plaza/11948,industrial,direct_link
Goodman Westlink,/building/goodman-westlink/17766,industrial,direct_link
Goodman Yuen Long Logistics Centre嘉民元朗物流中心,/building/goodman-yuen-long-logistics-centre/13026,industrial,direct_link
Goodview Industrial Building好景工業大廈,/building/goodview-industrial-building/16353,industrial,direct_link
Goodwill Industrial Building信義工業大廈,/building/goodwill-industrial-building/11567,industrial,direct_link
Grace Industrial Building基利士工業大廈,/building/grace-industrial-building/16304,industrial,direct_link
Grand Business Plaza偉業中心,/building/grand-business-plaza/17387,industrial,direct_link
Grand Industrial Building華寶工業大廈,/building/grand-industrial-building/7893,industrial,direct_link
Grand Marine Center大洋中心,/building/grand-marine-center/11566,industrial,direct_link
Grandion Plaza興迅廣場,/building/grandion-plaza/6316,industrial,direct_link
Grandtech Centre偉達中心,/building/grandtech-centre/7457,industrial,direct_link
Gravity萬有引力,/building/gravity/7888,industrial,direct_link
Great Wall Factory Building長城工廠大廈,/building/great-wall-factory-building/8018,industrial,direct_link
Guardforce Centre衛安中心,/building/guardforce-centre/11159,industrial,direct_link
Gunzetal Building金泰線大廈,/building/gunzetal-building/16385,industrial,direct_link
H.S.Chan Building陳漢深商行大廈,/building/h-s-chan-building/17390,industrial,direct_link
HD Engineering Limited漢基機械,/building/hd-engineering-limited/16297,industrial,direct_link
HK JEBN Group Center樓上集團中心,/building/hk-jebn-group-center/8033,industrial,direct_link
HKI Building香江國際工商大廈,/building/hki-building/4716,industrial,direct_link
HKTV Mall Logistics CentreHKTV 屯門物流中心,/building/hktv-mall-logistics-centre/17477,industrial,direct_link
HYC興業中心,/building/hyc/5333,industrial,direct_link
Ha Lung Industrial Building合隆工業大廈,/building/ha-lung-industrial-building/3846,industrial,direct_link
Hale Weal Industrial Building合福工業大廈,/building/hale-weal-industrial-building/15228,industrial,direct_link
Hang Cheong Centre恒昌中心,/building/hang-cheong-centre/12301,industrial,direct_link
Hang Cheong Factory Building恆昌工廠大廈,/building/hang-cheong-factory-building/13050,industrial,direct_link
Hang Fung Industrial Building Phase 1恒豐工業大廈1期,/building/hang-fung-industrial-building-phase-1/4544,industrial,direct_link
Hang Fung Industrial Building Phase 2恒豐工業大廈2期,/building/hang-fung-industrial-building-phase-2/17415,industrial,direct_link
Hang Seng Centre恆生中心,/building/hang-seng-centre/12120,industrial,direct_link
Hang Wai Industrial Centre Block A恒威工業中心 A座,/building/hang-wai-industrial-centre-block-a/16340,industrial,direct_link
Hang Wai Industrial Centre Block B恒威工業中心 B座,/building/hang-wai-industrial-centre-block-b/17481,industrial,direct_link
Hang Wai Industrial Centre Block C恒威工業中心 C座,/building/hang-wai-industrial-centre-block-c/17482,industrial,direct_link
Hanway Industrial Building匯恒工業大廈,/building/hanway-industrial-building/11946,industrial,direct_link
Harbour Centre Tower 1維港中心第一座,/building/harbour-centre-tower-1/7456,industrial,direct_link
Harbour Centre Tower 2維港中心第二座,/building/harbour-centre-tower-2/7455,industrial,direct_link
Harbour Industrial Centre港灣工貿中心,/building/harbour-industrial-centre/11548,industrial,direct_link
Harbour Sky海迪中心,/building/harbour-sky/4685,industrial,direct_link
Haribest Industrial Building喜利佳工業大廈,/building/haribest-industrial-building/11177,industrial,direct_link
Harrington Building海林大廈,/building/harrington-building/12151,industrial,direct_link
Harry Industrial Building協力工業大廈,/building/harry-industrial-building/11176,industrial,direct_link
Hay Nien Building禧年大廈,/building/hay-nien-building/4533,industrial,direct_link
Health Works (Group) Centre健康工房(集團)中心,/building/health-works-group-centre/17005,industrial,direct_link
Heng Hing Industrial Building恒興工業大廈,/building/heng-hing-industrial-building/16288,industrial,direct_link
Heng Ngai Jewelry Centre恒藝珠寶大廈,/building/heng-ngai-jewelry-centre/11158,industrial,direct_link
Heng Sang Industrial Building恆生工業大廈,/building/heng-sang-industrial-building/4954,industrial,direct_link
Henley Industrial Centre恒利中心,/building/henley-industrial-centre/13442,industrial,direct_link
Henry Centre恆利中心,/building/henry-centre/7894,industrial,direct_link
Hensey Industrial Building興時工業大廈,/building/hensey-industrial-building/17330,industrial,direct_link
Heraeus Technology Centre賀利氏科技中心,/building/heraeus-technology-centre/16307,industrial,direct_link
Heung Wah Industrial Building香華工業大廈,/building/heung-wah-industrial-building/3822,industrial,direct_link
Hewlett Centre豐利中心,/building/hewlett-centre/5594,industrial,direct_link
Hi Tech Centre深港中心,/building/hi-tech-centre/16285,industrial,direct_link
Hi Yip Factory Building喜業工廠大廈,/building/hi-yip-factory-building/17450,industrial,direct_link
Hi-Speed Centre 1海迅中心1座,/building/hi-speed-centre-1/16313,industrial,direct_link
Hi-Tech Industrial Centre Blk A嘉力工業中心A座,/building/hi-tech-industrial-centre-blk-a/13721,industrial,direct_link
Hi-Tech Industrial Centre Blk B嘉力工業中心B座,/building/hi-tech-industrial-centre-blk-b/13707,industrial,direct_link
High Win Factory Building凱源工業大廈,/building/high-win-factory-building/5589,industrial,direct_link
Hilder Centre富德中心,/building/hilder-centre/12508,industrial,direct_link
Hing Fung Printing & Dyeing Factory Ltd慶豐印染廠有限公司,/building/hing-fung-printing-dyeing-factory-ltd/16392,industrial,direct_link
Hing Lee Industrial Building興利工業大廈,/building/hing-lee-industrial-building/12304,industrial,direct_link
Hing Wah Industrial Building興華工業大廈,/building/hing-wah-industrial-building/16892,industrial,direct_link
Hing Wai Centre興偉中心,/building/hing-wai-centre/6173,industrial,direct_link
Hing Wai Ice & Cold Storage Building興偉冰廠凍房,/building/hing-wai-ice-cold-storage-building/6171,industrial,direct_link
Hing Win Factory Building興運工業大廈,/building/hing-win-factory-building/4612,industrial,direct_link
Hing Yip Centre興業中心,/building/hing-yip-centre/13605,industrial,direct_link
Hip Wo Industrial Building協和工業大廈,/building/hip-wo-industrial-building/2390,industrial,direct_link
Ho King Factory Building好景工業大廈,/building/ho-king-factory-building/17388,industrial,direct_link
Ho Lik Centre豪力中心,/building/ho-lik-centre/6423,industrial,direct_link
Hoi Bun Industrial Building海濱工業大廈,/building/hoi-bun-industrial-building/4848,industrial,direct_link
Hoi Cheung industrial building凱昌工業大廈,/building/hoi-cheung-industrial-building/11291,industrial,direct_link
Hoi Luen Industrial Centre Block A開聯工業中心A座,/building/hoi-luen-industrial-centre-block-a/5595,industrial,direct_link
Hoi Luen Industrial Centre Block B開聯工業中心B座,/building/hoi-luen-industrial-centre-block-b/5585,industrial,direct_link
Hoi Tai Factory Estate開泰工廠大廈,/building/hoi-tai-factory-estate/16346,industrial,direct_link
Honfield Industrial Building康耀工業大廈,/building/honfield-industrial-building/16300,industrial,direct_link
Hong Kong (Chai Wan) Industrial Building香港(柴灣)工業大廈,/building/hong-kong-chai-wan-industrial-building/4446,industrial,direct_link
Hong Kong Baptist Hospital Support Services Centre香港浸信會醫院後勤中心,/building/hong-kong-baptist-hospital-support-services-centre/11512,industrial,direct_link
Hong Kong Commercial Daily Building香港商報大廈,/building/hong-kong-commercial-daily-building/17389,industrial,direct_link
Hong Kong Industrial Building香港工業大廈,/building/hong-kong-industrial-building/843,industrial,direct_link
Hong Kong Industrial Centre Block A香港工業中心A座,/building/hong-kong-industrial-centre-block-a/3295,industrial,direct_link
Hong Kong Industrial Centre Block B香港工業中心B座,/building/hong-kong-industrial-centre-block-b/3388,industrial,direct_link
Hong Kong Industrial Centre Block C香港工業中心C座,/building/hong-kong-industrial-centre-block-c/3286,industrial,direct_link
Hong Kong Manufacturing Building香港企業大廈,/building/hong-kong-manufacturing-building/4937,industrial,direct_link
"Hong Kong Spinners Industrial Building Phase 1 & 2香港紗廠工業大廈第一, 二期",/building/hong-kong-spinners-industrial-building-phase-1-2/6331,industrial,direct_link
Hong Kong Spinners Industrial Building Phase 5香港紗廠工業大廈第五期,/building/hong-kong-spinners-industrial-building-phase-5/3338,industrial,direct_link
Hong Kong Worsted Mills Industrial Building香港毛紡工業大廈,/building/hong-kong-worsted-mills-industrial-building/7911,industrial,direct_link
Hong Leong Industry Complex豐隆工業中心,/building/hong-leong-industry-complex/4495,industrial,direct_link
Hong Leong Plaza (Phase II)豐隆廣場(二期),/building/hong-leong-plaza-phase-ii/11516,industrial,direct_link
Hong Leong Plaza(Phase I)豐隆廣場(一期),/building/hong-leong-plaza-phase-i/11515,industrial,direct_link
Hong Man Industrial Centre康民工業中心,/building/hong-man-industrial-centre/11198,industrial,direct_link
Hong Tai Building康泰工廈,/building/hong-tai-building/8077,industrial,direct_link
Honour Industrial Centre安力工業中心,/building/honour-industrial-centre/4140,industrial,direct_link
Hop Hing Industrial Building合興工業大廈,/building/hop-hing-industrial-building/3379,industrial,direct_link
Hop Lung Factory Building合隆工廠大廈,/building/hop-lung-factory-building/11787,industrial,direct_link
Hop Ming Factory Building合明工廠大廈,/building/hop-ming-factory-building/5656,industrial,direct_link
Hop Shi Factory Building合時工廠大廈,/building/hop-shi-factory-building/14460,industrial,direct_link
Hope Sea Industrial Centre富洋工業中心,/building/hope-sea-industrial-centre/5547,industrial,direct_link
Hopeful Factory Centre海輝工業中心,/building/hopeful-factory-centre/7001,industrial,direct_link
Hopeful Godown合豐貨倉,/building/hopeful-godown/17365,industrial,direct_link
Hopewell Logistics Centre合和建材中心,/building/hopewell-logistics-centre/16486,industrial,direct_link
Hoplite Industrial Centre Block A合力工業中心A座,/building/hoplite-industrial-centre-block-a/5253,industrial,direct_link
Hoplite Industrial Centre Block B合力工業中心B座,/building/hoplite-industrial-centre-block-b/5254,industrial,direct_link
Horizon East東傲,/building/horizon-east/17467,industrial,direct_link
Horizon Sea海傲,/building/horizon-sea/17694,industrial,direct_link
Hou Feng Industrial Building厚豐工業大廈,/building/hou-feng-industrial-building/8042,industrial,direct_link
House of Corona寶冠大廈,/building/house-of-corona/4742,industrial,direct_link
Houston Industrial Building興盛工業大廈,/building/houston-industrial-building/8156,industrial,direct_link
Houtex Industrial Building志成工業大廈,/building/houtex-industrial-building/4728,industrial,direct_link
Hover Industrial Building豪華工業大廈,/building/hover-industrial-building/6831,industrial,direct_link
How Ming Factory Building巧明工廠大廈,/building/how-ming-factory-building/4605,industrial,direct_link
Howard Factory Building巧運工業大廈,/building/howard-factory-building/7185,industrial,direct_link
Hundsun International Center恒雲國際中心,/building/hundsun-international-center/3814,industrial,direct_link
Hung Cheong Factory Building鴻昌工廠大廈,/building/hung-cheong-factory-building/16376,industrial,direct_link
Hung Cheung Industrial Centre (Phase 1)鴻昌工業中心(第一期),/building/hung-cheung-industrial-centre-phase-1/16327,industrial,direct_link
Hung Cheung Industrial Centre (Phase 2)鴻昌工業中心(第二期),/building/hung-cheung-industrial-centre-phase-2/16328,industrial,direct_link
Hung Fuk Factory Building鴻福工廠大廈,/building/hung-fuk-factory-building/17391,industrial,direct_link
Hung Mou Industrial Building鴻懋工業大廈,/building/hung-mou-industrial-building/4763,industrial,direct_link
Hung Shing Industrial Building鴻盛工業大廈,/building/hung-shing-industrial-building/17392,industrial,direct_link
Hung Tai Industrial Building鴻泰工業大廈,/building/hung-tai-industrial-building/4724,industrial,direct_link
Hung Tat Industrial Building鴻達工業大廈,/building/hung-tat-industrial-building/4759,industrial,direct_link
Hung To Industrial Building鴻圖工業大廈,/building/hung-to-industrial-building/4712,industrial,direct_link
Hung Wai Industrial Building雄偉工業大廈,/building/hung-wai-industrial-building/16893,industrial,direct_link
Hutchison Logistics Centre和黃物流中心,/building/hutchison-logistics-centre/7021,industrial,direct_link
IPC CentreIPC中心,/building/ipc-centre/16265,industrial,direct_link
Ids Li Fung Centre利和利豐中心,/building/ids-li-fung-centre/7458,industrial,direct_link
International Industrial Building國際工業大廈,/building/international-industrial-building/5354,industrial,direct_link
International Industrial Centre國際工業中心,/building/international-industrial-centre/16322,industrial,direct_link
International Trade Centre達貿中心,/building/international-trade-centre/6420,industrial,direct_link
Island Industrial Building金堡工業大廈,/building/island-industrial-building/12116,industrial,direct_link
JC Tower偉業街91號,/building/jc-tower/4919,industrial,direct_link
Jetta House鎮泰中心,/building/jetta-house/16319,industrial,direct_link
Jing Hin Godown (Yuen Long) Ltd正興貨倉,/building/jing-hin-godown-yuen-long-ltd/8184,industrial,direct_link
Jing Hin Industrisl Building正興工業大廈,/building/jing-hin-industrisl-building/16263,industrial,direct_link
Jing Ho Industrial Building正好工業大厦,/building/jing-ho-industrial-building/8154,industrial,direct_link
Johnson Industrial Mansion祥順工業大廈,/building/johnson-industrial-mansion/4579,industrial,direct_link
Join In Hang Sing Centre鍾意恆勝中心,/building/join-in-hang-sing-centre/7253,industrial,direct_link
Joint Venture Factory Building聯運工業大廈,/building/joint-venture-factory-building/4717,industrial,direct_link
Jone Mult Industrial Building中懋工業大廈,/building/jone-mult-industrial-building/4953,industrial,direct_link
Joy Fat Factory Bldg再發工廠大廈,/building/joy-fat-factory-bldg/3289,industrial,direct_link
Jumbo Industrial Building金寶工業大廈,/building/jumbo-industrial-building/17393,industrial,direct_link
Jumbo Plaza珍寶廣場,/building/jumbo-plaza/16284,industrial,direct_link
Jumbo iAdvantage,/building/jumbo-iadvantage/7801,industrial,direct_link
K&M Group Centre金馬集團中心,/building/k-m-group-centre/17471,industrial,direct_link
K.K. Industrial Building金鍚工業大廈,/building/k-k-industrial-building/4657,industrial,direct_link
KMB Overhaul Centre九巴屯門總修中心,/building/kmb-overhaul-centre/16341,industrial,direct_link
KT 336觀塘道336號,/building/kt-336/4592,industrial,direct_link
KTA Centre廣泰中心,/building/kta-centre/16302,industrial,direct_link
Ka Ming Factory Building嘉名工廠大廈,/building/ka-ming-factory-building/3291,industrial,direct_link
Ka To Factory Building嘉圖工廠大廈,/building/ka-to-factory-building/7430,industrial,direct_link
Ka Wing Factory Building嘉榮工廠大廈,/building/ka-wing-factory-building/11465,industrial,direct_link
Kader Building開達大廈,/building/kader-building/4620,industrial,direct_link
Kai Bo 22佳寶22,/building/kai-bo-22/8040,industrial,direct_link
Kai Bo Group Centre佳宝集團中心,/building/kai-bo-group-centre/17367,industrial,direct_link
Kai Fuk Industrial Centre啟福工業中心,/building/kai-fuk-industrial-centre/11543,industrial,direct_link
Kai It Building蓋一大廈,/building/kai-it-building/4659,industrial,direct_link
Kai Tak Factory Building Stage 1啟德工廠大廈第一期,/building/kai-tak-factory-building-stage-1/13283,industrial,direct_link
Kai Tak Factory Building Stage 2啟德工廠大廈第二期,/building/kai-tak-factory-building-stage-2/13272,industrial,direct_link
Kai Yip Factory Building啟業工廠大廈,/building/kai-yip-factory-building/16604,industrial,direct_link
Kailey Industrial Centre Block A啟力工業大廈A座,/building/kailey-industrial-centre-block-a/3800,industrial,direct_link
Kailey Industrial Centre Block B啟力工業大廈B座,/building/kailey-industrial-centre-block-b/3801,industrial,direct_link
Kaiser Estate Phase 1凱旋工商中心第一期,/building/kaiser-estate-phase-1/6861,industrial,direct_link
Kaiser Estate Phase 2凱旋工商中心第二期,/building/kaiser-estate-phase-2/6856,industrial,direct_link
Kaiser Estate Phase 3凱旋工商中心第三期,/building/kaiser-estate-phase-3/4540,industrial,direct_link
Kam Bun Industrial Building錦濱工業大廈,/building/kam-bun-industrial-building/12139,industrial,direct_link
Kam Chung Factory Building金涌工業大廈,/building/kam-chung-factory-building/12104,industrial,direct_link
Kam Foo Industrial Building金富工業大廈,/building/kam-foo-industrial-building/11472,industrial,direct_link
Kam Hon Industrial Building金漢工業大廈,/building/kam-hon-industrial-building/3528,industrial,direct_link
Kam Lung Centre錦龍中心,/building/kam-lung-centre/17297,industrial,direct_link
Kam Man Fung Factory Building金萬豐工業大廈,/building/kam-man-fung-factory-building/11200,industrial,direct_link
Kam Shing industrial Building金城工業大廈,/building/kam-shing-industrial-building/12145,industrial,direct_link
Kam Teem Industrial Building錦添工業大廈,/building/kam-teem-industrial-building/612,industrial,direct_link
Kan Kee Warehouse根記貨庫,/building/kan-kee-warehouse/12055,industrial,direct_link
Kantone Centre看通中心,/building/kantone-centre/4449,industrial,direct_link
Kapok Industrial Building紅棉工業大廈,/building/kapok-industrial-building/5306,industrial,direct_link
Kar Chau Industrial Building嘉就工業大廈,/building/kar-chau-industrial-building/5400,industrial,direct_link
Kar Wah Industrial Building嘉華工業大廈,/building/kar-wah-industrial-building/7889,industrial,direct_link
Karin Building嘉靈大廈,/building/karin-building/17394,industrial,direct_link
Kawada Plaza II川田工貿廣場2期,/building/kawada-plaza-ii/17472,industrial,direct_link
Kawada Plaza川田工貿廣場,/building/kawada-plaza/16315,industrial,direct_link
Keader Centre基達中心,/building/keader-centre/17451,industrial,direct_link
Kee Wah Industrial Building奇華工業大廈,/building/kee-wah-industrial-building/3375,industrial,direct_link
Keen Match Centre嘉合發展中心,/building/keen-match-centre/17379,industrial,direct_link
Kenning Industrial Building健力工業大廈,/building/kenning-industrial-building/4550,industrial,direct_link
Kentucky Industrial Building根德工業大廈,/building/kentucky-industrial-building/17333,industrial,direct_link
Kerry Cargo Centre嘉里貨運中心,/building/kerry-cargo-centre/16485,industrial,direct_link
Kerry Hung Kai Warehouse嘉里鴻基貨倉,/building/kerry-hung-kai-warehouse/12996,industrial,direct_link
Kerry Kwai Chung Warehouse嘉里葵涌貨倉,/building/kerry-kwai-chung-warehouse/17660,industrial,direct_link
Kerry TC Warehouse 1嘉里溫控貨倉1,/building/kerry-tc-warehouse-1/16497,industrial,direct_link
Kerry TC Warehouse 2嘉里溫控貨倉2,/building/kerry-tc-warehouse-2/17369,industrial,direct_link
Kerry Tsuen Wan Warehouse嘉里荃灣貨倉,/building/kerry-tsuen-wan-warehouse/17368,industrial,direct_link
Kerry Warehouse嘉里貨倉,/building/kerry-warehouse/16266,industrial,direct_link
Kevin Wong Development Building華凱發展大廈,/building/kevin-wong-development-building/4535,industrial,direct_link
Keysky Industrial Building天順工業大廈,/building/keysky-industrial-building/4946,industrial,direct_link
Khora宏創方,/building/khora/12316,industrial,direct_link
Kimball Industrial Building建邦工業大廈,/building/kimball-industrial-building/4916,industrial,direct_link
Kimberland Center金百盛中心,/building/kimberland-center/5566,industrial,direct_link
Kin Fat Industrial Centre建發工業中心,/building/kin-fat-industrial-centre/16354,industrial,direct_link
Kin Ga Industrial Building堅基工業大廈,/building/kin-ga-industrial-building/11942,industrial,direct_link
Kin Hing Industrial Building建興工業大廈,/building/kin-hing-industrial-building/16911,industrial,direct_link
Kin Ho Industrial Building Block 1金豪工業大厦第一座,/building/kin-ho-industrial-building-block-1/11172,industrial,direct_link
Kin Ho Industrial Building Block 2金豪工業大厦第二座,/building/kin-ho-industrial-building-block-2/11173,industrial,direct_link
Kin Luen Factory Building建聯工廠大廈,/building/kin-luen-factory-building/8078,industrial,direct_link
Kin Sang Industrial Building建生工業大廈,/building/kin-sang-industrial-building/4910,industrial,direct_link
Kin Tak Fung Industrial Building建德豐工業大廈,/building/kin-tak-fung-industrial-building/4949,industrial,direct_link
Kin Teck Industrial Building建德工業大廈,/building/kin-teck-industrial-building/3849,industrial,direct_link
Kin Wing Industrial Building建榮工業大廈,/building/kin-wing-industrial-building/12495,industrial,direct_link
Kinetic Industrial Centre興力工業中心,/building/kinetic-industrial-centre/4500,industrial,direct_link
King Center嘉慶中心,/building/king-center/17040,industrial,direct_link
King Wan Industrial Building景雲大廈,/building/king-wan-industrial-building/4715,industrial,direct_link
King Win Factory Building敬運工業大廈,/building/king-win-factory-building/11206,industrial,direct_link
King Yip Factory Building敬業工廠大廈,/building/king-yip-factory-building/11201,industrial,direct_link
Kinglet Industrial Building群力工業大廈,/building/kinglet-industrial-building/8036,industrial,direct_link
Kingley Industrial Building Block 1金來工業大廈一座,/building/kingley-industrial-building-block-1/6787,industrial,direct_link
Kingley Industrial Building Block 2金來工業大廈二座,/building/kingley-industrial-building-block-2/6788,industrial,direct_link
Kingsford Industrial Building Phase 1金發工業大廈一期,/building/kingsford-industrial-building-phase-1/7341,industrial,direct_link
Kingsford Industrial Building Phase 2金發工業大廈二期,/building/kingsford-industrial-building-phase-2/7340,industrial,direct_link
Kingsford Industrial Centre景發工業中心,/building/kingsford-industrial-centre/4548,industrial,direct_link
Kingsun Computer Industrial Building金山電腦大廈,/building/kingsun-computer-industrial-building/5987,industrial,direct_link
Kingsway Industrial Building Phase II金威工業大廈第二期,/building/kingsway-industrial-building-phase-ii/17540,industrial,direct_link
Kingsway Industrial Building Phase I金威工業大廈第一期,/building/kingsway-industrial-building-phase-i/7899,industrial,direct_link
Kingswin Industrial Building Block 1金運工業大廈第一座,/building/kingswin-industrial-building-block-1/7621,industrial,direct_link
Kingswin Industrial Building Block 2金運工業大廈第二座,/building/kingswin-industrial-building-block-2/17334,industrial,direct_link
Kinox Centre建業中心,/building/kinox-centre/4726,industrial,direct_link
Kinwah Factory Building建華工業大廈,/building/kinwah-factory-building/4506,industrial,direct_link
Kiu Kwong Industrial Building僑光工業大廈,/building/kiu-kwong-industrial-building/17335,industrial,direct_link
Kmb Tuen Mun Depot九巴車廠,/building/kmb-tuen-mun-depot/16342,industrial,direct_link
Knapwood Industrial Building艾域林工業大廈,/building/knapwood-industrial-building/4744,industrial,direct_link
Ko Fai Industrial Building Block A高輝工業大廈A座,/building/ko-fai-industrial-building-block-a/5613,industrial,direct_link
Ko Fai Industrial Building Block B高輝工業大廈B座,/building/ko-fai-industrial-building-block-b/5608,industrial,direct_link
Ko Fai Industrial Building Block C高輝工業大廈C座,/building/ko-fai-industrial-building-block-c/5610,industrial,direct_link
Ko Leung Industrial Building高良工業大廈,/building/ko-leung-industrial-building/4532,industrial,direct_link
Kong Nam Industrial Building (Block A)江南工業大廈(A座),/building/kong-nam-industrial-building-block-a/3366,industrial,direct_link
Kong Nam Industrial Building (Block B)江南工業大廈(B座),/building/kong-nam-industrial-building-block-b/3404,industrial,direct_link
Kong Sheng Factory Building恭誠工廠大廈,/building/kong-sheng-factory-building/7892,industrial,direct_link
Konnect Smart Logistics Centrev凱聯溫控智庫,/building/konnect-smart-logistics-centrev/16483,industrial,direct_link
Koon Wah Building冠華大廈,/building/koon-wah-building/6468,industrial,direct_link
Koon Wah Mirror Factory (6TH)  Industrial Building Block 2冠華鏡廠(第六)工業大廈第二座,/building/koon-wah-mirror-factory-6th-industrial-building-block-2/11289,industrial,direct_link
Koon Wah Mirror Factory (6TH) Industrial Building Block 1冠華鏡廠(第六)工業大廈第一座,/building/koon-wah-mirror-factory-6th-industrial-building-block-1/11288,industrial,direct_link
Koon Wo Industrial Building冠和工業大廈,/building/koon-wo-industrial-building/11477,industrial,direct_link
Kowloon Bay Industrial Centre九龍灣工業中心,/building/kowloon-bay-industrial-centre/4547,industrial,direct_link
Kowloon Godown九龍貨倉,/building/kowloon-godown/4765,industrial,direct_link
Kras Asia Industrial Building嘉士亞洲工業大廈,/building/kras-asia-industrial-building/4751,industrial,direct_link
Kui Kwoon Industrial Centre鉅冠工業中心,/building/kui-kwoon-industrial-centre/11947,industrial,direct_link
Kung Yuen Weaving Factory公源商標織造廠,/building/kung-yuen-weaving-factory/3384,industrial,direct_link
Kut Shing Building吉勝大廈,/building/kut-shing-building/13255,industrial,direct_link
Kwai Bo Industrial Building貴寶工業大廈,/building/kwai-bo-industrial-building/3825,industrial,direct_link
Kwai Bon Logistics Centre桂邦物流中心,/building/kwai-bon-logistics-centre/17370,industrial,direct_link
Kwai Cheong Centre葵昌中心,/building/kwai-cheong-centre/6828,industrial,direct_link
Kwai Fong Industrial Building貴豐工業大廈,/building/kwai-fong-industrial-building/6830,industrial,direct_link
Kwai Hing Industrial Building葵興工業大廈,/building/kwai-hing-industrial-building/13856,industrial,direct_link
Kwai Shing Industrial Building Phase 1貴盛工業大廈1期,/building/kwai-shing-industrial-building-phase-1/4509,industrial,direct_link
Kwai Shing Industrial Building Phase 2貴盛工業大廈2期,/building/kwai-shing-industrial-building-phase-2/4508,industrial,direct_link
Kwai Shun Industrial Centre葵順工業中心,/building/kwai-shun-industrial-centre/7252,industrial,direct_link
Kwai Tak Industrial Centre Block 1葵德工業中心第一座,/building/kwai-tak-industrial-centre-block-1/8102,industrial,direct_link
Kwai Tak Industrial Centre Block 2葵德工業中心第二座,/building/kwai-tak-industrial-centre-block-2/8100,industrial,direct_link
Kwai Wan Industrial Building葵灣工業大廈,/building/kwai-wan-industrial-building/8039,industrial,direct_link
Kwai Wu Industrial Building葵匯工業大廈,/building/kwai-wu-industrial-building/11467,industrial,direct_link
Kwong Ga Factory Building廣基工廠大廈,/building/kwong-ga-factory-building/4287,industrial,direct_link
Kwong Kin Trade Centre廣建貿易中心,/building/kwong-kin-trade-centre/16350,industrial,direct_link
Kwong Sang Hong Centre廣生行中心,/building/kwong-sang-hong-centre/5368,industrial,direct_link
Kwong Sun Hong Godown廣新行貨倉有限公司(第四倉),/building/kwong-sun-hong-godown/16301,industrial,direct_link
Kwong Tai Factory Building廣大工廠大廈,/building/kwong-tai-factory-building/6257,industrial,direct_link
Kwun Kee Tailor Industrial Centre觀奇洋服工業中心,/building/kwun-kee-tailor-industrial-centre/17395,industrial,direct_link
Kwun Tong Industrial Centre Phase 1觀塘工業中心第一期,/building/kwun-tong-industrial-centre-phase-1/4590,industrial,direct_link
Kwun Tong Industrial Centre Phase 2觀塘工業中心第二期,/building/kwun-tong-industrial-centre-phase-2/4563,industrial,direct_link
Kwun Tong Industrial Centre Phase 3觀塘工業中心第三期,/building/kwun-tong-industrial-centre-phase-3/4564,industrial,direct_link
Kwun Tong Industrial Centre Phase 4觀塘工業中心第四期,/building/kwun-tong-industrial-centre-phase-4/4559,industrial,direct_link
Lai Cheong Factory Building麗昌工廠大廈,/building/lai-cheong-factory-building/3300,industrial,direct_link
Lai Sun Yuen Long Centre麗新元朗中心,/building/lai-sun-yuen-long-centre/11282,industrial,direct_link
Lamex Warehouse美時貨倉,/building/lamex-warehouse/16308,industrial,direct_link
Lanton Industrial Building連順工業大廈,/building/lanton-industrial-building/4950,industrial,direct_link
Lap Shun Industrial Building立信工業大廈,/building/lap-shun-industrial-building/8063,industrial,direct_link
Larch Industrial Building洋松工業大廈,/building/larch-industrial-building/8084,industrial,direct_link
Laurels Industrial Centre泰力工業中心,/building/laurels-industrial-centre/7927,industrial,direct_link
Lead On Industrial Building立安工業大廈,/building/lead-on-industrial-building/11457,industrial,direct_link
Leader Centre利達中心,/building/leader-centre/3838,industrial,direct_link
Leader Industrial Centre Phase 1立泰工業中心(第1座),/building/leader-industrial-centre-phase-1/5343,industrial,direct_link
Leader Industrial Centre Phase 2立泰工業中心(第2座),/building/leader-industrial-centre-phase-2/5347,industrial,direct_link
Leader Industrial Centre利達工業中心,/building/leader-industrial-centre/11184,industrial,direct_link
Leahander Centre利興強中心,/building/leahander-centre/16382,industrial,direct_link
Leapont Centre聯邦中心,/building/leapont-centre/12465,industrial,direct_link
Lee Chung Industrial Building利中工業大廈,/building/lee-chung-industrial-building/16430,industrial,direct_link
Lee Fund Centre利基中心,/building/lee-fund-centre/3808,industrial,direct_link
Lee Ka Industrial Building利嘉工業大廈,/building/lee-ka-industrial-building/11454,industrial,direct_link
Lee King Industrial Building利景工業大廈,/building/lee-king-industrial-building/11459,industrial,direct_link
Lee On Industrial Building利安工業大廈,/building/lee-on-industrial-building/4758,industrial,direct_link
Lee Sum Factory Building利森工廠大廈,/building/lee-sum-factory-building/11463,industrial,direct_link
Lee Wan Factory Building利運工廠大廈,/building/lee-wan-factory-building/17429,industrial,direct_link
Legan Centre,/building/legan-centre/17293,industrial,direct_link
Leitz Industrial Building利時工業大廈,/building/leitz-industrial-building/8164,industrial,direct_link
Lemmi Centre利寶時中心,/building/lemmi-centre/5584,industrial,direct_link
Len Shing Industrial Building聯昇工業大廈,/building/len-shing-industrial-building/17468,industrial,direct_link
Leun Fat Loong Industrial Building聯發隆工業大廈,/building/leun-fat-loong-industrial-building/4411,industrial,direct_link
Leung Yip Industrial Building兩業工業大廈,/building/leung-yip-industrial-building/16969,industrial,direct_link
Lico Industrial Building理高工業大廈,/building/lico-industrial-building/4576,industrial,direct_link
Lin Fung Centre連豐中心,/building/lin-fung-centre/5329,industrial,direct_link
Lincoln Centre利亨中心,/building/lincoln-centre/10646,industrial,direct_link
Liven House利維大廈,/building/liven-house/11208,industrial,direct_link
Lladro Centre溢財中心,/building/lladro-centre/5586,industrial,direct_link
Lmk Development Estate羅氏美光發展大廈,/building/lmk-development-estate/16418,industrial,direct_link
Lok Kui Industrial Building樂居工業大廈,/building/lok-kui-industrial-building/4708,industrial,direct_link
Lok's Industrial Building駱氏工業大廈,/building/lok-s-industrial-building/17411,industrial,direct_link
Long Life Industrial Building萬年工業大廈,/building/long-life-industrial-building/5611,industrial,direct_link
Long To Building浪淘大廈,/building/long-to-building/3373,industrial,direct_link
Lucida Industrial Building龍力工業大廈,/building/lucida-industrial-building/8162,industrial,direct_link
Lucky Factory Building鴻運工廠大廈,/building/lucky-factory-building/4749,industrial,direct_link
Lucky Horse Industrial Building龍駒企業大廈,/building/lucky-horse-industrial-building/6820,industrial,direct_link
Lucky House幸福大廈,/building/lucky-house/9517,industrial,direct_link
Luen Cheong Can Centre聯昌中心,/building/luen-cheong-can-centre/13406,industrial,direct_link
Luen Fat Industrial Third Building聯發工業第三大廈,/building/luen-fat-industrial-third-building/17336,industrial,direct_link
Luen Hing Factory Building聯興工廠大廈,/building/luen-hing-factory-building/7784,industrial,direct_link
Luen Ming Hing Factory Building聯明興工廠大廈,/building/luen-ming-hing-factory-building/4661,industrial,direct_link
Luk Hop Industrial Building六合工業大廈,/building/luk-hop-industrial-building/4655,industrial,direct_link
Lung Cheong Building龍昌大廈,/building/lung-cheong-building/11517,industrial,direct_link
Lung Fung Group Centre龍豐集團中心,/building/lung-fung-group-centre/16293,industrial,direct_link
Lung Shing Factory Building隆盛工廠大廈,/building/lung-shing-factory-building/5326,industrial,direct_link
Lung Wah International Godown龍華國際貨運中心,/building/lung-wah-international-godown/8159,industrial,direct_link
M PlaceM place,/building/m-place/3815,industrial,direct_link
M.P. Industrial Centre Block A明報工業中心A座,/building/m-p-industrial-centre-block-a/3782,industrial,direct_link
M.P. Industrial Centre Block B明報工業中心B座,/building/m-p-industrial-centre-block-b/3781,industrial,direct_link
Mackenny Centre百生利中心,/building/mackenny-centre/3294,industrial,direct_link
Mai Gar Industrial Building美嘉工業大廈,/building/mai-gar-industrial-building/4969,industrial,direct_link
Mai Hing Industrial Building Block A美興工業大廈A座,/building/mai-hing-industrial-building-block-a/7876,industrial,direct_link
Mai Hing Industrial Building Block B美興工業大廈B座,/building/mai-hing-industrial-building-block-b/7878,industrial,direct_link
Mai Hong Industrial Building美康工業大廈,/building/mai-hong-industrial-building/4940,industrial,direct_link
Mai Kei Industrial Building美基工業大廈,/building/mai-kei-industrial-building/16367,industrial,direct_link
Mai Luen Industrial Building美聯工業大廈,/building/mai-luen-industrial-building/7347,industrial,direct_link
Mai On Industrial Building美安工業大廈,/building/mai-on-industrial-building/7349,industrial,direct_link
Mai Shun Industrial Building美順工業大廈,/building/mai-shun-industrial-building/6838,industrial,direct_link
Mai Sik Industrial Building美適工業大廈,/building/mai-sik-industrial-building/16417,industrial,direct_link
Mai Tak Industrial Building美德工業大廈,/building/mai-tak-industrial-building/4966,industrial,direct_link
Mai Tong Industrial Building美塘工業大廈,/building/mai-tong-industrial-building/4683,industrial,direct_link
Mai Tower冠美中心,/building/mai-tower/4933,industrial,direct_link
Mai Wah Industrial Building美華工業大廈,/building/mai-wah-industrial-building/12146,industrial,direct_link
Man Foong Industrial Building萬豐工業大廈,/building/man-foong-industrial-building/4406,industrial,direct_link
Man Lee Industrial Building萬利工業大廈,/building/man-lee-industrial-building/17337,industrial,direct_link
Man Shing Industrial Building萬勝工業大廈,/building/man-shing-industrial-building/13686,industrial,direct_link
Man Shun Factory Building文信工業大廈,/building/man-shun-factory-building/17434,industrial,direct_link
Man Sun Logistics Center民生物流中心,/building/man-sun-logistics-center/11295,industrial,direct_link
Manning Industrial Building萬年工業大廈,/building/manning-industrial-building/4607,industrial,direct_link
Mansfield Industrial Centre萬輝工業中心,/building/mansfield-industrial-centre/8186,industrial,direct_link
Mapletree Logistics Centre Fanling豐樹粉嶺物流中心,/building/mapletree-logistics-centre-fanling/16298,industrial,direct_link
Mapletree Logistics Hub Tsing Yi豐樹青衣物流中心,/building/mapletree-logistics-hub-tsing-yi/16862,industrial,direct_link
Marvel Industrial Building Block A華業工業大廈A座,/building/marvel-industrial-building-block-a/10490,industrial,direct_link
Marvel Industrial Building Block B華業工業大廈B座,/building/marvel-industrial-building-block-b/10483,industrial,direct_link
Max Trade Centre萬昌中心,/building/max-trade-centre/4650,industrial,direct_link
Meeco Industrial Building美高工業大廈,/building/meeco-industrial-building/11175,industrial,direct_link
Mega Trade Centre時貿中心,/building/mega-trade-centre/11563,industrial,direct_link
Mega-iAdvantage第一亞洲廣場,/building/mega-iadvantage/17461,industrial,direct_link
Mei Ah Centre美亞集團中心,/building/mei-ah-centre/11162,industrial,direct_link
Mei Kei Industrial Building美基工業大廈,/building/mei-kei-industrial-building/17371,industrial,direct_link
Mercantile Industrial and Warehouse Building有利工業貨倉大廈,/building/mercantile-industrial-and-warehouse-building/11479,industrial,direct_link
Merit Industrial Centre Block A美華工業中心A座,/building/merit-industrial-centre-block-a/5311,industrial,direct_link
Merit Industrial Centre Block B美華工業中心B座,/building/merit-industrial-centre-block-b/17435,industrial,direct_link
Metex House美德大廈,/building/metex-house/12152,industrial,direct_link
Metro Centre II美羅中心2期,/building/metro-centre-ii/5549,industrial,direct_link
Metro Centre I美羅中心1期,/building/metro-centre-i/5548,industrial,direct_link
Metro Loft都會坊,/building/metro-loft/7339,industrial,direct_link
Metropolitan Factory & Warehouse Building京華工廠貨倉大廈,/building/metropolitan-factory-warehouse-building/8060,industrial,direct_link
Metropolitan Industrial And Warehouse Building No.2京華工業貨倉二期,/building/metropolitan-industrial-and-warehouse-building-no-2/5344,industrial,direct_link
Meyer Industrial Building美亞工業大廈,/building/meyer-industrial-building/7334,industrial,direct_link
Microtron Building美科大廈,/building/microtron-building/17447,industrial,direct_link
Midas Plaza勤達中心,/building/midas-plaza/7921,industrial,direct_link
Milkyway Building潤承大廈,/building/milkyway-building/4762,industrial,direct_link
Million Fortune Industrial Centre萬達來工業中心,/building/million-fortune-industrial-centre/8061,industrial,direct_link
Million Group Center萬安集團中心,/building/million-group-center/17338,industrial,direct_link
Mineron Centre勉勵龍中心,/building/mineron-centre/16267,industrial,direct_link
Ming Fat Industrial Centre嗚發工業中心,/building/ming-fat-industrial-centre/16348,industrial,direct_link
Ming Sang Industrial Building明生工業大廈,/building/ming-sang-industrial-building/7885,industrial,direct_link
Ming Tak Centre明德中心,/building/ming-tak-centre/12117,industrial,direct_link
Ming Wah Industrial Building明華工業大廈,/building/ming-wah-industrial-building/8152,industrial,direct_link
Mini Cube迷你坊,/building/mini-cube/16606,industrial,direct_link
Mita Centre美達中心,/building/mita-centre/13692,industrial,direct_link
Modern Terminal現代貨箱碼頭,/building/modern-terminal/7249,industrial,direct_link
Morlite Building豐明大廈,/building/morlite-building/4760,industrial,direct_link
Mow Hing Industrial Building茂興工業大廈,/building/mow-hing-industrial-building/4944,industrial,direct_link
Mow Shing Centre茂盛中心,/building/mow-shing-centre/12299,industrial,direct_link
My Loft萬能閣,/building/my-loft/11761,industrial,direct_link
Nam Wah Factory Building南華工業大廈,/building/nam-wah-factory-building/12302,industrial,direct_link
Nan Fung Industrial City Block 1南豐工業城第一座,/building/nan-fung-industrial-city-block-1/15390,industrial,direct_link
Nan Fung Industrial City Block 2南豐工業城第二座,/building/nan-fung-industrial-city-block-2/15391,industrial,direct_link
Nan Fung Industrial City Block 3南豐工業城第三座,/building/nan-fung-industrial-city-block-3/15392,industrial,direct_link
Nan Fung Industrial City Block 4南豐工業城第四座,/building/nan-fung-industrial-city-block-4/15393,industrial,direct_link
Nan Fung Industrial City Block 5南豐工業城第五座,/building/nan-fung-industrial-city-block-5/15394,industrial,direct_link
Nan Fung Industrial City Central Services Building南豐工業城中央大樓,/building/nan-fung-industrial-city-central-services-building/15395,industrial,direct_link
Nanyang Brothers Tobacco Ltd南洋兄弟煙草,/building/nanyang-brothers-tobacco-ltd/16332,industrial,direct_link
New Commerce Centre匯貿中心,/building/new-commerce-centre/5348,industrial,direct_link
New East Sun Industrial Building新怡生工業大廈,/building/new-east-sun-industrial-building/7014,industrial,direct_link
New Lee Wah Centre新利華中心,/building/new-lee-wah-centre/5309,industrial,direct_link
New Tech Plaza新科技廣場,/building/new-tech-plaza/7922,industrial,direct_link
New Timely Factory Building時來工廠大廈,/building/new-timely-factory-building/3380,industrial,direct_link
New Trade Plaza新貿中心,/building/new-trade-plaza/7459,industrial,direct_link
New Venture Centre創新科技中心,/building/new-venture-centre/12103,industrial,direct_link
Newport Centre Phase 1新寶工商中心第一期,/building/newport-centre-phase-1/6402,industrial,direct_link
Newport Centre Phase 2新寶工商中心第二期,/building/newport-centre-phase-2/5196,industrial,direct_link
Ngai Sheung Factory Building藝商工廠大廈,/building/ngai-sheung-factory-building/17284,industrial,direct_link
North Point Industrial Building北角工業大廈,/building/north-point-industrial-building/1646,industrial,direct_link
Ocean Industrial Building海洋工業大廈,/building/ocean-industrial-building/4528,industrial,direct_link
Oceanic Industrial Centre海灣工貿中心,/building/oceanic-industrial-centre/11549,industrial,direct_link
Olympic Godown世運貨倉,/building/olympic-godown/4687,industrial,direct_link
On Cheong Factory Building安昌工廠大廈,/building/on-cheong-factory-building/4536,industrial,direct_link
On Dak Industrial Building安達工業大廈,/building/on-dak-industrial-building/16922,industrial,direct_link
On Fat Industrial Building安發工業大廈,/building/on-fat-industrial-building/12144,industrial,direct_link
On Fook Industrial Building安福工業大廈,/building/on-fook-industrial-building/10485,industrial,direct_link
On Hing Industrial Centre安興工貿中心,/building/on-hing-industrial-centre/16314,industrial,direct_link
On Ho Industrial Building安豪工業大廈,/building/on-ho-industrial-building/8037,industrial,direct_link
On Lok Factory Building安樂工廠大廈,/building/on-lok-factory-building/5267,industrial,direct_link
On Lok Industrial Building安樂工業大廈,/building/on-lok-industrial-building/12454,industrial,direct_link
On Loong Factory Building安隆工廠大廈,/building/on-loong-factory-building/4652,industrial,direct_link
On Shing Industrial Building安盛工業大廈,/building/on-shing-industrial-building/12466,industrial,direct_link
On Tai Industrial Centre安泰工貿中心,/building/on-tai-industrial-centre/16306,industrial,direct_link
On Tat Industrial Building安達工業大廈,/building/on-tat-industrial-building/12440,industrial,direct_link
On Tat Industrial Centre安達工貿中心,/building/on-tat-industrial-centre/16268,industrial,direct_link
On Ting Industrial Centre安定工貿中心,/building/on-ting-industrial-centre/16305,industrial,direct_link
On Wah Industrial Building安華工業大廈,/building/on-wah-industrial-building/11179,industrial,direct_link
On Wui Centre安匯中心,/building/on-wui-centre/11513,industrial,direct_link
On Yip Factory Building安業工廠大廈,/building/on-yip-factory-building/13202,industrial,direct_link
One Midtown海盛路11號,/building/one-midtown/8178,industrial,direct_link
One Two One瓊林街121號,/building/one-two-one/7786,industrial,direct_link
Orient International Tower東方國際大廈,/building/orient-international-tower/17405,industrial,direct_link
Oriental Daily News Building東方報業大廈,/building/oriental-daily-news-building/17436,industrial,direct_link
Oxford Industrial Building牛津工業大廈,/building/oxford-industrial-building/8157,industrial,direct_link
PDC Tower太平洋貨運大廈,/building/pdc-tower/4555,industrial,direct_link
Pacific Trade Centre太平洋貿易中心,/building/pacific-trade-centre/4764,industrial,direct_link
Pacific United Logistics Inc. Ltd. (Kwai Chung Warehouse A)太平洋聯合物流有限公司（葵涌A倉）,/building/pacific-united-logistics-inc-ltd-kwai-chung-warehouse-a/17339,industrial,direct_link
Pahsang Industrial Building百勝工業大廈,/building/pahsang-industrial-building/11936,industrial,direct_link
Pak Sik (No.2) Building百適(二倉)大厦,/building/pak-sik-no-2-building/12469,industrial,direct_link
Pak Sik Godown No.1百適一倉,/building/pak-sik-godown-no-1/12463,industrial,direct_link
Pang Kwong Building鵬光大廈,/building/pang-kwong-building/17396,industrial,direct_link
Paramount Building百樂門大廈,/building/paramount-building/3783,industrial,direct_link
Park Fook Industrial Building百福工業大廈,/building/park-fook-industrial-building/11451,industrial,direct_link
Park Sun Building百新大廈,/building/park-sun-building/17340,industrial,direct_link
Park'N Shop Sheung Shui Fresh Food Distribution Centre上水百佳新鮮食品分發中心,/building/park-n-shop-sheung-shui-fresh-food-distribution-centre/17465,industrial,direct_link
Pat Tat Industrial Building八達工業中心,/building/pat-tat-industrial-building/12437,industrial,direct_link
Perfect Industrial Building善美工業大廈,/building/perfect-industrial-building/12439,industrial,direct_link
Peter Leung Industrial Building振邦工業大廈,/building/peter-leung-industrial-building/4920,industrial,direct_link
Ping Fai Industrial Building秉暉工業大廈,/building/ping-fai-industrial-building/7057,industrial,direct_link
Playmates Factory Building彩星工業大廈,/building/playmates-factory-building/15397,industrial,direct_link
Po Chai Industrial Building保濟工業大廈,/building/po-chai-industrial-building/3839,industrial,direct_link
Po Hong Centre寶康中心,/building/po-hong-centre/11542,industrial,direct_link
Po Lung Centre寶隆中心,/building/po-lung-centre/5243,industrial,direct_link
Po Shing Industrial Building寶城工業大廈,/building/po-shing-industrial-building/7918,industrial,direct_link
Po Wai Building寶威大廈,/building/po-wai-building/17456,industrial,direct_link
Po Yip Building Block A寶業大廈A座,/building/po-yip-building-block-a/5332,industrial,direct_link
Po Yip Building Block B寶業大廈B座,/building/po-yip-building-block-b/17425,industrial,direct_link
Po Yip Building寶業大廈,/building/po-yip-building/7887,industrial,direct_link
Poly Centre寶利中心,/building/poly-centre/10645,industrial,direct_link
Por Mee Factory Building百美工業大廈,/building/por-mee-factory-building/3368,industrial,direct_link
Por Yen Building百欣大廈,/building/por-yen-building/3299,industrial,direct_link
Posco Building步陞工商業大廈,/building/posco-building/7055,industrial,direct_link
Power Industrial Building力堅工業大廈,/building/power-industrial-building/12460,industrial,direct_link
Precious Industrial Centre柏裕工業中心,/building/precious-industrial-centre/7432,industrial,direct_link
Premier Centre時豐中心,/building/premier-centre/8021,industrial,direct_link
PriceRite Group Centre實惠集團中心,/building/pricerite-group-centre/16981,industrial,direct_link
Primoknit Industrial Building粵南工業大廈,/building/primoknit-industrial-building/17342,industrial,direct_link
Prince Factory Building王子工業大廈,/building/prince-factory-building/4143,industrial,direct_link
Prince Industrial Building太子工業大廈,/building/prince-industrial-building/13278,industrial,direct_link
Proficient Industrial Centre Block A鴻力工業中心A座,/building/proficient-industrial-centre-block-a/3530,industrial,direct_link
Proficient Industrial Centre Block B鴻力工業中心B座,/building/proficient-industrial-centre-block-b/3529,industrial,direct_link
Profit Industrial Building盈業工業大廈,/building/profit-industrial-building/10486,industrial,direct_link
Prosperity Industrial Building昌興工業大廈,/building/prosperity-industrial-building/4935,industrial,direct_link
Prowell Asia Centre寶源亞洲中心,/building/prowell-asia-centre/6255,industrial,direct_link
Pylon Tower派龍中心,/building/pylon-tower/12155,industrial,direct_link
ROOM+ Kwun Tong Building觀塘自由倉大廈,/building/room-kwun-tong-building/17397,industrial,direct_link
Rainbow Industrial Building彩虹工業大廈,/building/rainbow-industrial-building/4911,industrial,direct_link
Raleigh Centre利來中心,/building/raleigh-centre/16290,industrial,direct_link
Raton Industrial Building利通工業大廈,/building/raton-industrial-building/16361,industrial,direct_link
Ray Centre志聯中心,/building/ray-centre/4706,industrial,direct_link
Reality Tower冠榮中心,/building/reality-tower/16407,industrial,direct_link
Red Square,/building/red-square/4955,industrial,direct_link
Regent Centre Tower A麗晶中心 A座,/building/regent-centre-tower-a/7901,industrial,direct_link
Regent Centre Tower B麗晶中心 B座,/building/regent-centre-tower-b/7900,industrial,direct_link
Richwealth Industrial Building富利工業大廈,/building/richwealth-industrial-building/8160,industrial,direct_link
Ricky Centre華基中心,/building/ricky-centre/7336,industrial,direct_link
Riley House達利中心,/building/riley-house/7619,industrial,direct_link
Rodeo Centre君豪工商大廈,/building/rodeo-centre/8082,industrial,direct_link
Rohm and Haas Electronic Materials Asia Tech Centre羅門哈斯電子材料亞洲科技中心,/building/rohm-and-haas-electronic-materials-asia-tech-centre/16271,industrial,direct_link
Roxy Industrial Centre樂聲工業中心,/building/roxy-industrial-centre/4513,industrial,direct_link
Roytery Industrial Building來得利工業大廈,/building/roytery-industrial-building/16355,industrial,direct_link
S.A.S Tower時捷集團大廈,/building/s-a-s-tower/17343,industrial,direct_link
SOLO,/building/solo/12307,industrial,direct_link
Safety Godown Industrial Building安全貨倉工業大廈,/building/safety-godown-industrial-building/3787,industrial,direct_link
Safety Godown安全貨倉,/building/safety-godown/17344,industrial,direct_link
San Biotta Centre必奧達中心,/building/san-biotta-centre/16291,industrial,direct_link
San Biotta Cube必奧達工作坊,/building/san-biotta-cube/16287,industrial,direct_link
San Miguel Industrial Building生力工業大廈,/building/san-miguel-industrial-building/17303,industrial,direct_link
Sandoz Centre山德士中心,/building/sandoz-centre/5346,industrial,direct_link
Sang Cheong Industrial Building生昌工業大廈,/building/sang-cheong-industrial-building/17041,industrial,direct_link
Sang Hing Industrial Building生興工業大廈,/building/sang-hing-industrial-building/17345,industrial,direct_link
Saving Logistics Centre先寧物流中心,/building/saving-logistics-centre/5334,industrial,direct_link
Sea View Estate Block A海景大廈A座,/building/sea-view-estate-block-a/2048,industrial,direct_link
Sea View Estate Block B海景大廈B座,/building/sea-view-estate-block-b/2049,industrial,direct_link
Sea View Estate Block C海景大廈C座,/building/sea-view-estate-block-c/2050,industrial,direct_link
Seapower Centre海暉中心,/building/seapower-centre/7617,industrial,direct_link
Seapower Industrial Centre海裕工業中心,/building/seapower-industrial-centre/5366,industrial,direct_link
Seaview Centre海濱中心,/building/seaview-centre/5370,industrial,direct_link
Secure House兆璣行,/building/secure-house/4611,industrial,direct_link
Self Serve Mini Storage Center致全中心,/building/self-serve-mini-storage-center/4927,industrial,direct_link
Selwyn Factory Building時運工業大廈,/building/selwyn-factory-building/4588,industrial,direct_link
Sha Tin Cold Storage No.1沙田冷倉一倉,/building/sha-tin-cold-storage-no-1/12464,industrial,direct_link
Sha Tin Cold Storage No.2沙田冷倉二倉,/building/sha-tin-cold-storage-no-2/12470,industrial,direct_link
Sha Tin Industrial Building沙田工業大廈,/building/sha-tin-industrial-building/7003,industrial,direct_link
Shan Ling Industrial Building山齡工業大廈,/building/shan-ling-industrial-building/11945,industrial,direct_link
Shatin Industrial Centre Block A沙田工業中心A座,/building/shatin-industrial-centre-block-a/6462,industrial,direct_link
Shatin Industrial Centre Block B沙田工業中心B座,/building/shatin-industrial-centre-block-b/6466,industrial,direct_link
Shell Industrial Building蜆殼工業大廈,/building/shell-industrial-building/14459,industrial,direct_link
Sheung Hei Factory Building雙喜工業大廈,/building/sheung-hei-factory-building/5402,industrial,direct_link
Sheung Shui Plaza上水貿易廣場,/building/sheung-shui-plaza/13471,industrial,direct_link
Shield Industrial Centre順豐工業中心,/building/shield-industrial-centre/8045,industrial,direct_link
Shing Chuen Industrial Building成全工業大廈,/building/shing-chuen-industrial-building/17304,industrial,direct_link
Shing Dao Industrial Building城都工業大廈,/building/shing-dao-industrial-building/3947,industrial,direct_link
Shing Fat Industrial Building成發工業大廈,/building/shing-fat-industrial-building/17457,industrial,direct_link
Shing King Industrial Building勝景工業大廈,/building/shing-king-industrial-building/13256,industrial,direct_link
Shing King Industrial Building盛景工業大廈,/building/shing-king-industrial-building/13838,industrial,direct_link
Shing On Industrial Building成安工業大廈,/building/shing-on-industrial-building/11935,industrial,direct_link
Shing Yip Industrial Building成業工業大廈,/building/shing-yip-industrial-building/7009,industrial,direct_link
Shiu Fat Industrial Building兆發工業大廈,/building/shiu-fat-industrial-building/4945,industrial,direct_link
Shui Cheong Industrial Building馮瑞璋工業大廈,/building/shui-cheong-industrial-building/7804,industrial,direct_link
Shui Hing Centre瑞興中心,/building/shui-hing-centre/15090,industrial,direct_link
Shui Hong Industrial Building瑞康工業大廈,/building/shui-hong-industrial-building/17346,industrial,direct_link
Shui Ki Industrial Building瑞琪工業大廈,/building/shui-ki-industrial-building/3827,industrial,direct_link
Shui Sum Industrial Building瑞森工業大廈,/building/shui-sum-industrial-building/16970,industrial,direct_link
Shui Wing Industrial Building瑞榮工業大廈,/building/shui-wing-industrial-building/17012,industrial,direct_link
Shui Yee Factory Building遂意工廠大廈,/building/shui-yee-factory-building/13569,industrial,direct_link
Shun Cheung Industrial Building順昌工業大廈,/building/shun-cheung-industrial-building/5570,industrial,direct_link
Shun Fat Industrial Building順發工業大廈,/building/shun-fat-industrial-building/4549,industrial,direct_link
Shun Hing Centre信興中心,/building/shun-hing-centre/17372,industrial,direct_link
Shun Luen Factory Building順聯工業大廈,/building/shun-luen-factory-building/17437,industrial,direct_link
Shun Wai Industrial Building順煒工業大廈,/building/shun-wai-industrial-building/4834,industrial,direct_link
Shun Yee Factory Building信誼工廠大廈,/building/shun-yee-factory-building/4442,industrial,direct_link
Silver Loft銀星閣,/building/silver-loft/4412,industrial,direct_link
Sime Darby House森那美集團大廈,/building/sime-darby-house/13718,industrial,direct_link
Sing Mei Industrial Building成美工業大廈,/building/sing-mei-industrial-building/12142,industrial,direct_link
Sing Teck Factory Building盛德工業大廈,/building/sing-teck-factory-building/3844,industrial,direct_link
Sing Win Factory Building成運工業大廈,/building/sing-win-factory-building/7007,industrial,direct_link
Sino Favour Centre新華豐中心,/building/sino-favour-centre/5655,industrial,direct_link
Sino Industrial Plaza信和工商中心,/building/sino-industrial-plaza/4618,industrial,direct_link
Siu Fu Factory Building兆富工廠大廈,/building/siu-fu-factory-building/4970,industrial,direct_link
Siu Wai Industrial Centre兆威工業大廈,/building/siu-wai-industrial-centre/5564,industrial,direct_link
Smile Centre堅達中心,/building/smile-centre/16309,industrial,direct_link
So Tao Centre蘇濤工商中心,/building/so-tao-centre/17347,industrial,direct_link
Song Ling Industrial Building松林工業大廈,/building/song-ling-industrial-building/11469,industrial,direct_link
South Asia Building南益集團大廈,/building/south-asia-building/4599,industrial,direct_link
South China Cold Storage Building南華冷房工業大廈,/building/south-china-cold-storage-building/16924,industrial,direct_link
South China Factory Building南華工業大廈,/building/south-china-factory-building/4943,industrial,direct_link
South China Industrial Building南華工業大廈,/building/south-china-industrial-building/13857,industrial,direct_link
Southeast Industrial Building東南工業大廈,/building/southeast-industrial-building/3367,industrial,direct_link
Southtex Building南達大廈,/building/southtex-building/7190,industrial,direct_link
Speedy Industrial Building迅達工業大廈,/building/speedy-industrial-building/4594,industrial,direct_link
Splendid Centre德讚中心,/building/splendid-centre/8080,industrial,direct_link
Startex Industrial Building萬星工業大廈,/building/startex-industrial-building/7916,industrial,direct_link
Sterling Centre定豐中心,/building/sterling-centre/7438,industrial,direct_link
Storefriendly Tower Island East儲存易集團中心港島東,/building/storefriendly-tower-island-east/13557,industrial,direct_link
Storefriendly Tower Kowloon East儲存易集團中心（東九龍）,/building/storefriendly-tower-kowloon-east/4725,industrial,direct_link
Storefriendly Tower NT East儲存易集團中心（新界東）,/building/storefriendly-tower-nt-east/16292,industrial,direct_link
Storefriendly Tower Peninsula West儲存易集團中心（西九龍）,/building/storefriendly-tower-peninsula-west/7377,industrial,direct_link
Style Factory Building新型工廠大廈,/building/style-factory-building/13339,industrial,direct_link
Subliprint Far East Ltd特色遠東有限公司,/building/subliprint-far-east-ltd/16344,industrial,direct_link
Success Industrial Building富德工業大廈,/building/success-industrial-building/5405,industrial,direct_link
Success Industrial Building怡成工業大廈,/building/success-industrial-building/16351,industrial,direct_link
Sui Fai Factory Estate穗輝工廠大廈,/building/sui-fai-factory-estate/7265,industrial,direct_link
Sui Ying Industrial Building瑞英工業大廈,/building/sui-ying-industrial-building/4832,industrial,direct_link
Sum Lung Industrial Building森龍工業大廈,/building/sum-lung-industrial-building/4144,industrial,direct_link
Summit Building興業大廈,/building/summit-building/6857,industrial,direct_link
Summit Industrial Building新業大廈,/building/summit-industrial-building/4142,industrial,direct_link
Sun Building大信國際集團大廈,/building/sun-building/16296,industrial,direct_link
Sun Cheong Industrial Building新昌工業大廈,/building/sun-cheong-industrial-building/6053,industrial,direct_link
Sun Fung Centre新豐中心,/building/sun-fung-centre/12431,industrial,direct_link
Sun Fung Industrial Building新豐工業大廈,/building/sun-fung-industrial-building/16387,industrial,direct_link
Sun Hing Industrial Building新興工業大廈,/building/sun-hing-industrial-building/16345,industrial,direct_link
Sun Hung Kai Logistics Centre新鴻基物流中心,/building/sun-hung-kai-logistics-centre/12472,industrial,direct_link
Sun Kwong Industrial Building新光工業大廈,/building/sun-kwong-industrial-building/16374,industrial,direct_link
Sun Ling Plaza新寧中心,/building/sun-ling-plaza/16317,industrial,direct_link
Sun Shun Fuk Centre新順福中心,/building/sun-shun-fuk-centre/17006,industrial,direct_link
Sun Wah Cold Storage新華凍房,/building/sun-wah-cold-storage/17095,industrial,direct_link
Sun Wing Building新榮大樓,/building/sun-wing-building/4721,industrial,direct_link
Sun Ying Industrial Centre新英工業中心,/building/sun-ying-industrial-centre/4448,industrial,direct_link
Sunbeam Centre日昇中心,/building/sunbeam-centre/7017,industrial,direct_link
Sung Kee Factory Building生記工業大廈,/building/sung-kee-factory-building/16415,industrial,direct_link
Sung's Tower宋氏大廈,/building/sung-s-tower/12097,industrial,direct_link
Sungib Industrial Centre英基工業中心,/building/sungib-industrial-centre/3834,industrial,direct_link
Sunhing Hungkai Tuen Mun Godown新興鴻基屯門貨倉,/building/sunhing-hungkai-tuen-mun-godown/17253,industrial,direct_link
Sunking Factory Building順景工業大廈,/building/sunking-factory-building/12404,industrial,direct_link
Sunley Centre崇利中心,/building/sunley-centre/8181,industrial,direct_link
Sunray Industrial Centre生利工業大廈,/building/sunray-industrial-centre/10662,industrial,direct_link
Sunrise Industrial Building新力工業大廈,/building/sunrise-industrial-building/11199,industrial,direct_link
Sunshine Kowloon Bay Cargo Centre三湘九龍灣貨運中心,/building/sunshine-kowloon-bay-cargo-centre/4525,industrial,direct_link
Sunview Industrial Building新藝工業大廈,/building/sunview-industrial-building/5653,industrial,direct_link
Sunwise Industrial Building順力工業大廈,/building/sunwise-industrial-building/16383,industrial,direct_link
Superluck Industrial Centre Phase 1荃運工業中心1期,/building/superluck-industrial-centre-phase-1/6404,industrial,direct_link
Superluck Industrial Centre Phase 2荃運工業中心2期,/building/superluck-industrial-centre-phase-2/6421,industrial,direct_link
Supreme Industrial Building峯山工業大廈,/building/supreme-industrial-building/7264,industrial,direct_link
Swire Coca-Cola HK太古汽水廠,/building/swire-coca-cola-hk/6464,industrial,direct_link
Symphone Industrial Building信豐工業大廈,/building/symphone-industrial-building/5335,industrial,direct_link
Sze Hing Industrial Building泗興工業大廈,/building/sze-hing-industrial-building/17321,industrial,direct_link
Sze Hing Loong Industrial Building四興隆工業大廈,/building/sze-hing-loong-industrial-building/4441,industrial,direct_link
TCL Centre寳源中心,/building/tcl-centre/4443,industrial,direct_link
TCL TowerTCL工業中心,/building/tcl-tower/15227,industrial,direct_link
TLP132,/building/tlp132/4515,industrial,direct_link
TML TowerTML廣場,/building/tml-tower/8179,industrial,direct_link
Tai Cheung (Liberal) Factory Building泰昌工廠大廈,/building/tai-cheung-liberal-factory-building/13051,industrial,direct_link
Tai Fung Industrial Building泰豐工業大廈,/building/tai-fung-industrial-building/4757,industrial,direct_link
Tai Hing Industrial Building大興工業大廈,/building/tai-hing-industrial-building/16326,industrial,direct_link
Tai King Industrial Building泰景工業大樓,/building/tai-king-industrial-building/6241,industrial,direct_link
Tai Ping Industrial Centre Block 1太平工業中心第一座,/building/tai-ping-industrial-centre-block-1/7706,industrial,direct_link
Tai Ping Industrial Centre Block 2太平工業中心第二座,/building/tai-ping-industrial-centre-block-2/7711,industrial,direct_link
Tai Ping Industrial Centre Block 3太平工業中心第三座,/building/tai-ping-industrial-centre-block-3/7707,industrial,direct_link
Tai Ping Industrial Centre Block 4太平工業中心第四座,/building/tai-ping-industrial-centre-block-4/7704,industrial,direct_link
Tai Ping Industrial Park Block A太平工業園Ａ座,/building/tai-ping-industrial-park-block-a/7703,industrial,direct_link
Tai Ping Industrial Park Block B太平工業園B座,/building/tai-ping-industrial-park-block-b/7708,industrial,direct_link
Tai Shing Building大成工業大廈,/building/tai-shing-building/17348,industrial,direct_link
Tai Shing Industrial Building大成工業大廈,/building/tai-shing-industrial-building/12100,industrial,direct_link
Tai Shing Industrial Building泰盛工廠大廈,/building/tai-shing-industrial-building/7045,industrial,direct_link
Tai Tak Industrial Building大德工業大廈,/building/tai-tak-industrial-building/13491,industrial,direct_link
Tai Tung Industrial Building大同工業大廈,/building/tai-tung-industrial-building/17418,industrial,direct_link
Tai Yick Industrial Building大益貨倉工業大廈,/building/tai-yick-industrial-building/4686,industrial,direct_link
Tak Bon Warehouse德邦貨倉,/building/tak-bon-warehouse/17475,industrial,direct_link
Tak Fung Industrial Centre Tower 1德豐工業中心第一座,/building/tak-fung-industrial-centre-tower-1/5327,industrial,direct_link
Tak Fung Industrial Centre Tower 2德豐工業中心第二座,/building/tak-fung-industrial-centre-tower-2/5328,industrial,direct_link
Tak Kee Group Centre德記集團中心,/building/tak-kee-group-centre/12099,industrial,direct_link
Tak King Industrial Building德景工業大廈,/building/tak-king-industrial-building/4438,industrial,direct_link
Tak Lee Industrial Centre Block A得利工業中心A座,/building/tak-lee-industrial-centre-block-a/16330,industrial,direct_link
Tak Lee Industrial Centre Block B得利工業中心B座,/building/tak-lee-industrial-centre-block-b/16331,industrial,direct_link
Tak Lung Industrial Building德隆工業大廈,/building/tak-lung-industrial-building/4917,industrial,direct_link
Tak Sing Industrial Building德信工業大廈,/building/tak-sing-industrial-building/18153,industrial,direct_link
Tak Tai Industrial Building德大工業大廈,/building/tak-tai-industrial-building/7626,industrial,direct_link
Tak Wing Industrial Building德榮工業大廈,/building/tak-wing-industrial-building/16333,industrial,direct_link
Takad Centre特格中心,/building/takad-centre/17398,industrial,direct_link
Tat Ming Industrial Building達明工業大廈,/building/tat-ming-industrial-building/11468,industrial,direct_link
Techno Centre得利中心,/building/techno-centre/16318,industrial,direct_link
Technology Park達利廣場,/building/technology-park/8168,industrial,direct_link
Technology Plaza科匯中心,/building/technology-plaza/1673,industrial,direct_link
Technology Plaza科技中心,/building/technology-plaza/6406,industrial,direct_link
Tetra形方,/building/tetra/6449,industrial,direct_link
Texaco Road Industrial Centre Block A德士古道工業中心A座,/building/texaco-road-industrial-centre-block-a/5342,industrial,direct_link
Texaco Road Industrial Centre Block B德士古道工業中心B座,/building/texaco-road-industrial-centre-block-b/8155,industrial,direct_link
The Bedford,/building/the-bedford/12308,industrial,direct_link
The China Paint MFG Co. (1946) Ltd. - Block A中華製漆大廈A座,/building/the-china-paint-mfg-co-1946-ltd-block-a/16980,industrial,direct_link
The China Paint MFG Co. (1946) Ltd. - Block B中華製漆大廈B座,/building/the-china-paint-mfg-co-1946-ltd-block-b/16982,industrial,direct_link
The Cloud雲之端,/building/the-cloud/17282,industrial,direct_link
The Factory,/building/the-factory/5672,industrial,direct_link
The Galaxy天際中心,/building/the-galaxy/13688,industrial,direct_link
The Icon觀塘道320-322號,/building/the-icon/4578,industrial,direct_link
The Mod,/building/the-mod/17399,industrial,direct_link
The Ozone,/building/the-ozone/4938,industrial,direct_link
The Star星星中心,/building/the-star/4556,industrial,direct_link
The Whitney偉業街183號,/building/the-whitney/4918,industrial,direct_link
Thriving Industrial Centre匯力工業中心,/building/thriving-industrial-centre/6407,industrial,direct_link
Tien Chu (Tsing Yi) Industrial Centre天廚(青衣)工業中心,/building/tien-chu-tsing-yi-industrial-centre/17419,industrial,direct_link
Tin Fung Industrial Mansion天豐工業大廈,/building/tin-fung-industrial-mansion/3851,industrial,direct_link
Tin Hing Industrial Builidng天興工業大廈,/building/tin-hing-industrial-builidng/16997,industrial,direct_link
Tin Hung Industrial Building天虹大廈,/building/tin-hung-industrial-building/7915,industrial,direct_link
Tin On Industrial Building Block A天安工業大廈A座,/building/tin-on-industrial-building-block-a/6249,industrial,direct_link
Tin On Industrial Building Block B天安工業大廈B座,/building/tin-on-industrial-building-block-b/6333,industrial,direct_link
Tin Wui Industrial Building天匯工業大廈,/building/tin-wui-industrial-building/11934,industrial,direct_link
Ting Sun Plaza鼎新大廈,/building/ting-sun-plaza/17439,industrial,direct_link
Tins Centre Block 1田氏中心一座,/building/tins-centre-block-1/11299,industrial,direct_link
Tins Centre Block 2田氏中心二座,/building/tins-centre-block-2/11300,industrial,direct_link
Tins Centre Block 3田氏中心三座,/building/tins-centre-block-3/11294,industrial,direct_link
Tong Yuen Factory Building通源工業大廈,/building/tong-yuen-factory-building/3383,industrial,direct_link
Tonic Industrial Centre Block B同力工業中心B座,/building/tonic-industrial-centre-block-b/4617,industrial,direct_link
Tonic industrial Centre Block A同力工業中心A座,/building/tonic-industrial-centre-block-a/4616,industrial,direct_link
Tontex Industrial Building同德工業大廈,/building/tontex-industrial-building/5404,industrial,direct_link
Toppy Tower,/building/toppy-tower/12432,industrial,direct_link
Topsail Plaza華順廣場,/building/topsail-plaza/5349,industrial,direct_link
Town Health Technology Centre康健科技中心,/building/town-health-technology-centre/6463,industrial,direct_link
Tradeport Logistics Centre商貿港物流中心,/building/tradeport-logistics-centre/17592,industrial,direct_link
Trans Asia Centre恆亞中心,/building/trans-asia-centre/11541,industrial,direct_link
Transport City Building交通城大廈,/building/transport-city-building/8034,industrial,direct_link
Treasure Centre華寶中心,/building/treasure-centre/4718,industrial,direct_link
Trend Centre國貿中心,/building/trend-centre/4407,industrial,direct_link
Trium Lab,/building/trium-lab/17670,industrial,direct_link
Trust Centre時信中心,/building/trust-centre/6256,industrial,direct_link
Tsing Yi Industrial Centre Phase 1 Block A青衣工業中心一期A座,/building/tsing-yi-industrial-centre-phase-1-block-a/8068,industrial,direct_link
Tsing Yi Industrial Centre Phase 1 Block B青衣工業中心一期B座,/building/tsing-yi-industrial-centre-phase-1-block-b/17420,industrial,direct_link
Tsing Yi Industrial Centre Phase 2 Block C青衣工業中心二期C座,/building/tsing-yi-industrial-centre-phase-2-block-c/8065,industrial,direct_link
Tsing Yi Industrial Centre Phase 2 Block D青衣工業中心二期D座,/building/tsing-yi-industrial-centre-phase-2-block-d/8067,industrial,direct_link
Tsing Yi Industrial Centre Phase 2 Block E青衣工業中心二期E座,/building/tsing-yi-industrial-centre-phase-2-block-e/8066,industrial,direct_link
Tsuen Hing Factory Building荃興工業大廈,/building/tsuen-hing-factory-building/12159,industrial,direct_link
Tsuen Tung Factory Building銓通工業大廈,/building/tsuen-tung-factory-building/8062,industrial,direct_link
Tsuen Wan Industrial Building荃灣工業大廈,/building/tsuen-wan-industrial-building/8165,industrial,direct_link
Tsuen Wan Industrial Centre荃灣工業中心,/building/tsuen-wan-industrial-centre/5339,industrial,direct_link
Tsun Mee Industrial Building晉美工業大廈,/building/tsun-mee-industrial-building/11283,industrial,direct_link
Tsun Win Factory Building駿運工業大廈,/building/tsun-win-factory-building/7177,industrial,direct_link
Tuen Mun Industrial Centre Block A屯門工業中心A座,/building/tuen-mun-industrial-centre-block-a/16363,industrial,direct_link
Tuen Mun Industrial Centre Block B屯門工業中心B座,/building/tuen-mun-industrial-centre-block-b/17484,industrial,direct_link
Tuen Mun Industrial Centre Block C屯門工業中心C座,/building/tuen-mun-industrial-centre-block-c/17485,industrial,direct_link
Tuen Mun Industrial Centre Block D屯門工業中心D座,/building/tuen-mun-industrial-centre-block-d/17486,industrial,direct_link
Tuen Mun Industrial Centre Block E屯門工業中心E座,/building/tuen-mun-industrial-centre-block-e/17487,industrial,direct_link
Tuen Mun Industrial Centre Block F屯門工業中心F座,/building/tuen-mun-industrial-centre-block-f/17488,industrial,direct_link
Tung Cheong Factory Building東昌工業大廈,/building/tung-cheong-factory-building/7793,industrial,direct_link
Tung Chong Factory Building東祥工廠大廈,/building/tung-chong-factory-building/1724,industrial,direct_link
Tung Chun Industrial Building Block A同珍工業大廈A座,/building/tung-chun-industrial-building-block-a/16420,industrial,direct_link
Tung Chun Industrial Building Block B同珍工業大廈B座,/building/tung-chun-industrial-building-block-b/17013,industrial,direct_link
Tung Kin Factory Building東建工廠大廈,/building/tung-kin-factory-building/11730,industrial,direct_link
Tung Lee Building通利大廈,/building/tung-lee-building/16375,industrial,direct_link
Tung Lee Industrial Building同利工業大廈,/building/tung-lee-industrial-building/11448,industrial,direct_link
Tung Luen Industrial Building東聯工業大廈,/building/tung-luen-industrial-building/4557,industrial,direct_link
Tung Ming Industrial Building通明工業大廈,/building/tung-ming-industrial-building/16897,industrial,direct_link
Tung Nam Factory Building東南工廠大廈,/building/tung-nam-factory-building/17440,industrial,direct_link
Tung Tak Centre同德中心,/building/tung-tak-centre/12101,industrial,direct_link
Two Bedford Place必發道71號,/building/two-bedford-place/17979,industrial,direct_link
UML Tower豐盛中心,/building/uml-tower/12160,industrial,direct_link
Unify Commercial Industrial Building協發工商大廈,/building/unify-commercial-industrial-building/4530,industrial,direct_link
Union Building友聯大廈,/building/union-building/17400,industrial,direct_link
Union Hing Yip Factory Building聯合興業工廠大廈,/building/union-hing-yip-factory-building/7877,industrial,direct_link
Union Industrial Building友聯工業大廈,/building/union-industrial-building/17301,industrial,direct_link
Union Industrial Building聯合工業大廈,/building/union-industrial-building/3824,industrial,direct_link
Union Industrial Building聯邦工業大廈,/building/union-industrial-building/17401,industrial,direct_link
Unison Industrial Building協興工業大廈,/building/unison-industrial-building/4141,industrial,direct_link
Unison Industrial Centre協興工業中心,/building/unison-industrial-centre/11183,industrial,direct_link
United Daily News Centre聯合報大廈,/building/united-daily-news-centre/4835,industrial,direct_link
United Industrial Building聯益工業大廈,/building/united-industrial-building/11526,industrial,direct_link
Universal Industrial Building環球實業大廈,/building/universal-industrial-building/6454,industrial,direct_link
Universal Industrial Centre宇宙工業中心,/building/universal-industrial-centre/7263,industrial,direct_link
V Ga Building偉基大廈,/building/v-ga-building/3273,industrial,direct_link
Valiant Industrial Centre威力工業中心,/building/valiant-industrial-centre/11185,industrial,direct_link
Valid Industrial Centre華利工業中心,/building/valid-industrial-centre/17373,industrial,direct_link
Van Fat Factory Building宏發工廠大廈,/building/van-fat-factory-building/11458,industrial,direct_link
Vanta Industrial Centre宏達工業中心,/building/vanta-industrial-centre/4505,industrial,direct_link
Venus Industrial Building金星工業大廈,/building/venus-industrial-building/4514,industrial,direct_link
Verde Heights蘢薈,/building/verde-heights/3369,industrial,direct_link
Veristrong Industrial Centre Block A豐盛工業中心A座,/building/veristrong-industrial-centre-block-a/11168,industrial,direct_link
Veristrong Industrial Centre Block B豐盛工業中心B座,/building/veristrong-industrial-centre-block-b/11169,industrial,direct_link
Victorious Factory Building百勝工廠大廈,/building/victorious-factory-building/8091,industrial,direct_link
Victory Factory Building勝利工業大廈,/building/victory-factory-building/3820,industrial,direct_link
Victory Industrial Building勝利工業大廈,/building/victory-industrial-building/7902,industrial,direct_link
Viet Huong Building越香大廈,/building/viet-huong-building/16365,industrial,direct_link
Viet Luen Factory Building越聯工廠大廈,/building/viet-luen-factory-building/4912,industrial,direct_link
Viet Shing Factory Building越成工廠大廈,/building/viet-shing-factory-building/4952,industrial,direct_link
Vigor Industrial Building Block 1華基工業大廈一座,/building/vigor-industrial-building-block-1/11481,industrial,direct_link
Vigor Industrial Building Block 2華基工業大廈二座,/building/vigor-industrial-building-block-2/11482,industrial,direct_link
Vigor Industrial Building Block A偉力工業大廈A座,/building/vigor-industrial-building-block-a/8069,industrial,direct_link
Vigor Industrial Building Block B偉力工業大廈B座,/building/vigor-industrial-building-block-b/17421,industrial,direct_link
Viking Technology & Business Centre Tower A維京科技商業中心A座,/building/viking-technology-business-centre-tower-a/11473,industrial,direct_link
Viking Technology & Business Centre Tower B維京科技商業中心B座,/building/viking-technology-business-centre-tower-b/17539,industrial,direct_link
Vita Green Tower維特健靈中心,/building/vita-green-tower/6303,industrial,direct_link
Vita Tower維他大廈,/building/vita-tower/3835,industrial,direct_link
Vitasoy Main Building維他奶總部大樓,/building/vitasoy-main-building/11290,industrial,direct_link
Vitasoy Manufacturing Building維他奶生產大樓,/building/vitasoy-manufacturing-building/16360,industrial,direct_link
Vogue Centre時采中心,/building/vogue-centre/3316,industrial,direct_link
W Mega Tower 1W Mega 一座,/building/w-mega-tower-1/5330,industrial,direct_link
W Mega Tower 2W Mega 二座,/building/w-mega-tower-2/17749,industrial,direct_link
W212德士古道212號,/building/w212/5324,industrial,direct_link
W668青山道668-680號,/building/w668/3344,industrial,direct_link
Wacker Industrial Building華大工業大廈,/building/wacker-industrial-building/4660,industrial,direct_link
Waford Industrial Building華福工業大廈,/building/waford-industrial-building/17374,industrial,direct_link
Wah Chun Industrial Centre華俊工業中心,/building/wah-chun-industrial-centre/8050,industrial,direct_link
Wah Fai Industrial Building華輝工業大廈,/building/wah-fai-industrial-building/4693,industrial,direct_link
Wah Fat Industrial Building華發工業大廈,/building/wah-fat-industrial-building/7346,industrial,direct_link
Wah Fung Industrial Centre Block 1華豐工業中心一座,/building/wah-fung-industrial-centre-block-1/10488,industrial,direct_link
Wah Fung Industrial Centre Block 2華豐工業中心二座,/building/wah-fung-industrial-centre-block-2/17375,industrial,direct_link
Wah Ha Factory Building華廈工業大廈,/building/wah-ha-factory-building/11272,industrial,direct_link
Wah Hing Industrial Building華興工業大廈,/building/wah-hing-industrial-building/16386,industrial,direct_link
Wah Hing Industrial Mansions華興工業大廈,/building/wah-hing-industrial-mansions/7926,industrial,direct_link
Wah Hung Centre華鴻工貿中心,/building/wah-hung-centre/4704,industrial,direct_link
Wah Lai Industrial Centre華麗工業中心,/building/wah-lai-industrial-centre/16323,industrial,direct_link
Wah Lee Industrial Building華利工業大廈,/building/wah-lee-industrial-building/4694,industrial,direct_link
Wah Lik Industrial Centre華力工業中心,/building/wah-lik-industrial-centre/13717,industrial,direct_link
Wah Lok Industrial Centre Phase 1華樂工業中心一期,/building/wah-lok-industrial-centre-phase-1/7259,industrial,direct_link
Wah Lok Industrial Centre Phase 2華樂工業中心二期,/building/wah-lok-industrial-centre-phase-2/7267,industrial,direct_link
Wah Luen Industrial Centre華聯工業中心,/building/wah-luen-industrial-centre/12474,industrial,direct_link
Wah Lung Industrial Building華隆工業大廈,/building/wah-lung-industrial-building/8163,industrial,direct_link
Wah Sang Industrial Building華生工業大廈,/building/wah-sang-industrial-building/12471,industrial,direct_link
Wah Shing Centre華成工商中心,/building/wah-shing-centre/7006,industrial,direct_link
Wah Shing Centre華盛中心,/building/wah-shing-centre/3803,industrial,direct_link
Wah Shing Industrial Building華盛工業大廈,/building/wah-shing-industrial-building/8017,industrial,direct_link
Wah Shun Industrial Building華順工業大廈,/building/wah-shun-industrial-building/13042,industrial,direct_link
Wah Sing Industrial Building華星工業大廈,/building/wah-sing-industrial-building/16923,industrial,direct_link
Wah Tai Industrial Building華泰工業大廈,/building/wah-tai-industrial-building/11943,industrial,direct_link
Wah Tat Industrial Centre Block A華達工業中心A座,/building/wah-tat-industrial-centre-block-a/12149,industrial,direct_link
Wah Tat Industrial Centre Block B華達工業中心B座,/building/wah-tat-industrial-centre-block-b/12150,industrial,direct_link
Wah Tat Industrial Centre Block C華達工業中心C座,/building/wah-tat-industrial-centre-block-c/12147,industrial,direct_link
Wah Tung Godown華東貨倉,/building/wah-tung-godown/4802,industrial,direct_link
Wah Wai Centre華衛工貿中心,/building/wah-wai-centre/11167,industrial,direct_link
Wah Wai Industrial Building華偉工業大廈,/building/wah-wai-industrial-building/11568,industrial,direct_link
Wah Wai Industrial Building華威工業大廈,/building/wah-wai-industrial-building/12462,industrial,direct_link
Wah Wan Industrial Building華運工業大廈,/building/wah-wan-industrial-building/16357,industrial,direct_link
Wah Wing Industrial Building華榮工業大廈,/building/wah-wing-industrial-building/4845,industrial,direct_link
Wah Yuen Factory Building華源工廠大廈,/building/wah-yuen-factory-building/13601,industrial,direct_link
Wai Cheung Industrial Centre偉昌工業中心,/building/wai-cheung-industrial-centre/15064,industrial,direct_link
Wai Hing Factory Building緯興工業大廈,/building/wai-hing-factory-building/17349,industrial,direct_link
Wai Yick Industrial Building偉益工業大廈,/building/wai-yick-industrial-building/12305,industrial,direct_link
Wai Yip Industrial Building偉業工業大廈,/building/wai-yip-industrial-building/4743,industrial,direct_link
Walnut 9合桃街9號,/building/walnut-9/13498,industrial,direct_link
Wanda Industrial Building溫黛工廠大廈,/building/wanda-industrial-building/17403,industrial,direct_link
Wang Cheong Enterprises Centre宏昌企業中心,/building/wang-cheong-enterprises-centre/8046,industrial,direct_link
Wang Cheong Factory Estate宏昌工廠大廈,/building/wang-cheong-factory-estate/7371,industrial,direct_link
Wang Cheung Industrial Building宏昌工業大廈,/building/wang-cheung-industrial-building/16329,industrial,direct_link
Wang Cheung Industrial Building宏章工業大廈,/building/wang-cheung-industrial-building/4929,industrial,direct_link
Wang Fai Industrial Building宏輝工業大廈,/building/wang-fai-industrial-building/4654,industrial,direct_link
Wang Kwong Industrial Building宏光工業大廈,/building/wang-kwong-industrial-building/4703,industrial,direct_link
Wang Lung Industrial Building宏龍工業大廈,/building/wang-lung-industrial-building/8153,industrial,direct_link
Wang Yip Centre宏業工貿中心,/building/wang-yip-centre/11284,industrial,direct_link
Wang Yip Industrial Building宏業工業大廈,/building/wang-yip-industrial-building/13338,industrial,direct_link
Watson Centre屈臣氏中心,/building/watson-centre/7348,industrial,direct_link
Watson House沙田屈臣氏中心,/building/watson-house/12467,industrial,direct_link
Wayland C & I Building匯倫工商業大廈,/building/wayland-c-i-building/587,industrial,direct_link
Waylee Industrial Centre匯利工業中心,/building/waylee-industrial-centre/11147,industrial,direct_link
Wealthy Industrial Building永豐工業大廈,/building/wealthy-industrial-building/8182,industrial,direct_link
Wearbest Building - Lower Tower唯一大廈 - 低座,/building/wearbest-building-lower-tower/17441,industrial,direct_link
Wearbest Building - Upper Tower唯一大廈 - 高座,/building/wearbest-building-upper-tower/17442,industrial,direct_link
Well Fung Industrial Centre和豐工業中心,/building/well-fung-industrial-centre/11480,industrial,direct_link
Well Industrial Building富源工業大廈,/building/well-industrial-building/12096,industrial,direct_link
Well Town Industrial Building寶城工業大廈,/building/well-town-industrial-building/5609,industrial,direct_link
Wellpoint Industrial Building偉邦工業大廈,/building/wellpoint-industrial-building/16356,industrial,direct_link
Westlands Centre華蘭中心,/building/westlands-centre/1930,industrial,direct_link
William Enterprises Industrial Building緯綸工業大廈,/building/william-enterprises-industrial-building/11462,industrial,direct_link
Wilson Logistics Centre威信物流中心,/building/wilson-logistics-centre/17350,industrial,direct_link
Win Sun Factory Building永善工業大廈,/building/win-sun-factory-building/16370,industrial,direct_link
Winfield Industrial Building永發工業大廈,/building/winfield-industrial-building/16343,industrial,direct_link
Winful Centre華富工貿中心,/building/winful-centre/7008,industrial,direct_link
Winful Industrial Building永富工業大廈,/building/winful-industrial-building/4527,industrial,direct_link
Wing Chai Industrial Building永濟工業大廈,/building/wing-chai-industrial-building/11466,industrial,direct_link
Wing Cheung Industrial Building榮昌工業大廈,/building/wing-cheung-industrial-building/4597,industrial,direct_link
Wing Cheung Industrial Building永祥工業大廈,/building/wing-cheung-industrial-building/6822,industrial,direct_link
Wing Fat Industrial Building榮發工業大廈,/building/wing-fat-industrial-building/5255,industrial,direct_link
Wing Fat Loong Industrial Building永發隆工業大廈,/building/wing-fat-loong-industrial-building/4928,industrial,direct_link
Wing Fung Industrial Building榮豐工業大廈,/building/wing-fung-industrial-building/6453,industrial,direct_link
Wing Gar Factory Building永嘉工廠大廈,/building/wing-gar-factory-building/8079,industrial,direct_link
Wing Hang Industrial building永恆工業大廈,/building/wing-hang-industrial-building/7342,industrial,direct_link
Wing Hang Tower永恆企業大廈,/building/wing-hang-tower/17473,industrial,direct_link
Wing Hin Factory Building永顯工廠大廈,/building/wing-hin-factory-building/11460,industrial,direct_link
Wing Hing Industrial Building(Tsuen Wan)榮興工業大廈(荃灣),/building/wing-hing-industrial-building-tsuen-wan/8051,industrial,direct_link
Wing Hing Industrial Building榮興工業大廈,/building/wing-hing-industrial-building/17341,industrial,direct_link
Wing Hing Industrial Building永興工業大廈,/building/wing-hing-industrial-building/7879,industrial,direct_link
Wing Hong Centre永康中心,/building/wing-hong-centre/5559,industrial,direct_link
Wing Hong Factory Building永康工廠大廈,/building/wing-hong-factory-building/16977,industrial,direct_link
Wing Hong Industrial Building永康工業大廈,/building/wing-hong-industrial-building/10492,industrial,direct_link
Wing Kin Industrial Building永健工業大廈,/building/wing-kin-industrial-building/8041,industrial,direct_link
Wing Kut Industrial Building Tower A榮吉工業大廈A座,/building/wing-kut-industrial-building-tower-a/17699,industrial,direct_link
Wing Kut Industrial Building Tower B榮吉工業大廈B座,/building/wing-kut-industrial-building-tower-b/3371,industrial,direct_link
Wing Kwai Factory Building永桂第三工業大廈,/building/wing-kwai-factory-building/16381,industrial,direct_link
Wing Lee Industrial Building永利工業大廈,/building/wing-lee-industrial-building/13211,industrial,direct_link
Wing Loi Industrial Building榮來工業大廈,/building/wing-loi-industrial-building/17139,industrial,direct_link
Wing Lok Centre永樂中心,/building/wing-lok-centre/12098,industrial,direct_link
Wing Ming Industrial Centre永明工業中心,/building/wing-ming-industrial-centre/7433,industrial,direct_link
Wing On Godown Building永安貨倉大廈,/building/wing-on-godown-building/17294,industrial,direct_link
Wing Sam 2nd Industrial Building榮森第二工業大廈,/building/wing-sam-2nd-industrial-building/16605,industrial,direct_link
Wing Shan Industrial Building榮山工業大廈,/building/wing-shan-industrial-building/10663,industrial,direct_link
Wing Shing Industrial Building榮盛工業大廈,/building/wing-shing-industrial-building/11461,industrial,direct_link
Wing Tai Centre永泰中心,/building/wing-tai-centre/7881,industrial,direct_link
Wing Tai Industrial Building榮泰工業大廈,/building/wing-tai-industrial-building/4524,industrial,direct_link
Wing Tat Industrial Building榮達工業大廈,/building/wing-tat-industrial-building/17351,industrial,direct_link
Wing Wah Industrial Building榮華工業大廈,/building/wing-wah-industrial-building/1782,industrial,direct_link
Wing Wah Industrial Building永華工業大樓,/building/wing-wah-industrial-building/7802,industrial,direct_link
Wing Ying Industrial Building永英工業大廈,/building/wing-ying-industrial-building/4936,industrial,direct_link
Wing Yip Industrial Building永業工廠大廈,/building/wing-yip-industrial-building/4844,industrial,direct_link
Wing Yu Factory Building永如工業大廈,/building/wing-yu-factory-building/16384,industrial,direct_link
Winner Building榮業大廈,/building/winner-building/6855,industrial,direct_link
Winner Factory Building幸運工業大廈,/building/winner-factory-building/4711,industrial,direct_link
Winsum Industrial Building永盛工業大廈,/building/winsum-industrial-building/3370,industrial,direct_link
Wo Fung Building和豐工業大廈,/building/wo-fung-building/16295,industrial,direct_link
Wofoo Building和富大廈,/building/wofoo-building/5345,industrial,direct_link
Wong King Industrial Building旺景工業大廈,/building/wong-king-industrial-building/7924,industrial,direct_link
Woo Sing Kee Industrial Building和勝記工業大廈,/building/woo-sing-kee-industrial-building/4925,industrial,direct_link
World Interests Building世貿大樓,/building/world-interests-building/12442,industrial,direct_link
World Tech Centre世達中心,/building/world-tech-centre/4606,industrial,direct_link
World Trade Square豐貿廣場,/building/world-trade-square/16269,industrial,direct_link
World Wide Group Centre環球集團中心,/building/world-wide-group-centre/16311,industrial,direct_link
World Wide Industrial Building宏豐工業大廈,/building/world-wide-industrial-building/17438,industrial,direct_link
World-wide Industrial Centre環球工業中心,/building/world-wide-industrial-centre/7266,industrial,direct_link
Worldwide Centre國貿中心,/building/worldwide-centre/12109,industrial,direct_link
Wu Tung Development Centre互通發展中心,/building/wu-tung-development-centre/16316,industrial,direct_link
Wui Wah Factory Building匯華工廠大廈,/building/wui-wah-factory-building/5563,industrial,direct_link
Wyler Centre Phase 1偉倫中心1期,/building/wyler-centre-phase-1/4507,industrial,direct_link
Wyler Centre Phase 2偉倫中心2期,/building/wyler-centre-phase-2/4512,industrial,direct_link
YKK Building Phase 1吉田大廈第一期,/building/ykk-building-phase-1/16362,industrial,direct_link
YKK Building Phase 2吉田大廈第二期,/building/ykk-building-phase-2/16364,industrial,direct_link
YKK Building Phase 3吉田大廈第三期,/building/ykk-building-phase-3/17489,industrial,direct_link
Yale Industrial Centre盈力工業中心,/building/yale-industrial-centre/11174,industrial,direct_link
Yally Industrial Building益年工業大廈,/building/yally-industrial-building/5670,industrial,direct_link
Yam Hop Hing Industrial Building任合興工業大廈,/building/yam-hop-hing-industrial-building/12141,industrial,direct_link
Yan Hing Centre仁興中心,/building/yan-hing-centre/12475,industrial,direct_link
Yan's Tower甄沾記大廈,/building/yan-s-tower/3833,industrial,direct_link
Yanjing Building燕京大廈,/building/yanjing-building/16281,industrial,direct_link
Yat Sang Industrial Building日生工業大廈,/building/yat-sang-industrial-building/4529,industrial,direct_link
Yau Cheong Centre友昌中心,/building/yau-cheong-centre/17474,industrial,direct_link
Yau Lee Centre有利中心,/building/yau-lee-centre/5605,industrial,direct_link
Yau Shing Hong Building有成行大廈,/building/yau-shing-hong-building/16289,industrial,direct_link
Yau Shing Hong Logistics Centre有成行物流中心,/building/yau-shing-hong-logistics-centre/16275,industrial,direct_link
Yau Tak Industrial Building友德工業大廈,/building/yau-tak-industrial-building/15396,industrial,direct_link
Yau Tong Industrial Building Block 1油塘工業大廈第1座,/building/yau-tong-industrial-building-block-1/12734,industrial,direct_link
Yau Tong Industrial Building Block 2油塘工業大廈第2座,/building/yau-tong-industrial-building-block-2/4684,industrial,direct_link
Yau Tong Industrial Building Block 3油塘工業大廈第3座,/building/yau-tong-industrial-building-block-3/4691,industrial,direct_link
Yau Tong Industrial Building Block 4油塘工業大廈第4座,/building/yau-tong-industrial-building-block-4/4692,industrial,direct_link
Yau Tong Industrial City Block A油塘工業城A座,/building/yau-tong-industrial-city-block-a/5612,industrial,direct_link
Yau Tong Industrial City Block B油塘工業城B座,/building/yau-tong-industrial-city-block-b/5607,industrial,direct_link
Yee Kuk Industrial Centre怡高工業中心,/building/yee-kuk-industrial-centre/6610,industrial,direct_link
Yee Lee Godown義利第五貨倉,/building/yee-lee-godown/17352,industrial,direct_link
Yee Lim Industrial Building Block A裕林工業中心A座,/building/yee-lim-industrial-building-block-a/17377,industrial,direct_link
Yee Lim Industrial Building Block C裕林工業中心C座,/building/yee-lim-industrial-building-block-c/17378,industrial,direct_link
Yee Lim Industrial Building Stage III裕林第三工業大廈,/building/yee-lim-industrial-building-stage-iii/17354,industrial,direct_link
Yee Lim Industrial Building Stage II裕林第二工業大廈,/building/yee-lim-industrial-building-stage-ii/17376,industrial,direct_link
Yee Lim Industrial Building裕林工業大廈,/building/yee-lim-industrial-building/17353,industrial,direct_link
Yee Lim Industrial Centre Block B裕林工業中心B座,/building/yee-lim-industrial-centre-block-b/16449,industrial,direct_link
Yee Tak Factory Building義德工廠大廈,/building/yee-tak-factory-building/5569,industrial,direct_link
Yee Wah Industrial Building怡華工業大廈,/building/yee-wah-industrial-building/11937,industrial,direct_link
Yeung Yiu Chung (No.5) Industrial Building楊耀松第五工業大廈,/building/yeung-yiu-chung-no-5-industrial-building/17404,industrial,direct_link
Yeung Yiu Chung (No.6) Industrial Building楊耀松第六工業大廈,/building/yeung-yiu-chung-no-6-industrial-building/8015,industrial,direct_link
Yeung Yiu Chung (No.7) Industrial Building楊耀松第七工業大廈,/building/yeung-yiu-chung-no-7-industrial-building/3798,industrial,direct_link
Yeung Yiu Chung (No.8) Industrial Building楊耀松第八工業大廈,/building/yeung-yiu-chung-no-8-industrial-building/4554,industrial,direct_link
Yick Fung Group Building億豐集團大廈,/building/yick-fung-group-building/16359,industrial,direct_link
Yick Shiu Industrial Building億兆工業大廈,/building/yick-shiu-industrial-building/11938,industrial,direct_link
Yick Tai Industrial Building益大工業大廈,/building/yick-tai-industrial-building/3377,industrial,direct_link
Yiko Industrial Building益高工業大廈,/building/yiko-industrial-building/3784,industrial,direct_link
Yin Da Commercial Building盈達商業大廈,/building/yin-da-commercial-building/4914,industrial,direct_link
Ying Lun Godown英倫倉,/building/ying-lun-godown/4534,industrial,direct_link
Ying Tung Industrial Building應通工業大廈,/building/ying-tung-industrial-building/7378,industrial,direct_link
Yip Cheung Centre業昌中心,/building/yip-cheung-centre/3802,industrial,direct_link
Yip Fat Factory Building Phase 1業發工業大廈第一期,/building/yip-fat-factory-building-phase-1/5590,industrial,direct_link
Yip Fung Industrial Building業豐工業大廈,/building/yip-fung-industrial-building/10484,industrial,direct_link
Yip Kwong Industrial Building業廣工商大廈,/building/yip-kwong-industrial-building/13604,industrial,direct_link
Yip Kwong Industrial Building業廣工業樓,/building/yip-kwong-industrial-building/2388,industrial,direct_link
Yip On Factory Estate Block 1業安工廠大廈第一座,/building/yip-on-factory-estate-block-1/17295,industrial,direct_link
Yip On Factory Estate Block 2業安工廠大廈第二座,/building/yip-on-factory-estate-block-2/4553,industrial,direct_link
Yip Shing Industrial Centre業成工業中心,/building/yip-shing-industrial-centre/17355,industrial,direct_link
Yip Win Factory Building業運工業大廈,/building/yip-win-factory-building/12441,industrial,direct_link
Yiuga Factory Building耀基工廠大廈,/building/yiuga-factory-building/4286,industrial,direct_link
Young Ya Industrial Building榮亞工業大廈,/building/young-ya-industrial-building/6455,industrial,direct_link
Yue Cheung Centre裕昌中心,/building/yue-cheung-centre/12476,industrial,direct_link
Yue Fung Industrial Building裕豐工業大廈,/building/yue-fung-industrial-building/8048,industrial,direct_link
Yue Hwa Chinese Products Godown Building裕華國貨貨倉大廈,/building/yue-hwa-chinese-products-godown-building/17356,industrial,direct_link
Yue Xiu Industrial Building越秀工業大廈,/building/yue-xiu-industrial-building/4755,industrial,direct_link
Yuen Fat Industrial Building源發工業大廈,/building/yuen-fat-industrial-building/5242,industrial,direct_link
Yuen Fat Wharf and Godown潤發倉庫碼頭,/building/yuen-fat-wharf-and-godown/17280,industrial,direct_link
Yuen Long High Tech Centre元朗科技中心,/building/yuen-long-high-tech-centre/17458,industrial,direct_link
Yuen Long Trading Centre元朗貿易中心,/building/yuen-long-trading-centre/16973,industrial,direct_link
Yuen Shing Industrial Building源盛工業大廈,/building/yuen-shing-industrial-building/16373,industrial,direct_link
Yuet Kwong Industrial Building毓光工業大廈,/building/yuet-kwong-industrial-building/12158,industrial,direct_link
Zung Fu Industrial Building仁孚工業大廈,/building/zung-fu-industrial-building/1688,industrial,direct_link
iCity Tower 1iCity 一座,/building/icity-tower-1/11470,industrial,direct_link
iCity Tower 2iCity 二座,/building/icity-tower-2/17947,industrial,direct_link
iPlace,/building/iplace/13694,industrial,direct_link
iTech Tower 1,/building/itech-tower-1/11570,industrial,direct_link
iTech Tower 2,/building/itech-tower-2/17331,industrial,direct_link
1 Chatham Road South漆咸道南一號,/building/1-chatham-road-south/3211,office,direct_link
1 Des Voeux Road West德輔道西一號,/building/1-des-voeux-road-west/842,office,direct_link
1 Duddell Street都爹利街一號,/building/1-duddell-street/1967,office,direct_link
1 Lan Kwai Fong蘭桂坊1號,/building/1-lan-kwai-fong/2566,office,direct_link
1-1A Java Road福建商會大廈,/building/1-1a-java-road/17578,office,direct_link
10 Bonham Strand文咸東街10號,/building/10-bonham-strand/13613,office,direct_link
10 Knutsford諾士佛臺10號,/building/10-knutsford/6552,office,direct_link
10 Pottinger Street砵典乍街10號,/building/10-pottinger-street/2139,office,direct_link
10 Prat Avenue寶勒巷10號,/building/10-prat-avenue/3482,office,direct_link
10 Wellington威靈頓街10號,/building/10-wellington/17381,office,direct_link
100 Queen's Road Central皇后大道中100號,/building/100-queen-s-road-central/190,office,direct_link
1001 King's Road英皇道1001號,/building/1001-king-s-road/1835,office,direct_link
101-111 King's Road英皇道101-111號,/building/101-111-king-s-road/17712,office,direct_link
102 Austin Road柯士甸道102號,/building/102-austin-road/2712,office,direct_link
1063 King's Road英皇道1063號,/building/1063-king-s-road/1668,office,direct_link
11 Queen Victoria Street域多利皇后街11號,/building/11-queen-victoria-street/3607,office,direct_link
1111 King's Road英皇道1111號,/building/1111-king-s-road/1664,office,direct_link
118 Connaught Road West干諾道西118號,/building/118-connaught-road-west/639,office,direct_link
12 Taikoo Wan Road太古灣道12號,/building/12-taikoo-wan-road/1939,office,direct_link
128 Connaught Road Central干諾道中128號,/building/128-connaught-road-central/107,office,direct_link
128 Wellington Street威靈頓街128號,/building/128-wellington-street/1242,office,direct_link
12W - Science Park科技大道西 12 - 科技園,/building/12w-science-park/17311,office,direct_link
13 Hok Yuen Street Tower 1鶴園街13號1座,/building/13-hok-yuen-street-tower-1/17583,office,direct_link
13 Hok Yuen Street Tower 2鶴園街13號2座,/building/13-hok-yuen-street-tower-2/17584,office,direct_link
135 Bonham Strand Trade Centre文咸東街135商業中心,/building/135-bonham-strand-trade-centre/13659,office,direct_link
14 Taikoo Wan Road太古灣道14號,/building/14-taikoo-wan-road/1938,office,direct_link
14 Wang Tai Road宏泰道14號,/building/14-wang-tai-road/17642,office,direct_link
148 Electric Road電氣道148號,/building/148-electric-road/2772,office,direct_link
15-19 Hollywood Road荷李活道15-19號,/building/15-19-hollywood-road/3635,office,direct_link
15W - Science Park科技大道西 15 - 科技園,/building/15w-science-park/17312,office,direct_link
16 Hart Avenue赫德道16號,/building/16-hart-avenue/6646,office,direct_link
163 Hennessy Road軒尼詩道163號,/building/163-hennessy-road/1343,office,direct_link
163 Hoi Bun Road海濱道163號,/building/163-hoi-bun-road/5358,office,direct_link
163 QRE皇后大道東163號,/building/163-qre/17715,office,direct_link
168 Electric Road電氣道168號,/building/168-electric-road/2784,office,direct_link
168 Queen's Road Central皇后大道中168號,/building/168-queen-s-road-central/195,office,direct_link
168 Sai Yeung Choi Street South西洋菜南街168號,/building/168-sai-yeung-choi-street-south/7273,office,direct_link
16W - Science Park科技大道西 16 - 科技園,/building/16w-science-park/17313,office,direct_link
17-19 Ashley Road亞士厘道17-19號,/building/17-19-ashley-road/4669,office,direct_link
17W - Science Park科技大道西 17 - 科技園,/building/17w-science-park/17314,office,direct_link
18 On Lan Street安蘭街18號,/building/18-on-lan-street/8177,office,direct_link
181 Queen's Road Central皇后大道中181號,/building/181-queen-s-road-central/17653,office,direct_link
19W - Science Park科技大道西 19 - 科技園,/building/19w-science-park/17316,office,direct_link
2 Carnarvon Road加拿分道2號,/building/2-carnarvon-road/5705,office,direct_link
2 Queen Victoria Street域多利皇后街2號,/building/2-queen-victoria-street/3606,office,direct_link
2-4 Cameron Road金馬倫道2-4號,/building/2-4-cameron-road/17722,office,direct_link
20-28 Cannon Street景隆街20-28號,/building/20-28-cannon-street/6225,office,direct_link
202 Centre202商業中心,/building/202-centre/839,office,direct_link
208 Johnston Road莊士敦道208號,/building/208-johnston-road/1609,office,direct_link
20E - Science Park科技大道東 20 - 科技園,/building/20e-science-park/17317,office,direct_link
21 Ashley亞士厘道21號,/building/21-ashley/17604,office,direct_link
212-232 Des Voeux Road Central德輔道中212-232號,/building/212-232-des-voeux-road-central/17549,office,direct_link
22 Yee Wo Street怡和街22號,/building/22-yee-wo-street/1617,office,direct_link
228 Electric Road電氣道228號,/building/228-electric-road/17520,office,direct_link
23 Hillwood Road山林道23號,/building/23-hillwood-road/3218,office,direct_link
235 Wing Lok Street Trade Centre永樂街235商業中心,/building/235-wing-lok-street-trade-centre/2537,office,direct_link
238 Des Voeux Road Central德輔道中238號,/building/238-des-voeux-road-central/85,office,direct_link
238 Nathan Road彌敦道238號,/building/238-nathan-road/2971,office,direct_link
239 Hennessy Road軒尼詩道239號,/building/239-hennessy-road/1344,office,direct_link
24A-B Granville Road加連威老道24A-24B號,/building/24a-b-granville-road/2644,office,direct_link
250 Hennessy軒尼詩道250號,/building/250-hennessy/1401,office,direct_link
26 D'Aguilar Street德己立街26號,/building/26-d-aguilar-street/661,office,direct_link
26 Nathan Road彌敦道26號,/building/26-nathan-road/2963,office,direct_link
28 Austin Avenue柯士甸路28號,/building/28-austin-avenue/2735,office,direct_link
28 Stanley士丹利街28號,/building/28-stanley/17433,office,direct_link
280 Portland Street Commercial Building砵蘭街280號,/building/280-portland-street-commercial-building/5409,office,direct_link
29 Austin Road柯士甸道29號,/building/29-austin-road/2716,office,direct_link
299QRC,/building/299qrc/156,office,direct_link
3 Lockhart Road駱克道3號,/building/3-lockhart-road/966,office,direct_link
3 Yuk Yat Street旭日街3號,/building/3-yuk-yat-street/4833,office,direct_link
30 Hollywood Road荷李活道30號,/building/30-hollywood-road/3676,office,direct_link
308 Central Des Voeux德輔道中308號,/building/308-central-des-voeux/26,office,direct_link
31-37 Hankow Road漢口道31-37號,/building/31-37-hankow-road/3437,office,direct_link
313 Lockhart Road駱克道313號,/building/313-lockhart-road/1026,office,direct_link
31C-D Wyndham Street雲咸街31C-D號,/building/31c-d-wyndham-street/1993,office,direct_link
321 Java Road渣華道321號,/building/321-java-road/1902,office,direct_link
33 Des Voeux Road Central德輔道中33號,/building/33-des-voeux-road-central/84,office,direct_link
33 Des Voeux Road West德輔道西33號,/building/33-des-voeux-road-west/838,office,direct_link
33 Wyndham Street雲咸街33號,/building/33-wyndham-street/653,office,direct_link
333 Hennessy軒尼詩道333號,/building/333-hennessy/17495,office,direct_link
35 QRC金利豐中心,/building/35-qrc/230,office,direct_link
35-37 Cameron Road金馬倫道35-37號,/building/35-37-cameron-road/17713,office,direct_link
36 Jardine's Bazaar渣甸街36號,/building/36-jardine-s-bazaar/854,office,direct_link
369 Hennessy Road軒尼詩道369號,/building/369-hennessy-road/17762,office,direct_link
38 Plaza38廣場,/building/38-plaza/15051,office,direct_link
382 Lockhart Road駱克道382號,/building/382-lockhart-road/982,office,direct_link
383 King's Road英皇道383號,/building/383-king-s-road/1793,office,direct_link
39 King's Road英皇道39號,/building/39-king-s-road/17298,office,direct_link
4-6 On Wo Lane安和里4-6號,/building/4-6-on-wo-lane/9227,office,direct_link
40 Stanley Street士丹利街40號,/building/40-stanley-street/2034,office,direct_link
41 Heung Yip Road香葉道41號,/building/41-heung-yip-road/11521,office,direct_link
43-49A Hankow Road漢口道43-49A號,/building/43-49a-hankow-road/3423,office,direct_link
46 Lyndhurst Terrace擺花街46號,/building/46-lyndhurst-terrace/3731,office,direct_link
49-51 Kimberley Road金巴利道49-51號,/building/49-51-kimberley-road/17748,office,direct_link
52 Hung To Road鴻圖道52號,/building/52-hung-to-road/4727,office,direct_link
562 Nathan Road彌敦道562號,/building/562-nathan-road/3049,office,direct_link
58 Wing Lok Street永樂街58號,/building/58-wing-lok-street/17431,office,direct_link
59 Wing Lok Street永樂街59號,/building/59-wing-lok-street/2486,office,direct_link
6 Wilmer Street威利麻街6號,/building/6-wilmer-street/6174,office,direct_link
60 Wellington Street威靈頓街60號,/building/60-wellington-street/1252,office,direct_link
633 King's Road英皇道633號,/building/633-king-s-road/1683,office,direct_link
64-70 Wellington Street威靈頓街64-70號,/building/64-70-wellington-street/17755,office,direct_link
655 Nathan Road彌敦道655號,/building/655-nathan-road/2957,office,direct_link
68 Kimberley Road金巴利道68號,/building/68-kimberley-road/6537,office,direct_link
68 Yee Wo Street怡和街68號,/building/68-yee-wo-street/1621,office,direct_link
700 Nathan Road彌敦道700號,/building/700-nathan-road/3069,office,direct_link
726 Nathan Road彌敦道726號,/building/726-nathan-road/2848,office,direct_link
73-75 Hoi Yuen Road開源道73-75號,/building/73-75-hoi-yuen-road/5606,office,direct_link
76 Wellington Street威靈頓街76號,/building/76-wellington-street/1260,office,direct_link
8 Gilman's Bazaar機利文新街8號,/building/8-gilman-s-bazaar/5647,office,direct_link
8 Hart Avenue赫德道8號,/building/8-hart-avenue/6636,office,direct_link
8 Jordan Road佐敦道8號,/building/8-jordan-road/3549,office,direct_link
8 Lyndhurst Terrace擺花街8號,/building/8-lyndhurst-terrace/3728,office,direct_link
8 Observatory Road天文臺道8號,/building/8-observatory-road/12274,office,direct_link
8 On Wo Lane安和里8號,/building/8-on-wo-lane/9228,office,direct_link
8 Queen's Road Central皇后大道中8號,/building/8-queen-s-road-central/170,office,direct_link
8 Queen's Road East皇后大道東8號,/building/8-queen-s-road-east/322,office,direct_link
8 Wyndham Street雲咸街8號,/building/8-wyndham-street/1974,office,direct_link
80 Gloucester Road告士打道80號,/building/80-gloucester-road/1167,office,direct_link
83 King Lam Street - Tower A瓊林街83號 - A座,/building/83-king-lam-street-tower-a/17684,office,direct_link
83 King Lam Street - Tower B瓊林街83號 - B座,/building/83-king-lam-street-tower-b/17685,office,direct_link
83 Wan Chai Road灣仔道83號,/building/83-wan-chai-road/2247,office,direct_link
83 Wing Hong Street永康街83號,/building/83-wing-hong-street/17686,office,direct_link
88 Commercial Building東成商業大廈,/building/88-commercial-building/2534,office,direct_link
88 Gloucester Road告士打道88號,/building/88-gloucester-road/1156,office,direct_link
88 Hing Fat Street興發街88號,/building/88-hing-fat-street/1844,office,direct_link
88 Lockhart Road駱克道88號,/building/88-lockhart-road/1002,office,direct_link
88WL永樂街88號,/building/88wl/17558,office,direct_link
9 Chiu Lung Street昭隆街9號,/building/9-chiu-lung-street/4451,office,direct_link
9 Chong Yip Street創業街9號,/building/9-chong-yip-street/7337,office,direct_link
9 Des Voeux Road West德輔道西9號,/building/9-des-voeux-road-west/846,office,direct_link
9 Po Lun Street寶輪街9號,/building/9-po-lun-street/16429,office,direct_link
9 Queen's Road Central皇后大道中9號,/building/9-queen-s-road-central/139,office,direct_link
9 Wing Hong Street永康街九號,/building/9-wing-hong-street/5555,office,direct_link
909 Cheung Sha Wan Road長沙灣道909號,/building/909-cheung-sha-wan-road/6307,office,direct_link
91 King Lam Street瓊林街91號,/building/91-king-lam-street/17542,office,direct_link
92-103A Connaught Road West干諾道西92-103A號,/building/92-103a-connaught-road-west/17576,office,direct_link
93WYS偉業街93號,/building/93wys/4922,office,direct_link
99 COMMONS杯渡路99號,/building/99-commons/17476,office,direct_link
99 Plaza99廣場,/building/99-plaza/7206,office,direct_link
ACME Building益美大廈,/building/acme-building/7224,office,direct_link
AIA Building友邦大廈,/building/aia-building/18026,office,direct_link
AIA Central友邦金融中心,/building/aia-central/115,office,direct_link
AIA Financial Centre友邦九龍金融中心,/building/aia-financial-centre/6238,office,direct_link
AIA Hong Kong Tower友邦香港大樓,/building/aia-hong-kong-tower/1674,office,direct_link
AIA Tower友邦廣場,/building/aia-tower/2773,office,direct_link
AIE Building亞洲大廈,/building/aie-building/123,office,direct_link
AOffice46奧創中心,/building/aoffice46/12434,office,direct_link
AT Tower百加利中心,/building/at-tower/2771,office,direct_link
AXA Southside安盛匯,/building/axa-southside/3826,office,direct_link
Abdoolally House鴨都喇利大廈,/building/abdoolally-house/2045,office,direct_link
Admiralty Centre Tower 1海富中心1座,/building/admiralty-centre-tower-1/1131,office,direct_link
Admiralty Centre Tower 2海富中心2座,/building/admiralty-centre-tower-2/1130,office,direct_link
Agricultural Bank of China Tower中國農業銀行大廈,/building/agricultural-bank-of-china-tower/102,office,direct_link
Airport World Trade Centre機場世貿中心,/building/airport-world-trade-centre/11538,office,direct_link
Airside,/building/airside/17422,office,direct_link
Aitken Vanson Centre金米蘭中心,/building/aitken-vanson-centre/5599,office,direct_link
Albion Plaza愛賓商業大廈,/building/albion-plaza/2618,office,direct_link
Alexandra House歷山大廈,/building/alexandra-house/1193,office,direct_link
Alliance Building誠信大廈,/building/alliance-building/117,office,direct_link
Allied Kajima Building聯合鹿島大廈,/building/allied-kajima-building/1157,office,direct_link
Allways Centre百達中心,/building/allways-centre/1501,office,direct_link
Amber Commercial Building凱利商業大廈,/building/amber-commercial-building/2251,office,direct_link
Amtel Building安泰大廈,/building/amtel-building/51,office,direct_link
Anglo Chinese Centre中西貿易大廈,/building/anglo-chinese-centre/10254,office,direct_link
Anton Building安定大廈,/building/anton-building/3804,office,direct_link
Apec Plaza創貿廣場,/building/apec-plaza/5601,office,direct_link
Argyle Centre Phase 1旺角中心1期,/building/argyle-centre-phase-1/2988,office,direct_link
Arion Commercial Centre聯發商業中心,/building/arion-commercial-centre/369,office,direct_link
Arthur Commercial Building雅達商業大廈,/building/arthur-commercial-building/13567,office,direct_link
Artist Square Tower 1西九藝術廣場大樓一座,/building/artist-square-tower-1/18136,office,direct_link
Artist Square Tower 2西九藝術廣場大樓二座,/building/artist-square-tower-2/18137,office,direct_link
Artist Square Tower 3西九藝術廣場大樓三座,/building/artist-square-tower-3/18138,office,direct_link
Ashley Nine順豐大廈,/building/ashley-nine/4678,office,direct_link
Asia Harvest Commercial Centre潤民商業中心,/building/asia-harvest-commercial-centre/13106,office,direct_link
Asia Standard Tower泛海大廈,/building/asia-standard-tower/146,office,direct_link
Astoria Building天星大廈,/building/astoria-building/4681,office,direct_link
Attilio Building艾麗大廈,/building/attilio-building/2973,office,direct_link
Aubin House安邦商業大廈,/building/aubin-house/1174,office,direct_link
Austin Commercial Centre柯士甸商業中心,/building/austin-commercial-centre/2743,office,direct_link
Austin Plaza柯士甸廣場,/building/austin-plaza/2718,office,direct_link
Austin Tower好兆年行,/building/austin-tower/2738,office,direct_link
Auto Plaza安達中心,/building/auto-plaza/2664,office,direct_link
Aveny,/building/aveny/1992,office,direct_link
BCC Building國際商業信貸銀行大廈,/building/bcc-building/5703,office,direct_link
BOC Credit Card Centre中銀信用卡中心,/building/boc-credit-card-centre/644,office,direct_link
BOC Group Life Assurance Tower中銀集團人壽保險大廈,/building/boc-group-life-assurance-tower/34,office,direct_link
BOC Prince Edward Building中銀太子大樓,/building/boc-prince-edward-building/3015,office,direct_link
BOC Tsz Wan Shan Building中銀慈雲山大樓,/building/boc-tsz-wan-shan-building/15784,office,direct_link
BOC Wan Chai Commercial Centre中銀灣仔商業中心,/building/boc-wan-chai-commercial-centre/1389,office,direct_link
BOC Yuen Long Commercial Centre中銀元朗商業中心,/building/boc-yuen-long-commercial-centre/13735,office,direct_link
Bai Yun Building白雲大廈,/building/bai-yun-building/7154,office,direct_link
Bangkok Bank Building盤谷銀行大廈,/building/bangkok-bank-building/3580,office,direct_link
Bank Tower銀輝中心,/building/bank-tower/1685,office,direct_link
Bank of America Tower美國銀行中心,/building/bank-of-america-tower/1133,office,direct_link
Bank of China Building中國銀行大廈,/building/bank-of-china-building/2,office,direct_link
Bank of China Mongkok Commercial Centre中國銀行(香港)旺角商業大廈,/building/bank-of-china-mongkok-commercial-centre/3045,office,direct_link
Bank of China Tower中銀大廈,/building/bank-of-china-tower/1295,office,direct_link
Bank of Communications Building交通銀行大廈,/building/bank-of-communications-building/3040,office,direct_link
Bank of Communications Tower交通銀行大廈,/building/bank-of-communications-tower/1172,office,direct_link
Bank of East Asia Building東亞銀行大廈,/building/bank-of-east-asia-building/3,office,direct_link
Bank of East Asia Harbour View Centre東亞銀行港灣中心,/building/bank-of-east-asia-harbour-view-centre/1160,office,direct_link
Bank of East Asia Mongkok Building東亞銀行旺角大廈,/building/bank-of-east-asia-mongkok-building/3067,office,direct_link
Bartlock Centre百樂中心,/building/bartlock-centre/6056,office,direct_link
Baskerville House樂成行,/building/baskerville-house/1963,office,direct_link
Bayfield Building彰顯大廈,/building/bayfield-building/1429,office,direct_link
Beautiful Group Tower標華豐集團大廈,/building/beautiful-group-tower/116,office,direct_link
Bel Trade Commercial Building百營商業大廈,/building/bel-trade-commercial-building/5778,office,direct_link
Belgian Bank Building華比銀行大廈,/building/belgian-bank-building/3000,office,direct_link
Benson Tower明順大廈,/building/benson-tower/4732,office,direct_link
Berkshire House栢克大廈,/building/berkshire-house/1928,office,direct_link
Best-O-Best Commercial Centre富利來商業大廈,/building/best-o-best-commercial-centre/6592,office,direct_link
Beverley Commercial Centre百利商業中心,/building/beverley-commercial-centre/3203,office,direct_link
Beverly House利臨大廈,/building/beverly-house/996,office,direct_link
Billion Centre億京中心,/building/billion-centre/4496,office,direct_link
Billion Plaza II億京廣場2期,/building/billion-plaza-ii/7431,office,direct_link
Billion Plaza億京廣場,/building/billion-plaza/7437,office,direct_link
Bio-Informatics Centre - Science Park生物資訊中心,/building/bio-informatics-centre-science-park/11154,office,direct_link
Biotech Centre - Science Park生物科技中心 - 科技園,/building/biotech-centre-science-park/11153,office,direct_link
Biotech Centre 2 - Science Park生物科技中心二座  - 科技園,/building/biotech-centre-2-science-park/17310,office,direct_link
Biz Aura,/building/biz-aura/3411,office,direct_link
Bizhouse,/building/bizhouse/7946,office,direct_link
Blissful Building德佑大廈,/building/blissful-building/37,office,direct_link
Bo Fung Building寶豐大廈,/building/bo-fung-building/5383,office,direct_link
Bodynits Building波蒂妮斯大廈,/building/bodynits-building/3517,office,direct_link
Bonham Centre文咸中心,/building/bonham-centre/13652,office,direct_link
Bonham Commercial Centre南北行商業中心,/building/bonham-commercial-centre/3586,office,direct_link
Bonham Majoris明大企業集團大廈,/building/bonham-majoris/13653,office,direct_link
Boss Commercial Centre寶時商業中心,/building/boss-commercial-centre/6591,office,direct_link
Boton Technology Innovation Tower波頓科創中心,/building/boton-technology-innovation-tower/17446,office,direct_link
Bowa House寶華商業大廈,/building/bowa-house/2948,office,direct_link
Bowring Centre寶靈商業中心,/building/bowring-centre/6678,office,direct_link
Breakthrough Centre突破中心,/building/breakthrough-centre/6679,office,direct_link
Bright Growth Medical Centre高怡醫務中心,/building/bright-growth-medical-centre/2935,office,direct_link
Bright Way Tower凱途發展大廈,/building/bright-way-tower/6557,office,direct_link
Brill Plaza環凱廣場,/building/brill-plaza/5312,office,direct_link
Buckingham Building金漢大廈,/building/buckingham-building/2908,office,direct_link
Bulkin Centre龐堅中心,/building/bulkin-centre/5410,office,direct_link
Bupa Centre保柏中心,/building/bupa-centre/643,office,direct_link
C Wisdom Centre泉威中心,/building/c-wisdom-centre/3614,office,direct_link
C-BONS International Center絲寶國際大廈,/building/c-bons-international-center/4968,office,direct_link
C.C. Wu Building集成中心,/building/c-c-wu-building/1374,office,direct_link
C.L.I. Building中國人壽大廈,/building/c-l-i-building/1394,office,direct_link
CCB Tower中國建設銀行大廈,/building/ccb-tower/99,office,direct_link
CDW Building中染大廈,/building/cdw-building/13711,office,direct_link
CFC Tower中福商業大廈,/building/cfc-tower/2655,office,direct_link
CITIC  Telecom Tower中信電訊大廈,/building/citic-telecom-tower/7628,office,direct_link
CITIC Tower中信大廈,/building/citic-tower/6180,office,direct_link
CKK Commercial Centre朱鈞記商業中心,/building/ckk-commercial-centre/1403,office,direct_link
CMA Building香港中華廠商聯合會大廈,/building/cma-building/133,office,direct_link
CMB Wing Lung Bank Building招商永隆銀行大廈,/building/cmb-wing-lung-bank-building/65,office,direct_link
CMB Wing Lung Bank Centre招商永隆銀行中心,/building/cmb-wing-lung-bank-centre/2953,office,direct_link
CNAC House中航大廈,/building/cnac-house/16882,office,direct_link
CNT Commercial Building北海商業大廈,/building/cnt-commercial-building/189,office,direct_link
CNT House宜興大廈,/building/cnt-house/1579,office,direct_link
CNT Tower北海中心,/building/cnt-tower/1380,office,direct_link
COS Centre中海日升中心,/building/cos-centre/7182,office,direct_link
CS Tower昌盛大廈,/building/cs-tower/2526,office,direct_link
CTF Life Tower周大福保險中心,/building/ctf-life-tower/15091,office,direct_link
CTG House中旅集團大廈,/building/ctg-house/121,office,direct_link
CTMA Centre兆萬中心,/building/ctma-centre/7269,office,direct_link
Caltex House德士古大廈,/building/caltex-house/1375,office,direct_link
Cambridge House康橋大廈,/building/cambridge-house/1661,office,direct_link
Cambridge House金壘商業中心,/building/cambridge-house/3507,office,direct_link
Camelpaint Centre駱駝漆中心,/building/camelpaint-centre/7882,office,direct_link
Cameron Centre金馬倫中心,/building/cameron-centre/3200,office,direct_link
Cameron Commercial Centre金聯商業中心,/building/cameron-commercial-centre/1376,office,direct_link
Cameron Plaza金馬倫廣場,/building/cameron-plaza/3510,office,direct_link
Cammer Commercial Building金馬商業大廈,/building/cammer-commercial-building/3518,office,direct_link
Canton House豐樂行,/building/canton-house/267,office,direct_link
Canton Plaza廣建中心,/building/canton-plaza/2389,office,direct_link
Capital Centre資本中心,/building/capital-centre/1152,office,direct_link
Capital Commercial Building凱基商業大廈,/building/capital-commercial-building/1075,office,direct_link
Capital Commercial Building富達商業大廈,/building/capital-commercial-building/5189,office,direct_link
Capital Tower富臨中心,/building/capital-tower/4932,office,direct_link
Capitol Centre Two京華中心二座,/building/capitol-centre-two/880,office,direct_link
Capitol Centre京華中心,/building/capitol-centre/852,office,direct_link
Capri Building嘉碧大廈,/building/capri-building/2711,office,direct_link
Capricorn Centre嘉康中心,/building/capricorn-centre/7350,office,direct_link
Car Po Commercial Building嘉寶商業大廈,/building/car-po-commercial-building/3737,office,direct_link
Carfield Commercial Building嘉兆商業大廈,/building/carfield-commercial-building/1968,office,direct_link
Carnarvon Plaza加拿芬廣場,/building/carnarvon-plaza/5706,office,direct_link
Carnival Commercial Building嘉匯商業大廈,/building/carnival-commercial-building/1904,office,direct_link
Casey Aberdeen House啟時深灣大廈,/building/casey-aberdeen-house/11523,office,direct_link
Casey Building啟時大廈,/building/casey-building/4260,office,direct_link
Cathay City國泰城,/building/cathay-city/7268,office,direct_link
Cathay House國泰坊,/building/cathay-house/16881,office,direct_link
Catic Plaza航空大廈,/building/catic-plaza/3174,office,direct_link
Causeway Bay Centre銅鑼灣中心,/building/causeway-bay-centre/2547,office,direct_link
Causeway Bay Commercial Building銅鑼灣商業大廈,/building/causeway-bay-commercial-building/2546,office,direct_link
Causeway Bay Plaza 1銅鑼灣廣場1期,/building/causeway-bay-plaza-1/1384,office,direct_link
Causeway Bay Plaza 2銅鑼灣廣場2期,/building/causeway-bay-plaza-2/977,office,direct_link
Celebrity Commercial Centre名人商業中心,/building/celebrity-commercial-centre/3305,office,direct_link
Central 88中環88,/building/central-88/58,office,direct_link
Central Building中建大廈,/building/central-building/1282,office,direct_link
Central Commercial Tower中匯商業大廈,/building/central-commercial-tower/2961,office,direct_link
Central Crossing匯中環,/building/central-crossing/1215,office,direct_link
Central Plaza中環廣場,/building/central-plaza/2007,office,direct_link
Central Tower中匯大廈,/building/central-tower/145,office,direct_link
Centre Mark II永業中心,/building/centre-mark-ii/173,office,direct_link
Centre Parc新明大廈,/building/centre-parc/15092,office,direct_link
Centre Point中怡大廈,/building/centre-point/1153,office,direct_link
Century House世紀商業大廈,/building/century-house/6852,office,direct_link
Century Square世紀廣場,/building/century-square/650,office,direct_link
Champion Building嘉賓商業大廈,/building/champion-building/3007,office,direct_link
Champion Building長達大廈,/building/champion-building/16,office,direct_link
Chang Pao Ching Building張寶慶大廈,/building/chang-pao-ching-building/1412,office,direct_link
Chao's Building趙氏大廈,/building/chao-s-building/13657,office,direct_link
Charmhill Centre俊僑商業中心,/building/charmhill-centre/3226,office,direct_link
Chasegold Tower金通商業大廈,/building/chasegold-tower/6376,office,direct_link
Chater House遮打大廈,/building/chater-house/1191,office,direct_link
Chatham Commercial Building東貿商業大廈,/building/chatham-commercial-building/7487,office,direct_link
Chau's Commercial Centre周氏商業中心,/building/chau-s-commercial-centre/6422,office,direct_link
Cheerful Commercial Building置富商業大廈,/building/cheerful-commercial-building/6401,office,direct_link
Cheong Hing Building昌興大廈,/building/cheong-hing-building/2939,office,direct_link
Cheong K Building章記大廈,/building/cheong-k-building/39,office,direct_link
Cheong Sun Tower昌生商業大廈,/building/cheong-sun-tower/2541,office,direct_link
Cheong Tai Building昌泰大廈,/building/cheong-tai-building/6931,office,direct_link
Cheong Tai Commercial Building昌泰商業大廈,/building/cheong-tai-commercial-building/2536,office,direct_link
Cheong Wah Commercial Building昌華商業大廈,/building/cheong-wah-commercial-building/2308,office,direct_link
Cheuk Nang Centre卓能中心,/building/cheuk-nang-centre/3224,office,direct_link
Cheung Fung Commercial Building長豐商業大廈,/building/cheung-fung-commercial-building/6305,office,direct_link
Cheung Hing Commercial Building祥興商業大廈,/building/cheung-hing-commercial-building/5677,office,direct_link
Cheung Kei Center Tower A祥祺中心A座,/building/cheung-kei-center-tower-a/16759,office,direct_link
Cheung Kong Center II長江集團中心二期,/building/cheung-kong-center-ii/17517,office,direct_link
Cheung Kong Center長江集團中心,/building/cheung-kong-center/166,office,direct_link
Cheung Lee Building長利大廈,/building/cheung-lee-building/6254,office,direct_link
Cheung Lee Commercial Building長利商業大廈,/building/cheung-lee-commercial-building/6511,office,direct_link
Cheung Sha Wan Plaza Tower 1長沙灣廣場第1期,/building/cheung-sha-wan-plaza-tower-1/6311,office,direct_link
Cheung Sha Wan Plaza Tower 2長沙灣廣場第2期,/building/cheung-sha-wan-plaza-tower-2/6312,office,direct_link
Cheung Wah Commercial Building昌華商業大廈,/building/cheung-wah-commercial-building/5553,office,direct_link
Cheung's Building世瑛大廈,/building/cheung-s-building/2531,office,direct_link
Chevalier Commercial Centre其士商業中心,/building/chevalier-commercial-centre/4552,office,direct_link
Chevalier House其士大廈,/building/chevalier-house/3207,office,direct_link
Chi Wo Commercial Building志和商業大廈,/building/chi-wo-commercial-building/5554,office,direct_link
China Building華人行,/building/china-building/138,office,direct_link
China Construction Bank Centre中國建設銀行中心,/building/china-construction-bank-centre/5241,office,direct_link
China Harbour Building振華大廈,/building/china-harbour-building/1690,office,direct_link
China Hong Kong Centre中港中心,/building/china-hong-kong-centre/2302,office,direct_link
China Hong Kong City Tower 1中港城 第1座,/building/china-hong-kong-city-tower-1/2291,office,direct_link
China Hong Kong City Tower 2中港城 第2座,/building/china-hong-kong-city-tower-2/2292,office,direct_link
China Hong Kong City Tower 3中港城 第3座,/building/china-hong-kong-city-tower-3/2293,office,direct_link
China Hong Kong City Tower 5中港城 第5座,/building/china-hong-kong-city-tower-5/2300,office,direct_link
China Hong Kong City Tower 6中港城 第6座,/building/china-hong-kong-city-tower-6/2294,office,direct_link
China Hong Kong Tower中港大廈,/building/china-hong-kong-tower/1393,office,direct_link
China Huarong Tower中國華融大廈,/building/china-huarong-tower/1155,office,direct_link
China Insurance Building中國保險大廈,/building/china-insurance-building/3508,office,direct_link
China Insurance Group Building中保集團大廈,/building/china-insurance-group-building/22,office,direct_link
China Life Center Tower A中國人壽中心A座,/building/china-life-center-tower-a/16758,office,direct_link
China Merchants Plaza招商局廣場,/building/china-merchants-plaza/17758,office,direct_link
China Minmetals Tower中國五礦大廈,/building/china-minmetals-tower/3201,office,direct_link
China Overseas Building中國海外大廈,/building/china-overseas-building/1382,office,direct_link
China Resources Building華潤大廈,/building/china-resources-building/2006,office,direct_link
China Shipbuilding Tower中國船舶大廈,/building/china-shipbuilding-tower/6270,office,direct_link
China Taiping Finance Centre中國太平金融中心,/building/china-taiping-finance-centre/4062,office,direct_link
China Taiping Tower 1中國太平大廈一期,/building/china-taiping-tower-1/3951,office,direct_link
China Taiping Tower 2中國太平大廈二期,/building/china-taiping-tower-2/3952,office,direct_link
China Travel Building中旅大廈,/building/china-travel-building/229,office,direct_link
China United Centre華匯中心,/building/china-united-centre/6153,office,direct_link
Chinachem 333 Plaza華懋333廣場,/building/chinachem-333-plaza/3303,office,direct_link
Chinachem Cameron Centre華懋金馬倫中心,/building/chinachem-cameron-centre/3511,office,direct_link
Chinachem Century Tower華懋世紀廣場,/building/chinachem-century-tower/1163,office,direct_link
Chinachem Exchange Square華懋交易廣場,/building/chinachem-exchange-square/3565,office,direct_link
Chinachem Golden Plaza華懋廣場,/building/chinachem-golden-plaza/2663,office,direct_link
Chinachem Hollywood Centre華懋荷里活中心,/building/chinachem-hollywood-centre/3611,office,direct_link
Chinachem Johnston Plaza華懋莊士敦廣場,/building/chinachem-johnston-plaza/1574,office,direct_link
Chinachem Leighton Plaza華懋禮頓廣場,/building/chinachem-leighton-plaza/1071,office,direct_link
Chinachem Tower華懋大廈,/building/chinachem-tower/129,office,direct_link
Chinachem Tsuen Wan Plaza華懋荃灣廣場,/building/chinachem-tsuen-wan-plaza/13712,office,direct_link
Chinaweal Centre中望商業中心,/building/chinaweal-centre/1502,office,direct_link
Chinese Club Building華商會所大廈,/building/chinese-club-building/111,office,direct_link
Chinese General Chamber of Commerce Building中華總商會大廈,/building/chinese-general-chamber-of-commerce-building/110,office,direct_link
Chit Lee Commercial Building捷利商業大廈,/building/chit-lee-commercial-building/13083,office,direct_link
Chiu Chow Association Building潮州會館,/building/chiu-chow-association-building/803,office,direct_link
Chiu Lung Building昭隆大廈,/building/chiu-lung-building/4452,office,direct_link
Chiyu Bank Building集友銀行大廈,/building/chiyu-bank-building/40,office,direct_link
Chong Fat Commercial Building昌發商業大廈,/building/chong-fat-commercial-building/17410,office,direct_link
Chong Hing Bank Centre創興銀行中心,/building/chong-hing-bank-centre/41,office,direct_link
Chong Hing Square創興廣場,/building/chong-hing-square/2949,office,direct_link
Chou Chong Commercial Building秋創商業大廈,/building/chou-chong-commercial-building/3343,office,direct_link
Chow Sang Sang Building周生生大廈,/building/chow-sang-sang-building/2836,office,direct_link
Chow Shing Kee Commercial Building周勝記商業大廈,/building/chow-shing-kee-commercial-building/6800,office,direct_link
Chow Tai Fook Centre周大福商業中心,/building/chow-tai-fook-centre/2968,office,direct_link
Chu Kong Shipping Tower珠江船務大廈,/building/chu-kong-shipping-tower/122,office,direct_link
Chuang's Tower莊士大廈,/building/chuang-s-tower/118,office,direct_link
Chuk On Building祝安商業中心,/building/chuk-on-building/2453,office,direct_link
Chun Hoi Commercial Building鎮海商業大廈,/building/chun-hoi-commercial-building/5191,office,direct_link
Chun Wah Commercial Building振華商業大廈,/building/chun-wah-commercial-building/5226,office,direct_link
Chun Wo Commercial Centre俊和商業中心,/building/chun-wo-commercial-centre/3173,office,direct_link
Chun Yee Building振宜大廈,/building/chun-yee-building/2938,office,direct_link
Chung Fung Commercial Building松鳳商業大廈,/building/chung-fung-commercial-building/2309,office,direct_link
Chung Hing Commercial Building中興商業大廈,/building/chung-hing-commercial-building/113,office,direct_link
Chung Kiu Commercial Building中僑商業大廈,/building/chung-kiu-commercial-building/15050,office,direct_link
Chung Nam Building中南大廈,/building/chung-nam-building/973,office,direct_link
Chung Nam House中南行,/building/chung-nam-house/38,office,direct_link
Chung Pak Health Care Services Complex松柏康健服務大樓,/building/chung-pak-health-care-services-complex/4688,office,direct_link
Chung Pont Commercial Building中邦商業大廈,/building/chung-pont-commercial-building/1413,office,direct_link
Chung Sheung Art Building中商藝術大廈,/building/chung-sheung-art-building/3604,office,direct_link
Chung Wai Commercial Building中威商業大廈,/building/chung-wai-commercial-building/998,office,direct_link
Chung Wo Commercial Centre忠和商業中心,/building/chung-wo-commercial-centre/5193,office,direct_link
Chung Ying Building中英大廈,/building/chung-ying-building/633,office,direct_link
Circle Plaza永光商業大廈,/building/circle-plaza/1379,office,direct_link
Circle Tower永光中心,/building/circle-tower/6133,office,direct_link
Citi Tower花旗大樓,/building/citi-tower/5359,office,direct_link
Citicorp Centre萬國寶通中心,/building/citicorp-centre/1957,office,direct_link
Citimark都會廣場,/building/citimark/6470,office,direct_link
Civic Commercial Building置域商業大廈,/building/civic-commercial-building/6691,office,direct_link
Club Lusitano西洋會所,/building/club-lusitano/1290,office,direct_link
Coasia Building合亞大廈,/building/coasia-building/999,office,direct_link
Coda Commercial Centre科達商業大廈,/building/coda-commercial-centre/180,office,direct_link
Coda Plaza科達中心,/building/coda-plaza/1291,office,direct_link
Cofco Tower中糧大廈,/building/cofco-tower/1146,office,direct_link
Commerce Tower昌寶中心,/building/commerce-tower/6956,office,direct_link
Comweb Plaza經達廣場,/building/comweb-plaza/7436,office,direct_link
Concord Commercial Building六合商業大廈,/building/concord-commercial-building/1640,office,direct_link
Concordia Plaza康宏廣場,/building/concordia-plaza/3105,office,direct_link
Connaught Commercial Building康樂商業大廈,/building/connaught-commercial-building/2248,office,direct_link
Connaught Harbourfront House康諾維港大廈,/building/connaught-harbourfront-house/645,office,direct_link
Connaught Marina干諾中心,/building/connaught-marina/582,office,direct_link
Contempo Place鴻圖道81號,/building/contempo-place/4729,office,direct_link
Convention Plaza Office Tower會展廣場辦公大樓,/building/convention-plaza-office-tower/2005,office,direct_link
Convex Building康威大廈,/building/convex-building/5467,office,direct_link
Conwell House金禾大廈,/building/conwell-house/2043,office,direct_link
Core Building - Science Park核心大樓-科學園,/building/core-building-science-park/11155,office,direct_link
Corn Yan Centre澤盈中心,/building/corn-yan-centre/3776,office,direct_link
Corporation Park企業中心,/building/corporation-park/8169,office,direct_link
Cosco Tower中遠大廈,/building/cosco-tower/164,office,direct_link
Cosmos Building昌隆商業大廈,/building/cosmos-building/2565,office,direct_link
Crason Commercial Centre加盛商業中心,/building/crason-commercial-centre/2999,office,direct_link
Crawford House卡佛大廈,/building/crawford-house/143,office,direct_link
Crawford Tower嘉發商業中心,/building/crawford-tower/2456,office,direct_link
Crocodile Center鱷魚恤中心,/building/crocodile-center/5597,office,direct_link
Crystal Tower晶苑大廈,/building/crystal-tower/17778,office,direct_link
Cyberport 1數碼港 1座,/building/cyberport-1/7497,office,direct_link
Cyberport 2數碼港 2座,/building/cyberport-2/7498,office,direct_link
Cyberport 3數碼港 3座,/building/cyberport-3/7499,office,direct_link
Cyberport 4數碼港 4座,/building/cyberport-4/17290,office,direct_link
D.J. Securities Building申新證券大廈,/building/d-j-securities-building/5360,office,direct_link
D2 Place One長義街9號,/building/d2-place-one/6052,office,direct_link
D2 Place Two長順街15號,/building/d2-place-two/8019,office,direct_link
DB North Office Block 1愉景北商場辦公室一期,/building/db-north-office-block-1/13064,office,direct_link
DB North Office Block 2愉景北商場辦公室二期,/building/db-north-office-block-2/13065,office,direct_link
DL Tower德林大廈,/building/dl-tower/17702,office,direct_link
Dah Chong Hong Group Building大昌行集團大廈,/building/dah-chong-hong-group-building/4615,office,direct_link
Dah Sing Financial Centre大新金融中心,/building/dah-sing-financial-centre/361,office,direct_link
Dah Sing Life Building大新人壽大廈,/building/dah-sing-life-building/18,office,direct_link
Daily House海利行,/building/daily-house/5385,office,direct_link
Dannies House其康大廈,/building/dannies-house/2087,office,direct_link
David House德惠行,/building/david-house/7228,office,direct_link
Dawning House多寧大廈,/building/dawning-house/109,office,direct_link
De Hua Tower德華中心,/building/de-hua-tower/17962,office,direct_link
Deli2威達商業大廈,/building/deli2/4849,office,direct_link
Delta House匯達大廈,/building/delta-house/7222,office,direct_link
Des Voeux Building德輔大廈,/building/des-voeux-building/788,office,direct_link
Devon House德宏大廈,/building/devon-house/1678,office,direct_link
Dominion Centre東美中心,/building/dominion-centre/366,office,direct_link
Dorset House多盛大廈,/building/dorset-house/1676,office,direct_link
Double Building登寶大廈,/building/double-building/2044,office,direct_link
Double Set Commercial Centre德寶城商業中心,/building/double-set-commercial-centre/3548,office,direct_link
Duke Of Windsor Social Service Building溫莎公爵社會服務大廈,/building/duke-of-windsor-social-service-building/1431,office,direct_link
Duke Wellington House威靈頓公爵大廈,/building/duke-wellington-house/1244,office,direct_link
Dundas Square登打士廣場,/building/dundas-square/3084,office,direct_link
E-Trade Plaza東貿廣場,/building/e-trade-plaza/4439,office,direct_link
EC Healthcare Tower (Central)醫思健康大樓 (中環),/building/ec-healthcare-tower-central/131,office,direct_link
EDGE葵榮路30-34號,/building/edge/12143,office,direct_link
EGL Tower東瀛遊廣場,/building/egl-tower/4738,office,direct_link
EIB Tower經信商業大廈,/building/eib-tower/2250,office,direct_link
Easey Commercial Building依時商業大廈,/building/easey-commercial-building/1392,office,direct_link
East Exchange Tower東區機樓大廈,/building/east-exchange-tower/1079,office,direct_link
East Ocean Centre東海商業中心,/building/east-ocean-centre/2619,office,direct_link
"East Point Centre, New Wing東角中心新翼",/building/east-point-centre-new-wing/1395,office,direct_link
East Point Centre東角中心,/building/east-point-centre/1378,office,direct_link
East Town Building東城大廈,/building/east-town-building/976,office,direct_link
Eastcore觀塘道398號,/building/eastcore/4589,office,direct_link
Eastern Central Plaza東匯廣場,/building/eastern-central-plaza/6079,office,direct_link
Eastern Commercial Centre東區商業中心,/building/eastern-commercial-centre/1381,office,direct_link
Eastern Commercial Centre海安商業中心,/building/eastern-commercial-centre/6047,office,direct_link
Eastern Flower Centre東麗中心,/building/eastern-flower-centre/3516,office,direct_link
Eastmark常悅道21號,/building/eastmark/15088,office,direct_link
Easy Tower永義廣場,/building/easy-tower/11453,office,direct_link
Edinburgh Tower公爵大廈,/building/edinburgh-tower/152,office,direct_link
Edward Wong Tower安泰大廈,/building/edward-wong-tower/6302,office,direct_link
Effectual Building宜發大廈,/building/effectual-building/1402,office,direct_link
Eight Commercial Tower8號商業廣場,/building/eight-commercial-tower/4139,office,direct_link
Elite Centre俊匯中心,/building/elite-centre/4713,office,direct_link
Eltee Building誠興大廈,/building/eltee-building/4450,office,direct_link
Emperor Commercial Centre英皇商業中心,/building/emperor-commercial-centre/59,office,direct_link
Emperor Group Centre英皇集團中心,/building/emperor-group-centre/1386,office,direct_link
Emperor Hollywood Centre英皇荷里活中心,/building/emperor-hollywood-centre/3633,office,direct_link
Empire Centre帝國中心,/building/empire-centre/2666,office,direct_link
Empress Plaza帝后廣場,/building/empress-plaza/3206,office,direct_link
Energy Plaza幸福中心,/building/energy-plaza/2617,office,direct_link
Enterprise Building聯業大廈,/building/enterprise-building/191,office,direct_link
Enterprise Place - Science Park企業廣場 - 科學園,/building/enterprise-place-science-park/11156,office,direct_link
Enterprise Square Five Tower 1企業廣場五期一座,/building/enterprise-square-five-tower-1/5237,office,direct_link
Enterprise Square Five Tower 2企業廣場五期二座,/building/enterprise-square-five-tower-2/5235,office,direct_link
Enterprise Square Three企業廣場三期,/building/enterprise-square-three/5238,office,direct_link
Enterprise Square Tower 1企業廣場一期一座,/building/enterprise-square-tower-1/15085,office,direct_link
Enterprise Square Tower 2企業廣場一期二座,/building/enterprise-square-tower-2/15086,office,direct_link
Enterprise Square Tower 3企業廣場一期三座,/building/enterprise-square-tower-3/15087,office,direct_link
Enterprise Square Two企業廣場二期,/building/enterprise-square-two/15084,office,direct_link
Entertainment Building娛樂行,/building/entertainment-building/140,office,direct_link
Eton Building易通商業大廈,/building/eton-building/44,office,direct_link
Eton Tower裕景商業中心,/building/eton-tower/6341,office,direct_link
Eu Yan Sang Tower余仁生中心,/building/eu-yan-sang-tower/3202,office,direct_link
Eurasia Building歐亞大廈,/building/eurasia-building/2037,office,direct_link
Euro Trade Centre歐陸貿易中心,/building/euro-trade-centre/136,office,direct_link
European Asian Bank Building歐亞銀行大廈,/building/european-asian-bank-building/3001,office,direct_link
Ever Gain Building (No.3)永得利大廈(第三座),/building/ever-gain-building-no-3/5351,office,direct_link
Ever Gain Plaza Tower 1永得利廣場一座,/building/ever-gain-plaza-tower-1/7250,office,direct_link
Ever Gain Plaza Tower 2永得利廣場二座,/building/ever-gain-plaza-tower-2/7251,office,direct_link
Everbright Centre光大中心,/building/everbright-centre/1158,office,direct_link
Everglory Centre恆港中心,/building/everglory-centre/7439,office,direct_link
Evernew Commerical Centre百新商業大廈,/building/evernew-commerical-centre/17283,office,direct_link
Everprofit Commercial Building恆利商業大廈,/building/everprofit-commercial-building/4158,office,direct_link
Excel Centre卓匯中心,/building/excel-centre/3298,office,direct_link
Excellente Commercial Building拔萃商業大廈,/building/excellente-commercial-building/1499,office,direct_link
Exchange Tower國際交易中心,/building/exchange-tower/5239,office,direct_link
FLK Tower馮良記中心,/building/flk-tower/1594,office,direct_link
Fa Yuen Commercial Building花園商業大廈,/building/fa-yuen-commercial-building/4999,office,direct_link
Fai Man Building輝文大廈,/building/fai-man-building/4151,office,direct_link
Fairmont House東昌大廈,/building/fairmont-house/2003,office,direct_link
Far East Consortium Building遠東發展大廈,/building/far-east-consortium-building/2954,office,direct_link
Far East Finance Centre遠東金融中心,/building/far-east-finance-centre/1132,office,direct_link
Fee Tat Commercial Centre飛達商業中心,/building/fee-tat-commercial-centre/2977,office,direct_link
Festigood Centre豐樂工貿中心,/building/festigood-centre/11518,office,direct_link
Festival Walk Office Tower又一城商業大樓,/building/festival-walk-office-tower/6782,office,direct_link
Finance Building金融商業大廈,/building/finance-building/45,office,direct_link
First Commercial Building第一商業大廈,/building/first-commercial-building/1069,office,direct_link
First Group Centre第一集團中心,/building/first-group-centre/17800,office,direct_link
Five Pacific Place太古廣場5座,/building/five-pacific-place/1336,office,direct_link
Fontaine Building建泉大廈,/building/fontaine-building/2668,office,direct_link
Foo Hoo Centre富好中心,/building/foo-hoo-centre/2741,office,direct_link
Foo Sang Building富生行,/building/foo-sang-building/2489,office,direct_link
Foo Yik Commercial Building富益商業大廈,/building/foo-yik-commercial-building/11949,office,direct_link
Fortis Tower富通大廈,/building/fortis-tower/1159,office,direct_link
Fortress Tower北角城中心,/building/fortress-tower/1679,office,direct_link
Fortune Centre恩平中心,/building/fortune-centre/1636,office,direct_link
Fortune Commercial Building全發商業大廈,/building/fortune-commercial-building/6424,office,direct_link
Fortune House福興大廈,/building/fortune-house/105,office,direct_link
Four Seas Communications Bank Building四海通銀行大廈,/building/four-seas-communications-bank-building/2509,office,direct_link
Four Seas Group Centre四洲集團中心,/building/four-seas-group-centre/11207,office,direct_link
Fourseas Building四海大廈,/building/fourseas-building/2997,office,direct_link
Foyer英皇道625號,/building/foyer/1667,office,direct_link
Friendship Commercial Building友誼商業大廈,/building/friendship-commercial-building/3657,office,direct_link
Fu Fai Commercial Centre富輝商業中心,/building/fu-fai-commercial-centre/2459,office,direct_link
Fu Hing Building富興大廈,/building/fu-hing-building/4267,office,direct_link
Fu Lee Commercial Building富利商業大廈,/building/fu-lee-commercial-building/8023,office,direct_link
Fubon Bank Building富邦銀行大廈,/building/fubon-bank-building/21,office,direct_link
Fugro House - KCC2輝固大廈 - KCC2,/building/fugro-house-kcc2/6841,office,direct_link
Fuk Shing Commercial Building福成商業大廈,/building/fuk-shing-commercial-building/16276,office,direct_link
Full View Commercial Building富偉商業大廈,/building/full-view-commercial-building/52,office,direct_link
Full Win Commercial Centre富運商業中心,/building/full-win-commercial-centre/2998,office,direct_link
Fullerton Centre富登中心,/building/fullerton-centre/4736,office,direct_link
Fullytech Centre富利達中心,/building/fullytech-centre/12446,office,direct_link
Fung Lok Commercial Building豐樂商業大廈,/building/fung-lok-commercial-building/2533,office,direct_link
Fung Sang Trading Building豐生貿易大廈,/building/fung-sang-trading-building/3579,office,direct_link
Fung Woo Centre豐和商業大廈,/building/fung-woo-centre/64,office,direct_link
Futura Plaza富利廣場,/building/futura-plaza/4601,office,direct_link
GF Tower廣發大廈,/building/gf-tower/17492,office,direct_link
Gala Place家樂坊,/building/gala-place/3085,office,direct_link
Galuxe Building紀利大廈,/building/galuxe-building/8170,office,direct_link
Gaylord Commercial Building嘉洛商業大廈,/building/gaylord-commercial-building/1000,office,direct_link
Gee Foo Commercial Building致富商業大廈,/building/gee-foo-commercial-building/6730,office,direct_link
Gee Luen Hing Industrial Building志聯興工業大廈,/building/gee-luen-hing-industrial-building/5669,office,direct_link
Gee Tuck Building至德大廈,/building/gee-tuck-building/13651,office,direct_link
Gem Fair Commercial Building玉暉商業大廈,/building/gem-fair-commercial-building/2314,office,direct_link
General Commercial Building通用商業大廈,/building/general-commercial-building/56,office,direct_link
Genesis創協坊,/building/genesis/3810,office,direct_link
Get Nice Centre結好中心,/building/get-nice-centre/7486,office,direct_link
Ginza Plaza銀城廣場,/building/ginza-plaza/7271,office,direct_link
Ginza Square銀座廣場,/building/ginza-square/2994,office,direct_link
Glassview Commercial Building豪景商業大廈,/building/glassview-commercial-building/13765,office,direct_link
Global Plaza環貿廣場,/building/global-plaza/17427,office,direct_link
Global Trade Square環匯廣場,/building/global-trade-square/3829,office,direct_link
Glory Centre高荔商業中心,/building/glory-centre/3227,office,direct_link
Gloucester Tower告羅士打大廈,/building/gloucester-tower/153,office,direct_link
Gofuku Tower幸福商業大廈,/building/gofuku-tower/6668,office,direct_link
Gold & Silver Commercial Building金銀商業大廈,/building/gold-silver-commercial-building/4280,office,direct_link
Gold Field Commercial Building高富商業大廈,/building/gold-field-commercial-building/9296,office,direct_link
Gold Shine Tower金煌行,/building/gold-shine-tower/182,office,direct_link
Gold Swan Commercial Building金鵝商業大廈,/building/gold-swan-commercial-building/1396,office,direct_link
Gold Union Commercial Building金祐商業大廈,/building/gold-union-commercial-building/619,office,direct_link
Golden Bloom Centre金利隆中心,/building/golden-bloom-centre/858,office,direct_link
Golden Centre金龍中心,/building/golden-centre/8,office,direct_link
Golden Dragon Centre金龍中心,/building/golden-dragon-centre/3512,office,direct_link
Golden Dragon Commercial  Building金龍商業大廈,/building/golden-dragon-commercial-building/2969,office,direct_link
Golden Era Plaza金雞廣場,/building/golden-era-plaza/7111,office,direct_link
Golden Gate Commercial Building金門商業大廈,/building/golden-gate-commercial-building/2715,office,direct_link
Golden Hill Commercial Building金山商業中心,/building/golden-hill-commercial-building/3154,office,direct_link
Golden Hill Commercial Mansion金軒商業大廈,/building/golden-hill-commercial-mansion/1424,office,direct_link
Golden House金明行,/building/golden-house/2138,office,direct_link
Golden Name Commercial Building鴻曙商業大廈,/building/golden-name-commercial-building/5434,office,direct_link
Golden Resources Tower金源集團大廈,/building/golden-resources-tower/17577,office,direct_link
Golden Star Building金星大廈,/building/golden-star-building/991,office,direct_link
Golden Sun Centre金日集團中心,/building/golden-sun-centre/3577,office,direct_link
Goldfield Tower金輝行,/building/goldfield-tower/15673,office,direct_link
Goldsland Building恒成大廈,/building/goldsland-building/5230,office,direct_link
Good Dragon Building龍祥大廈,/building/good-dragon-building/12201,office,direct_link
Good Harvest Commercial Building好收成商業大廈,/building/good-harvest-commercial-building/3020,office,direct_link
Good Hope Building好望角大廈,/building/good-hope-building/2862,office,direct_link
Goodfit Commercial Building好發商業大廈,/building/goodfit-commercial-building/2584,office,direct_link
Goodview Centre裕景中心,/building/goodview-centre/13073,office,direct_link
Gough Plaza經富中心,/building/gough-plaza/10525,office,direct_link
Grancastle Commercial Centre添置商業中心,/building/grancastle-commercial-centre/7320,office,direct_link
Grand Building大昌大廈,/building/grand-building/124,office,direct_link
Grand Central Plaza Tower 1新城市中央廣場1座,/building/grand-central-plaza-tower-1/7243,office,direct_link
Grand Central Plaza Tower 2新城市中央廣場2座,/building/grand-central-plaza-tower-2/7244,office,direct_link
Grand Centre格蘭中心,/building/grand-centre/6025,office,direct_link
Grand Century Place Tower 1新世紀廣場1期,/building/grand-century-place-tower-1/6926,office,direct_link
Grand Century Place Tower 2新世紀廣場2期,/building/grand-century-place-tower-2/6925,office,direct_link
Grand City Plaza新領域廣場,/building/grand-city-plaza/7169,office,direct_link
Grand Place譽發廣場,/building/grand-place/2952,office,direct_link
Grand Plaza Office Tower One雅蘭中心一期,/building/grand-plaza-office-tower-one/3011,office,direct_link
Grand Plaza Office Tower Two雅蘭中心二期,/building/grand-plaza-office-tower-two/3012,office,direct_link
Grand Progress Building協興大廈,/building/grand-progress-building/2564,office,direct_link
Grand Right Centre宏威中心,/building/grand-right-centre/3513,office,direct_link
Grandmark加威中心,/building/grandmark/2622,office,direct_link
Granville House嘉威大廈,/building/granville-house/2623,office,direct_link
Great Eagle Centre鷹君中心,/building/great-eagle-centre/2004,office,direct_link
Great Smart Tower佳誠大廈,/building/great-smart-tower/2244,office,direct_link
Greatmany Centre智群商業中心,/building/greatmany-centre/364,office,direct_link
Green 18 - Science Park綠景樓 - 科技園,/building/green-18-science-park/17315,office,direct_link
Greenwich Centre怡安中心,/building/greenwich-centre/1675,office,direct_link
Guangdong Finance Building粵財大廈,/building/guangdong-finance-building/646,office,direct_link
Guangdong Investment Tower粵海投資大廈,/building/guangdong-investment-tower/119,office,direct_link
Guangdong Tours Centre廣旅集團大廈,/building/guangdong-tours-centre/3412,office,direct_link
Guardian House愛群商業大廈,/building/guardian-house/2160,office,direct_link
H Code High BlockH Code 高座,/building/h-code-high-block/2130,office,direct_link
H Zentre中間道15號,/building/h-zentre/6506,office,direct_link
HDH Centre亨利集團中心,/building/hdh-centre/6007,office,direct_link
HK Chinese Bank CWB Centre華人銀行東區大廈,/building/hk-chinese-bank-cwb-centre/1619,office,direct_link
HKPC Building香港生產力促進局,/building/hkpc-building/6784,office,direct_link
HKSC Tower香港商專大樓,/building/hksc-tower/2704,office,direct_link
HSBC Building Mongkok旺角匯豐大廈,/building/hsbc-building-mongkok/2981,office,direct_link
HSBC Building Tsim Sha Tsui尖沙咀滙豐大廈,/building/hsbc-building-tsim-sha-tsui/2853,office,direct_link
HSBC Building Yuen Long元朗匯豐大廈,/building/hsbc-building-yuen-long/13751,office,direct_link
HSBC Centre Tower 1匯豐中心第一座,/building/hsbc-centre-tower-1/17952,office,direct_link
HSBC Main Building香港上海匯豐銀行總行大廈,/building/hsbc-main-building/163,office,direct_link
Haleson Building喜訊大廈,/building/haleson-building/4268,office,direct_link
Hanford Commercial Centre恆福商業中心,/building/hanford-commercial-centre/3025,office,direct_link
Hang Bong Commercial Centre恆邦商業中心,/building/hang-bong-commercial-centre/5185,office,direct_link
Hang Fat Trading House恆發貿易大廈,/building/hang-fat-trading-house/3578,office,direct_link
Hang Lung Centre恆隆中心,/building/hang-lung-centre/1104,office,direct_link
Hang Lung House恒隆大廈,/building/hang-lung-house/208,office,direct_link
Hang Pont Commercial Building恒邦商業大廈,/building/hang-pont-commercial-building/15441,office,direct_link
Hang Seng 113恒生113,/building/hang-seng-113/3156,office,direct_link
Hang Seng Bank Headquarters恒生銀行總行,/building/hang-seng-bank-headquarters/89,office,direct_link
Hang Seng Castle Peak Road Building恒生青山道大廈,/building/hang-seng-castle-peak-road-building/3387,office,direct_link
Hang Seng Causeway Bay Building恒生銅鑼灣大廈,/building/hang-seng-causeway-bay-building/1618,office,direct_link
Hang Seng Kowloon City Building恒生九龍城大廈,/building/hang-seng-kowloon-city-building/6896,office,direct_link
Hang Seng Mongkok Building恒生旺角大廈,/building/hang-seng-mongkok-building/2942,office,direct_link
Hang Seng North Point Building恒生北角大廈,/building/hang-seng-north-point-building/1732,office,direct_link
Hang Seng Tower恒生中心,/building/hang-seng-tower/17513,office,direct_link
Hang Seng Tsim Sha Tsui Building恆生尖沙咀大廈,/building/hang-seng-tsim-sha-tsui-building/5704,office,direct_link
Hang Seng Tsuen Wan Building恒生荃灣大廈,/building/hang-seng-tsuen-wan-building/6444,office,direct_link
Hang Seng Wanchai Building恒生灣仔大廈,/building/hang-seng-wanchai-building/1422,office,direct_link
Hang Seng Yuen Long Building恒生元朗大廈,/building/hang-seng-yuen-long-building/13727,office,direct_link
Hang Shing Building恒成大廈,/building/hang-shing-building/2959,office,direct_link
Hang Shun Building恒信大廈,/building/hang-shun-building/2000,office,direct_link
Hang Shun Commercial Building恆信商業大廈,/building/hang-shun-commercial-building/3515,office,direct_link
Hang Tung Resources Centre恆通資源中心,/building/hang-tung-resources-centre/13556,office,direct_link
Hang Wai Commercial Building恆威商業大廈,/building/hang-wai-commercial-building/356,office,direct_link
Hanley House恆利商業大廈,/building/hanley-house/3016,office,direct_link
Hanway Commercial Centre恆威商業中心,/building/hanway-commercial-centre/3083,office,direct_link
Harbour Centre海港中心,/building/harbour-centre/2010,office,direct_link
Harbour Commercial Building海港商業大廈,/building/harbour-commercial-building/128,office,direct_link
Harbour Crystal Centre港晶中心,/building/harbour-crystal-centre/2620,office,direct_link
Harbourside HQ啟匯,/building/harbourside-hq/11442,office,direct_link
Harcourt House夏愨大廈,/building/harcourt-house/1148,office,direct_link
Harilela House夏利里拉行,/building/harilela-house/1997,office,direct_link
Hart Avenue Plaza德裕中心,/building/hart-avenue-plaza/6635,office,direct_link
Hart House赫德大廈,/building/hart-house/6638,office,direct_link
Harvard Commercial Building豪富商業大廈,/building/harvard-commercial-building/2580,office,direct_link
Harvest Building恒豐大廈,/building/harvest-building/2559,office,direct_link
Haven Commercial Building凱豐商業大廈,/building/haven-commercial-building/11220,office,direct_link
Health Aura,/building/health-aura/17496,office,direct_link
Hecny Centre均輝中心,/building/hecny-centre/4934,office,direct_link
Hecny Tower均輝大廈,/building/hecny-tower/3205,office,direct_link
Heep Kee Commercial Building協基商業大廈,/building/heep-kee-commercial-building/2521,office,direct_link
Henan Building豫港大廈,/building/henan-building/1504,office,direct_link
Henan Electric Development Building豫港電力發展大廈,/building/henan-electric-development-building/1684,office,direct_link
Henfa Commercial Building恒發商業大廈,/building/henfa-commercial-building/1023,office,direct_link
Heng Shan Centre恆山中心,/building/heng-shan-centre/360,office,direct_link
Henley Building衡怡大廈,/building/henley-building/165,office,direct_link
Hennessy Plaza亨寧商業大廈,/building/hennessy-plaza/1421,office,direct_link
Hermes Commercial Centre恒貿商業中心,/building/hermes-commercial-centre/3220,office,direct_link
Hermes House國際電信大廈,/building/hermes-house/6505,office,direct_link
Heung Lam Building香林大廈,/building/heung-lam-building/103,office,direct_link
High Fashion Centre達利國際中心,/building/high-fashion-centre/7343,office,direct_link
Hillier Commercial Building喜利商業大廈,/building/hillier-commercial-building/13655,office,direct_link
Hilltop Plaza鴻豐商業中心,/building/hilltop-plaza/3609,office,direct_link
Hing Lee Building興利大廈,/building/hing-lee-building/836,office,direct_link
Hing Lee Commercial Building興利大廈,/building/hing-lee-commercial-building/5150,office,direct_link
Hing Loong Building興隆樓,/building/hing-loong-building/2527,office,direct_link
Hing Lung Commercial Building興隆大廈,/building/hing-lung-commercial-building/13664,office,direct_link
Hing Tai Commercial Building興泰商業大廈,/building/hing-tai-commercial-building/2525,office,direct_link
Hing Wah Commercial Building慶華商業大廈,/building/hing-wah-commercial-building/5077,office,direct_link
Hing Wai Building興瑋大廈,/building/hing-wai-building/169,office,direct_link
Hing Wan Commercial Building慶雲商業大廈,/building/hing-wan-commercial-building/7120,office,direct_link
Hing Yip Commercial Centre興業商業中心,/building/hing-yip-commercial-centre/46,office,direct_link
Hip Kwan Commercial Building協群商業大廈,/building/hip-kwan-commercial-building/15801,office,direct_link
Hip Shing Hong Centre協成行中心,/building/hip-shing-hong-centre/35,office,direct_link
Hip Shing Hong Kowloon Centre協成行九龍中心,/building/hip-shing-hong-kowloon-centre/2951,office,direct_link
Ho King Commercial Centre好景商業中心,/building/ho-king-commercial-centre/4972,office,direct_link
Ho Lee Commercial Building好利商業大廈,/building/ho-lee-commercial-building/652,office,direct_link
Hody Commercial Building好德商業大廈,/building/hody-commercial-building/6633,office,direct_link
Hoi Kiu Commercial Building開僑商業大廈,/building/hoi-kiu-commercial-building/112,office,direct_link
Hoi Ying Building凱英大廈,/building/hoi-ying-building/1821,office,direct_link
Hollywood Centre荷李活中心,/building/hollywood-centre/400,office,direct_link
Hollywood Centre荷李活商業中心,/building/hollywood-centre/3612,office,direct_link
Hollywood Commercial House荷李活商業大廈,/building/hollywood-commercial-house/4134,office,direct_link
Hollywood Plaza荷李活商業中心,/building/hollywood-plaza/3004,office,direct_link
Hon Hing Commercial Building漢興商業大廈,/building/hon-hing-commercial-building/7965,office,direct_link
Hon Kwok Jordan Centre漢國佐敦中心,/building/hon-kwok-jordan-centre/3225,office,direct_link
Honest Building合誠大廈,/building/honest-building/1077,office,direct_link
Hong Kong & Macau Building寶基大廈,/building/hong-kong-macau-building/108,office,direct_link
Hong Kong Arts Centre香港藝術中心,/building/hong-kong-arts-centre/2011,office,direct_link
Hong Kong Diamond Exchange Building香港鑽石會大廈,/building/hong-kong-diamond-exchange-building/1966,office,direct_link
Hong Kong Health Check Tower香港體檢中心,/building/hong-kong-health-check-tower/2901,office,direct_link
Hong Kong House香港工商大廈,/building/hong-kong-house/1245,office,direct_link
Hong Kong Jewellery Building香港珠寶大廈,/building/hong-kong-jewellery-building/179,office,direct_link
Hong Kong Li-Ning Building香港李寧大廈,/building/hong-kong-li-ning-building/2789,office,direct_link
Hong Kong Pacific Centre亞太中心,/building/hong-kong-pacific-centre/3431,office,direct_link
Hong Kong Plaza香港商業中心,/building/hong-kong-plaza/641,office,direct_link
Hong Kong Science Park Harbour View 1香港科學園海濱大樓一座,/building/hong-kong-science-park-harbour-view-1/16549,office,direct_link
Hong Kong Science Park Harbour View 2香港科學園海濱大樓二座,/building/hong-kong-science-park-harbour-view-2/16550,office,direct_link
Hong Kong Science Park Lakeside 1香港科學園尚湖樓,/building/hong-kong-science-park-lakeside-1/11151,office,direct_link
Hong Kong Science Park Lakeside 2香港科學園浚湖樓,/building/hong-kong-science-park-lakeside-2/11152,office,direct_link
Hong Kong Spinners Industrial Building Phase 6香港紗廠工業大廈第六期,/building/hong-kong-spinners-industrial-building-phase-6/3284,office,direct_link
Hong Kong Trade Centre香港貿易中心,/building/hong-kong-trade-centre/19,office,direct_link
Hong Xiang Centre鴻翔中心,/building/hong-xiang-centre/357,office,direct_link
Honytex Building好利時大廈,/building/honytex-building/4673,office,direct_link
Hop Shing Commercial Building合誠商業大廈,/building/hop-shing-commercial-building/5576,office,direct_link
Hop Ying Commercial Centre合盈商業中心,/building/hop-ying-commercial-centre/2956,office,direct_link
Hop Yuen Centre合源中心,/building/hop-yuen-centre/247,office,direct_link
Hopewell Centre合和中心,/building/hopewell-centre/365,office,direct_link
Horizon East東旺中心,/building/horizon-east/7502,office,direct_link
Horizon Plaza新海怡廣場,/building/horizon-plaza/6182,office,direct_link
Hoseinee House賀善尼大廈,/building/hoseinee-house/1987,office,direct_link
Houng Sun Building宏生大廈,/building/houng-sun-building/5688,office,direct_link
Houston Centre好時中心,/building/houston-centre/2660,office,direct_link
Hua Chiao Commercial Centre華僑商業中心,/building/hua-chiao-commercial-centre/2967,office,direct_link
Hua Fu Commercial Building華富商業大廈,/building/hua-fu-commercial-building/368,office,direct_link
Hua Qin International Building華秦國際大廈,/building/hua-qin-international-building/194,office,direct_link
Hub 8八福匯,/building/hub-8/7976,office,direct_link
Humphrey Plaza堪富利廣場,/building/humphrey-plaza/6027,office,direct_link
Humphrey's Building堪富利士大廈,/building/humphrey-s-building/6028,office,direct_link
Hung Kei Mansion鴻基大廈,/building/hung-kei-mansion/3602,office,direct_link
Hung Tak Building鴻德大廈,/building/hung-tak-building/61,office,direct_link
Hung To Centre鴻圖中心,/building/hung-to-centre/4609,office,direct_link
Hung To Commercial Building鴻圖商業大廈,/building/hung-to-commercial-building/993,office,direct_link
Hunghom Commercial Centre A紅磡商業中心A座,/building/hunghom-commercial-centre-a/6374,office,direct_link
Hunghom Commercial Centre B紅磡商業中心B座,/building/hunghom-commercial-centre-b/6375,office,direct_link
Hutchison Telecom Tower和記電訊大廈,/building/hutchison-telecom-tower/17417,office,direct_link
Hyde Centre海聯大廈,/building/hyde-centre/1175,office,direct_link
Hysan Place希慎廣場,/building/hysan-place/1387,office,direct_link
IC Development Centre - Science Park集成電路開發中心  - 科技園,/building/ic-development-centre-science-park/17309,office,direct_link
IUKI Tower耀基商業大廈,/building/iuki-tower/5965,office,direct_link
IW Building愛得甫大廈,/building/iw-building/844,office,direct_link
IW Centre荔枝角道93-95號,/building/iw-centre/7374,office,direct_link
Imperial Building帝國大廈,/building/imperial-building/2305,office,direct_link
Infinitus Plaza無限極廣場,/building/infinitus-plaza/5,office,direct_link
Infotech Centre訊科中心,/building/infotech-centre/4741,office,direct_link
Inter-Continental Plaza明輝中心,/building/inter-continental-plaza/2616,office,direct_link
International Commerce Centre環球貿易廣場,/building/international-commerce-centre/8230,office,direct_link
International Enterprise Centre III國際企業中心三期,/building/international-enterprise-centre-iii/15229,office,direct_link
International Enterprise Centre I國際企業中心一期,/building/international-enterprise-centre-i/17296,office,direct_link
International Gateway Centre	Tower 2,/building/international-gateway-centre-tower-2/18118,office,direct_link
International Gateway Centre Tower 1,/building/international-gateway-centre-tower-1/18119,office,direct_link
International Plaza環球工商大廈,/building/international-plaza/15083,office,direct_link
Island Beverley金百利中心,/building/island-beverley/1856,office,direct_link
Island Centre海島中心,/building/island-centre/6930,office,direct_link
Island Place Tower港運大廈,/building/island-place-tower/1665,office,direct_link
JCG Building日本信用大廈,/building/jcg-building/6555,office,direct_link
Jade Centre翡翠中心,/building/jade-centre/1251,office,direct_link
Jade Commercial Building翠玉樓,/building/jade-commercial-building/2347,office,direct_link
Jardine House怡和大廈,/building/jardine-house/1198,office,direct_link
Java Commercial Centre渣華商業中心,/building/java-commercial-centre/1899,office,direct_link
Java Road 108 Commercial Centre渣華道108商業中心,/building/java-road-108-commercial-centre/1906,office,direct_link
Jie Yang Building掲陽大廈,/building/jie-yang-building/1020,office,direct_link
Jing Long Commercial Building景隆商業大廈,/building/jing-long-commercial-building/6136,office,direct_link
Johnson Centre祥順中心,/building/johnson-centre/7080,office,direct_link
Johnson Place德昌廣場,/building/johnson-place/4436,office,direct_link
Jonsim Place中華大廈,/building/jonsim-place/352,office,direct_link
Jubilee Centre捷利中心,/building/jubilee-centre/6001,office,direct_link
Jupiter Tower永昇中心,/building/jupiter-tower/3780,office,direct_link
Justen Centre聯美中心,/building/justen-centre/7164,office,direct_link
K. Wah Centre嘉華國際中心,/building/k-wah-centre/1903,office,direct_link
K11 Atelier 11 Skies Tower 1K11 Atelier 11 Skies第一座,/building/k11-atelier-11-skies-tower-1/17509,office,direct_link
K11 Atelier 11 Skies Tower 2K11 Atelier 11 Skies第二座,/building/k11-atelier-11-skies-tower-2/17510,office,direct_link
K11 Atelier 11 Skies Tower 3K11 Atelier 11 Skies第三座,/building/k11-atelier-11-skies-tower-3/17511,office,direct_link
K11 Atelier King's Road,/building/k11-atelier-king-s-road/1834,office,direct_link
K11 Atelier Victoria Dockside維港文化匯K11辦公大樓,/building/k11-atelier-victoria-dockside/2686,office,direct_link
K83,/building/k83/4519,office,direct_link
KC100葵昌路100號,/building/kc100/6823,office,direct_link
KOHO,/building/koho/4754,office,direct_link
KOLOUR荃灣千色匯,/building/kolour/3459,office,direct_link
KP Tower錦平中心,/building/kp-tower/1816,office,direct_link
KT ONE九龍東同創滙,/building/kt-one/4930,office,direct_link
KTR350觀塘道350號,/building/ktr350/4577,office,direct_link
Ka Nin Wah Commercial Building嘉年華商業大廈,/building/ka-nin-wah-commercial-building/1388,office,direct_link
Ka On Building嘉安大廈,/building/ka-on-building/634,office,direct_link
Kai Centre百利佳中心,/building/kai-centre/4746,office,direct_link
Kai Fat Building啟發大廈,/building/kai-fat-building/622,office,direct_link
Kai Kwong Commercial Building啟光商業大廈,/building/kai-kwong-commercial-building/1028,office,direct_link
Kai Seng Commercial Centre騏生商業中心,/building/kai-seng-commercial-centre/3432,office,direct_link
Kai Tak Commercial Building佳德商業大廈,/building/kai-tak-commercial-building/2042,office,direct_link
Kai Tak Commercial Building啟德商業大廈,/building/kai-tak-commercial-building/31,office,direct_link
Kai Wong Commercial Building啟煌商業大廈,/building/kai-wong-commercial-building/187,office,direct_link
Kai Yue Commercial Building啟如商業大廈,/building/kai-yue-commercial-building/3112,office,direct_link
Kailey Tower騏利大廈,/building/kailey-tower/2040,office,direct_link
Kaiser Centre啟正中心,/building/kaiser-centre/4431,office,direct_link
Kalok Building家樂樓,/building/kalok-building/2876,office,direct_link
Kam Chung Building金鐘大廈,/building/kam-chung-building/1500,office,direct_link
Kam Chung Commercial Building金鐘商業大廈,/building/kam-chung-commercial-building/1367,office,direct_link
Kam Fai Commercial Building錦輝商業大廈,/building/kam-fai-commercial-building/11485,office,direct_link
Kam Fung Commercial Building金豐商業大廈,/building/kam-fung-commercial-building/2576,office,direct_link
Kam Hing Building錦興大廈,/building/kam-hing-building/3233,office,direct_link
Kam Hong Building錦康樓,/building/kam-hong-building/76,office,direct_link
Kam Lung Commercial Centre金麟商業中心,/building/kam-lung-commercial-centre/6631,office,direct_link
Kam Ma Building金馬大廈,/building/kam-ma-building/3498,office,direct_link
Kam Sang Building錦甡大廈,/building/kam-sang-building/9,office,direct_link
Kam Shek Commercial Building金石商業大廈,/building/kam-shek-commercial-building/6711,office,direct_link
Kam Wing Commercial Building錦榮商業大廈,/building/kam-wing-commercial-building/5227,office,direct_link
Katherine House嘉芙中心,/building/katherine-house/3196,office,direct_link
Kee Shing Centre奇盛中心,/building/kee-shing-centre/6512,office,direct_link
Kee Shing Commercial Building奇盛商業大廈,/building/kee-shing-commercial-building/6508,office,direct_link
Keen Hung Commercial Building堅雄商業大廈,/building/keen-hung-commercial-building/354,office,direct_link
Kelly Commercial Centre基利商業大廈,/building/kelly-commercial-centre/2960,office,direct_link
Kenbo Commercial Building昆保商業大廈,/building/kenbo-commercial-building/434,office,direct_link
Kennedy Town Commercial Centre堅城商業大廈,/building/kennedy-town-commercial-centre/7869,office,direct_link
Kerry Centre嘉里中心,/building/kerry-centre/1647,office,direct_link
Keybond Commercial Building建邦商業大廈,/building/keybond-commercial-building/6593,office,direct_link
Khuan Ying Commercial Building群英商業大廈,/building/khuan-ying-commercial-building/1256,office,direct_link
Kimberley House金巴利中心,/building/kimberley-house/6510,office,direct_link
Kimberley Plaza金巴利廣場,/building/kimberley-plaza/6509,office,direct_link
Kimley Commercial Building金利商業大廈,/building/kimley-commercial-building/201,office,direct_link
Kin On Commercial Building建安商業大廈,/building/kin-on-commercial-building/2448,office,direct_link
Kin Sang Commercial Centre建生商業中心,/building/kin-sang-commercial-centre/11204,office,direct_link
Kin Tak Fung Commercial Building建德豐商業大廈,/building/kin-tak-fung-commercial-building/1406,office,direct_link
Kin Wing Commercial Building建榮商業大廈,/building/kin-wing-commercial-building/12494,office,direct_link
King Centre嘉興商業中心,/building/king-centre/3087,office,direct_link
King Fook Building景福大廈,/building/king-fook-building/66,office,direct_link
King Palace Plaza皇廷廣場,/building/king-palace-plaza/11203,office,direct_link
King Star Commercial Centre星皇商業中心,/building/king-star-commercial-centre/6460,office,direct_link
King's Commercial Building金時商業大廈,/building/king-s-commercial-building/3574,office,direct_link
King's Commercial Centre景星中心,/building/king-s-commercial-centre/1687,office,direct_link
Kingdom Power Commercial Building帝權商業大樓,/building/kingdom-power-commercial-building/845,office,direct_link
Kingpower Commercial Building港佳商業大廈,/building/kingpower-commercial-building/1503,office,direct_link
Kings Tower擎天廣場,/building/kings-tower/7788,office,direct_link
Kings Wing Plaza 1京瑞廣場1期,/building/kings-wing-plaza-1/16557,office,direct_link
Kings Wing Plaza 2京瑞廣場2期,/building/kings-wing-plaza-2/16558,office,direct_link
Kingsfield Centre嘉昌商業中心,/building/kingsfield-centre/2810,office,direct_link
Kingston International Centre金利豐國際中心,/building/kingston-international-centre/5234,office,direct_link
Kingswell Commercial Tower金威商業大廈,/building/kingswell-commercial-tower/995,office,direct_link
Kingview Plaza京匯廣場,/building/kingview-plaza/17973,office,direct_link
Kinwick Centre建業榮基中心,/building/kinwick-centre/3610,office,direct_link
Kiu Yin Commercial Building翹賢商業大廈,/building/kiu-yin-commercial-building/988,office,direct_link
Knapwood Commercial Building世華商業大廈,/building/knapwood-commercial-building/7972,office,direct_link
Knutsford Commercial Building東港商業大廈,/building/knutsford-commercial-building/6550,office,direct_link
Ko's House高氏大樓,/building/ko-s-house/3082,office,direct_link
Kodak House II柯達大廈二期,/building/kodak-house-ii/2055,office,direct_link
Kolling Centre開麟中心,/building/kolling-centre/2625,office,direct_link
Konnect凱聯,/building/konnect/1530,office,direct_link
Koon Fook Centre冠福中心,/building/koon-fook-centre/6549,office,direct_link
Kornhill Plaza Office Tower康怡廣場辦公大樓,/building/kornhill-plaza-office-tower/3161,office,direct_link
Koshun House高信大廈,/building/koshun-house/2870,office,direct_link
Kowloon Bay International Trade & Exhibition Centre九龍灣國際展貿中心,/building/kowloon-bay-international-trade-exhibition-centre/7257,office,direct_link
Kowloon Building九龍行,/building/kowloon-building/2986,office,direct_link
Kowloon Centre九龍中心,/building/kowloon-centre/4679,office,direct_link
Kowloon Commerce Centre Tower A九龍貿易中心A座,/building/kowloon-commerce-centre-tower-a/6836,office,direct_link
Kowloon Commerce Centre Tower B九龍貿易中心B座,/building/kowloon-commerce-centre-tower-b/6837,office,direct_link
Kowloon Investment Building九龍企業大廈,/building/kowloon-investment-building/13444,office,direct_link
Kowloon Plaza九龍廣場,/building/kowloon-plaza/3317,office,direct_link
Kundamal House金帝行,/building/kundamal-house/3477,office,direct_link
Kuo Hwa Building國華大樓,/building/kuo-hwa-building/1418,office,direct_link
Kwai Fong Commercial Centre葵芳商業中心,/building/kwai-fong-commercial-centre/15099,office,direct_link
Kwai Hung Holdings Centre桂洪集團中心,/building/kwai-hung-holdings-centre/1659,office,direct_link
Kwan Chart Tower群策大廈,/building/kwan-chart-tower/8149,office,direct_link
Kwok Kee Group Centre國基集團中心,/building/kwok-kee-group-centre/4604,office,direct_link
Kwok Kwong Building國光大廈,/building/kwok-kwong-building/3241,office,direct_link
Kwong Fat Commercial Building廣發商業大廈,/building/kwong-fat-commercial-building/2285,office,direct_link
Kwong Fat Hong Building廣發行大廈,/building/kwong-fat-hong-building/5713,office,direct_link
Kwong On Bank Mongkok Branch Building廣安銀行旺角分行大廈,/building/kwong-on-bank-mongkok-branch-building/2871,office,direct_link
Kwong Wah Plaza光華廣場,/building/kwong-wah-plaza/11189,office,direct_link
Kwun Tong Harbour Plaza觀塘碼頭廣場,/building/kwun-tong-harbour-plaza/4960,office,direct_link
Kwun Tong Plaza觀塘廣場,/building/kwun-tong-plaza/5591,office,direct_link
Kwun Tong View觀點中心,/building/kwun-tong-view/4582,office,direct_link
Kyoei Commercial Building協榮商業大廈,/building/kyoei-commercial-building/3221,office,direct_link
Kyoto Plaza京都廣場,/building/kyoto-plaza/974,office,direct_link
LHT Tower陸海通大廈,/building/lht-tower/144,office,direct_link
LKF 29雲咸街29號,/building/lkf-29/1975,office,direct_link
LL Tower,/building/ll-tower/9612,office,direct_link
LT Tower,/building/lt-tower/7331,office,direct_link
Laford Centre勵豐中心,/building/laford-centre/7362,office,direct_link
Lai Sun Commercial Centre麗新商業中心,/building/lai-sun-commercial-centre/6309,office,direct_link
Lam Kee Building林記大廈,/building/lam-kee-building/3589,office,direct_link
Lamma Tower藍馬商業大廈,/building/lamma-tower/7078,office,direct_link
Lancashire Centre利嘉中心,/building/lancashire-centre/13107,office,direct_link
Landmark East Tower 1 - AXA Tower城東誌1期 - 安盛金融大樓,/building/landmark-east-tower-1-axa-tower/4602,office,direct_link
Landmark East Tower 2 - AIA Kowloon Tower城東誌2期 - 友邦九龍大樓,/building/landmark-east-tower-2-aia-kowloon-tower/4603,office,direct_link
Landmark North上水廣場,/building/landmark-north/6594,office,direct_link
Landmark South,/building/landmark-south/17300,office,direct_link
Landwide Commercial Building業廣商業大廈,/building/landwide-commercial-building/2719,office,direct_link
Lane Up,/building/lane-up/16358,office,direct_link
Langham Place Office Tower朗豪坊辦公大樓,/building/langham-place-office-tower/3155,office,direct_link
Lansing House聯成大廈,/building/lansing-house/181,office,direct_link
Lap Fai Building立輝大廈,/building/lap-fai-building/2141,office,direct_link
Lap Poon Building立本大廈,/building/lap-poon-building/599,office,direct_link
Laws Commercial Plaza羅氏商業廣場,/building/laws-commercial-plaza/6308,office,direct_link
Le Diamant金鑽壐,/building/le-diamant/2915,office,direct_link
Leader Commercial Building利雅商業大廈,/building/leader-commercial-building/3232,office,direct_link
Lee & Man Commercial Center理文商業中心,/building/lee-man-commercial-center/2774,office,direct_link
Lee Chau Commercial Building利就商業大廈,/building/lee-chau-commercial-building/6637,office,direct_link
Lee Garden Eight Tower 1利園八期第一座,/building/lee-garden-eight-tower-1/18132,office,direct_link
Lee Garden Eight Tower 2利園八期第二座,/building/lee-garden-eight-tower-2/18133,office,direct_link
Lee Garden Eight Tower 3利園八期第三座,/building/lee-garden-eight-tower-3/18134,office,direct_link
Lee Garden Five利園五期,/building/lee-garden-five/6343,office,direct_link
Lee Garden One利園一期,/building/lee-garden-one/6342,office,direct_link
Lee Garden Six利園六期,/building/lee-garden-six/1072,office,direct_link
Lee Garden Three利園三期,/building/lee-garden-three/6345,office,direct_link
Lee Garden Two利園二期,/building/lee-garden-two/1635,office,direct_link
Lee Kar Building利嘉大廈,/building/lee-kar-building/5709,office,direct_link
Lee Kee Commercial Building利基商業大廈,/building/lee-kee-commercial-building/214,office,direct_link
Lee Kiu Building利僑大廈,/building/lee-kiu-building/3547,office,direct_link
Lee Kong Commercial Building利廣商業大廈,/building/lee-kong-commercial-building/6665,office,direct_link
Lee Kum Kee Central中環李錦記,/building/lee-kum-kee-central/43,office,direct_link
Lee Loong Building利隆大廈,/building/lee-loong-building/3605,office,direct_link
Lee Man Commercial Building利文商業大廈,/building/lee-man-commercial-building/13662,office,direct_link
Lee May Building利美大廈,/building/lee-may-building/3017,office,direct_link
Lee Roy Commercial Building利來商業大廈,/building/lee-roy-commercial-building/3608,office,direct_link
Lee Wai Commercial Building利威商業大廈,/building/lee-wai-commercial-building/6634,office,direct_link
Lee West Commercial Building利威商業大廈,/building/lee-west-commercial-building/1428,office,direct_link
Legend Tower寧晉中心,/building/legend-tower/7016,office,direct_link
Leighton Centre禮頓中心,/building/leighton-centre/1076,office,direct_link
Lever Tech Centre利華科技中心,/building/lever-tech-centre/11202,office,direct_link
Li Dong Building利東大廈,/building/li-dong-building/5663,office,direct_link
Li Po Chun Chambers李寶椿大廈,/building/li-po-chun-chambers/20,office,direct_link
LiFung Tower利豐大廈,/building/lifung-tower/6258,office,direct_link
Light & Salt House,/building/light-salt-house/5642,office,direct_link
Lin Fook House蓮福商業大廈,/building/lin-fook-house/879,office,direct_link
Lincoln House林肯大廈,/building/lincoln-house/1666,office,direct_link
Linkchart Centre聯卓中心,/building/linkchart-centre/4526,office,direct_link
Lippo Centre Tower 1力寶中心1座,/building/lippo-centre-tower-1/1124,office,direct_link
Lippo Centre Tower 2力寶中心2座,/building/lippo-centre-tower-2/1125,office,direct_link
Lippo Leighton Tower力寶禮頓大廈,/building/lippo-leighton-tower/1078,office,direct_link
Lippo Sun Plaza力寶太陽廣場,/building/lippo-sun-plaza/2297,office,direct_link
Lloyds Commercial Centre萊德商業中心,/building/lloyds-commercial-centre/2523,office,direct_link
Lockhart Centre洛克中心,/building/lockhart-centre/985,office,direct_link
Loke Yew Building陸佑行,/building/loke-yew-building/193,office,direct_link
Lokville Commercial Building樂輝商業大廈,/building/lokville-commercial-building/7241,office,direct_link
Longfield Centre朗輝中心,/building/longfield-centre/17453,office,direct_link
Loon Kee Building龍記大廈,/building/loon-kee-building/57,office,direct_link
Loong Wan Building隆運大廈,/building/loong-wan-building/1098,office,direct_link
Loyong Court Commercial Building洛洋閣商業大廈,/building/loyong-court-commercial-building/989,office,direct_link
Lu Plaza振萬廣場,/building/lu-plaza/4847,office,direct_link
Lucky Building六基大廈,/building/lucky-building/1238,office,direct_link
Lucky Centre樂基中心,/building/lucky-centre/2249,office,direct_link
Lucky Commercial Centre樂基商業中心,/building/lucky-commercial-centre/851,office,direct_link
Lucky Plaza駱基中心,/building/lucky-plaza/1053,office,direct_link
Luen On House聯安樓,/building/luen-on-house/10258,office,direct_link
Luk Kwok Centre六國中心,/building/luk-kwok-centre/1147,office,direct_link
Luk Yu Building陸羽大廈,/building/luk-yu-building/2036,office,direct_link
Lyndhurst Tower一號廣場,/building/lyndhurst-tower/3735,office,direct_link
MG 162偉業街162號,/building/mg-162/17402,office,direct_link
MG Tower萬兆豐中心,/building/mg-tower/5367,office,direct_link
MTR Headquarters Building港鐵總部大樓,/building/mtr-headquarters-building/17514,office,direct_link
MW Plaza金巴利道40號,/building/mw-plaza/6536,office,direct_link
MW Tower,/building/mw-tower/13661,office,direct_link
MW Tower II,/building/mw-tower-ii/7441,office,direct_link
Magnet Place Tower 1,/building/magnet-place-tower-1/7254,office,direct_link
Magnet Place Tower 2,/building/magnet-place-tower-2/10482,office,direct_link
Mai Wo Industrial Building美和工業大廈,/building/mai-wo-industrial-building/6826,office,direct_link
Mainslit Building萬事利大廈,/building/mainslit-building/2033,office,direct_link
Majestic Square旺角方,/building/majestic-square/14690,office,direct_link
Malahon Centre萬利豐中心,/building/malahon-centre/2041,office,direct_link
Malaysia Building馬來西亞大廈,/building/malaysia-building/1151,office,direct_link
Man Cheung Building萬祥大廈,/building/man-cheung-building/1978,office,direct_link
Man Hing Commercial Building萬興商業大廈,/building/man-hing-commercial-building/178,office,direct_link
Man Lok Building文樂商業大廈,/building/man-lok-building/13665,office,direct_link
Man Man Mansion人人大廈,/building/man-man-mansion/855,office,direct_link
Man On Commercial Building萬安商業大廈,/building/man-on-commercial-building/4269,office,direct_link
Man Yee Building萬宜大廈,/building/man-yee-building/10,office,direct_link
Mandarin Commercial House文華商業大廈,/building/mandarin-commercial-house/2256,office,direct_link
Manhattan Centre萬泰中心,/building/manhattan-centre/6829,office,direct_link
Manhattan Place宏泰道23號,/building/manhattan-place/5256,office,direct_link
Manley Tower萬利中心,/building/manley-tower/6317,office,direct_link
Manly Commercial Building萬利商業大廈,/building/manly-commercial-building/11407,office,direct_link
Manning House萬年大廈,/building/manning-house/141,office,direct_link
Manson House文遜大廈,/building/manson-house/2881,office,direct_link
Manulife Financial Centre宏利金融中心,/building/manulife-financial-centre/4962,office,direct_link
Manulife Place宏利廣場,/building/manulife-place/4587,office,direct_link
Manulife Tower宏利大廈,/building/manulife-tower/5365,office,direct_link
Marina 8香葉道8號,/building/marina-8/11524,office,direct_link
Marina House海天廣場,/building/marina-house/6048,office,direct_link
Mary Building誠信大廈,/building/mary-building/6869,office,direct_link
Mass Resources Development Building宏貿發展大廈,/building/mass-resources-development-building/6026,office,direct_link
Mau Lam Commercial Building茂林商業大廈,/building/mau-lam-commercial-building/10627,office,direct_link
Max Commercial Centre名成商業中心,/building/max-commercial-centre/5435,office,direct_link
Max Share Centre上潤中心,/building/max-share-centre/1686,office,direct_link
Maxgrand Plaza萬廸廣場,/building/maxgrand-plaza/7919,office,direct_link
Maxim's Centre美心集團中心,/building/maxim-s-centre/8014,office,direct_link
Maxwell Centre麥仕維中心,/building/maxwell-centre/3430,office,direct_link
May Gar Commercial Building美嘉商業大廈,/building/may-gar-commercial-building/6934,office,direct_link
May May Building美美大廈,/building/may-may-building/2937,office,direct_link
McDonald's Building麥當勞大廈,/building/mcdonald-s-building/1620,office,direct_link
Mega Cube創豪坊,/building/mega-cube/4499,office,direct_link
Melbourne Plaza萬邦行,/building/melbourne-plaza/147,office,direct_link
Mercer 9孖沙街9號,/building/mercer-9/4275,office,direct_link
Methodist House循道衛理大廈,/building/methodist-house/1404,office,direct_link
Metro South Tower 1都會中心1座,/building/metro-south-tower-1/17718,office,direct_link
Metroplaza Tower 1新都會廣場1座,/building/metroplaza-tower-1/3440,office,direct_link
Metroplaza Tower 2新都會廣場2座,/building/metroplaza-tower-2/3441,office,direct_link
Metropole Building國都大廈,/building/metropole-building/6868,office,direct_link
Metropole Square新都廣場,/building/metropole-square/7223,office,direct_link
Michaelson House萬高商業大廈,/building/michaelson-house/7293,office,direct_link
Midland Financial Building美聯金融大廈,/building/midland-financial-building/3151,office,direct_link
Millennium City 1 - Standard Chartered Tower創紀之城1期 - 渣打銀行中心,/building/millennium-city-1-standard-chartered-tower/4586,office,direct_link
Millennium City 1 - Tower 1創紀之城1期 - 第一座,/building/millennium-city-1-tower-1/4580,office,direct_link
Millennium City 2創紀之城2期,/building/millennium-city-2/4585,office,direct_link
Millennium City 3創紀之城3期,/building/millennium-city-3/4583,office,direct_link
Millennium City 5 - BEA Tower創紀之城5期 - 東亞銀行中心,/building/millennium-city-5-bea-tower/4584,office,direct_link
Millennium City 6創紀之城6期,/building/millennium-city-6/4581,office,direct_link
Millennium Trade Centre貿易之都,/building/millennium-trade-centre/6827,office,direct_link
Minden House棉登大廈,/building/minden-house/5228,office,direct_link
Ming Fat Building明發大廈,/building/ming-fat-building/1257,office,direct_link
Mira Place Tower A美麗華廣場A座,/building/mira-place-tower-a/2991,office,direct_link
Mirage Tower萬利中心,/building/mirage-tower/2577,office,direct_link
Mirror Tower冠華中心,/building/mirror-tower/2661,office,direct_link
Monarch House II大華商業大廈,/building/monarch-house-ii/1419,office,direct_link
Mongkok City Centre旺角城市中心,/building/mongkok-city-centre/7272,office,direct_link
Mongkok Commercial Centre旺角商業大廈,/building/mongkok-commercial-centre/3153,office,direct_link
Mongkok Harbour Centre旺角海景中心,/building/mongkok-harbour-centre/5187,office,direct_link
Mongkok Metro旺角新城,/building/mongkok-metro/2995,office,direct_link
Montery Plaza萬泰利廣場,/building/montery-plaza/7332,office,direct_link
Morecrown Commercial Building冠貿商業大廈,/building/morecrown-commercial-building/2781,office,direct_link
Morrison Commercial Building摩利臣商業大廈,/building/morrison-commercial-building/2254,office,direct_link
Morrison Plaza天樂廣場,/building/morrison-plaza/2252,office,direct_link
Multifield Centre萬事昌中心,/building/multifield-centre/5190,office,direct_link
Multifield Plaza萬事昌廣場,/building/multifield-plaza/3481,office,direct_link
NCB Innovation Centre南商金融創新中心,/building/ncb-innovation-centre/7425,office,direct_link
NEO綠景NEO,/building/neo/5361,office,direct_link
Nam Hing Fong南慶坊,/building/nam-hing-fong/6064,office,direct_link
Nam Pak Hong Building南北行大廈,/building/nam-pak-hong-building/3583,office,direct_link
Nam Wo Hong Building南和行大廈,/building/nam-wo-hong-building/2535,office,direct_link
Nan Dao Commercial Building南島商業大廈,/building/nan-dao-commercial-building/176,office,direct_link
Nan Fung Centre南豐中心,/building/nan-fung-centre/13714,office,direct_link
Nan Fung Commercial Centre南豐商業中心,/building/nan-fung-commercial-centre/6565,office,direct_link
Nan Fung Tower南豐大廈,/building/nan-fung-tower/130,office,direct_link
Nan On Commercial Building南安商業大廈,/building/nan-on-commercial-building/15670,office,direct_link
Nanyang Commercial Bank Building南洋商業銀行大廈,/building/nanyang-commercial-bank-building/77,office,direct_link
Nanyang Plaza南洋廣場,/building/nanyang-plaza/4735,office,direct_link
Nathan Centre彌敦中心,/building/nathan-centre/2992,office,direct_link
Nathan Commercial Building彌敦商業大廈,/building/nathan-commercial-building/3022,office,direct_link
Nathan Tower彌敦行,/building/nathan-tower/2950,office,direct_link
Neich Tower祥豐大廈,/building/neich-tower/1154,office,direct_link
New City Centre新城工商中心,/building/new-city-centre/12878,office,direct_link
New East Ocean Centre新東海商業中心,/building/new-east-ocean-centre/3102,office,direct_link
New Hennessy Tower新軒尼詩大廈,/building/new-hennessy-tower/1427,office,direct_link
New Henry House新顯利大廈,/building/new-henry-house/1288,office,direct_link
New Kowloon Plaza新九龍廣場,/building/new-kowloon-plaza/4795,office,direct_link
New Landwide Commercial Building新業廣商業大廈,/building/new-landwide-commercial-building/6513,office,direct_link
New Mandarin Plaza Twr A新文華中心A座,/building/new-mandarin-plaza-twr-a/3103,office,direct_link
New Mandarin Plaza Twr B新文華中心B座,/building/new-mandarin-plaza-twr-b/3104,office,direct_link
New Town Tower新城市商業大廈,/building/new-town-tower/6487,office,direct_link
New Treasure Centre新寶中心,/building/new-treasure-centre/11455,office,direct_link
New Trend Centre新時代工貿商業中心,/building/new-trend-centre/6239,office,direct_link
New World Tower 1新世界大廈一座,/building/new-world-tower-1/149,office,direct_link
New World Tower 2新世界大廈二座,/building/new-world-tower-2/150,office,direct_link
New York House紐約行,/building/new-york-house/127,office,direct_link
Nexxus Building盈置大廈,/building/nexxus-building/114,office,direct_link
Ngai Wong Commercial Building藝旺商業大廈,/building/ngai-wong-commercial-building/14684,office,direct_link
Ngan House顏氏大廈,/building/ngan-house/53,office,direct_link
Nina Tower Tower 2如心廣場2座,/building/nina-tower-tower-2/7790,office,direct_link
North Cape Commercial Building北港商業大廈,/building/north-cape-commercial-building/1689,office,direct_link
North East Commercial Building東北商業大廈,/building/north-east-commercial-building/13634,office,direct_link
North Point Asia-Pac Centre北角亞太廣場,/building/north-point-asia-pac-centre/1097,office,direct_link
O.T.B. Building海外銀行大廈,/building/o-t-b-building/49,office,direct_link
OCBC Wing Hang Tower華橋永亨大廈,/building/ocbc-wing-hang-tower/160,office,direct_link
OVEST永樂街77號,/building/ovest/2540,office,direct_link
Ocean Building華海廣場,/building/ocean-building/5186,office,direct_link
Ocean Centre海洋中心,/building/ocean-centre/2286,office,direct_link
OfficePlus @Mong Kok協成行旺角中心,/building/officeplus-mong-kok/2333,office,direct_link
OfficePlus @Prince Edward協成行太子中心,/building/officeplus-prince-edward/3005,office,direct_link
OfficePlus @Sheung Wan協成行上環中心,/building/officeplus-sheung-wan/2539,office,direct_link
OfficePlus @Wan Chai協成行灣仔中心,/building/officeplus-wan-chai/1399,office,direct_link
Olympia Plaza國都廣場,/building/olympia-plaza/1669,office,direct_link
Omega Plaza歐美廣場,/building/omega-plaza/3088,office,direct_link
On Building皇后大道中158-164號,/building/on-building/263,office,direct_link
On Hang Industrial Centre華懋安恒工貿中心,/building/on-hang-industrial-centre/16294,office,direct_link
On Hing Building安慶大廈,/building/on-hing-building/2142,office,direct_link
On Hong Commercial Building安康商業大廈,/building/on-hong-commercial-building/1390,office,direct_link
On Hong Ning Commercial Building安康寧商業大廈,/building/on-hong-ning-commercial-building/2890,office,direct_link
On Lee Building安利大廈,/building/on-lee-building/2962,office,direct_link
On Lok Yuen Building安樂園大廈,/building/on-lok-yuen-building/33,office,direct_link
On Loong Commercial Building安隆商業大廈,/building/on-loong-commercial-building/1022,office,direct_link
On Tin Centre安田中心,/building/on-tin-centre/5399,office,direct_link
On Yip Commercial Building安業商業大廈,/building/on-yip-commercial-building/5136,office,direct_link
One Bedford Place,/building/one-bedford-place/12314,office,direct_link
One Capital Place海德中心,/building/one-capital-place/2089,office,direct_link
One Causeway Bay港島壹號中心,/building/one-causeway-bay/17978,office,direct_link
One Chinachem Central華懋中心I期,/building/one-chinachem-central/92,office,direct_link
One Citygate東薈城一座,/building/one-citygate/7247,office,direct_link
One Continental恒匯中心,/building/one-continental/2187,office,direct_link
One Exchange Square交易廣場第一座,/building/one-exchange-square/1196,office,direct_link
One Harbour Square海濱道181號,/building/one-harbour-square/5353,office,direct_link
One Harbourfront海濱廣場,/building/one-harbourfront/5618,office,direct_link
One Hennessy - SPD Bank Tower浦發銀行大廈,/building/one-hennessy-spd-bank-tower/1466,office,direct_link
One Humphreys堪富利士道1號,/building/one-humphreys/6031,office,direct_link
One Hysan Avenue希慎道一號,/building/one-hysan-avenue/6344,office,direct_link
One International Finance Centre國際金融中心一期,/building/one-international-finance-centre/14071,office,direct_link
One Island East港島東中心,/building/one-island-east/1929,office,direct_link
One Island South,/building/one-island-south/11527,office,direct_link
One Kowloon一號九龍,/building/one-kowloon/7771,office,direct_link
One Mong Kok Road Commercial Centre旺角道壹號商業中心,/building/one-mong-kok-road-commercial-centre/6554,office,direct_link
One North Tower 1朗壹廣場第一座,/building/one-north-tower-1/17751,office,direct_link
One North Tower 2朗壹廣場第二座,/building/one-north-tower-2/17752,office,direct_link
One Pacific Centre1亞太中心,/building/one-pacific-centre/4562,office,direct_link
One Pacific Place太古廣場1座,/building/one-pacific-place/1121,office,direct_link
One Peking北京道一號,/building/one-peking/6870,office,direct_link
One Portside宏基中心一期,/building/one-portside/7920,office,direct_link
One Sky Parc,/building/one-sky-parc/4731,office,direct_link
One TaiKoo Place太古坊一座,/building/one-taikoo-place/1830,office,direct_link
One Vista Summit匯賢一號．雋峰,/building/one-vista-summit/16368,office,direct_link
One Vista Supreme匯賢一號．雋朗,/building/one-vista-supreme/17483,office,direct_link
Onshine Commercial Building朗盈商業大廈,/building/onshine-commercial-building/10512,office,direct_link
Onward Building康佑大廈,/building/onward-building/3051,office,direct_link
Opulent Building德興大廈,/building/opulent-building/1371,office,direct_link
Oriental Centre安年大廈,/building/oriental-centre/3199,office,direct_link
Oriental Crystal Finance Centre中晶金融中心,/building/oriental-crystal-finance-centre/3198,office,direct_link
Overseas Trust Bank Building海外信託銀行大廈,/building/overseas-trust-bank-building/1179,office,direct_link
Oxford Commercial Building晉利商業大廈,/building/oxford-commercial-building/2947,office,direct_link
Oxford House濠豐大廈,/building/oxford-house/1927,office,direct_link
PCCW Tower電訊盈科中心,/building/pccw-tower/1663,office,direct_link
Pacific House太平行,/building/pacific-house/151,office,direct_link
Pacific Plaza太平洋廣場,/building/pacific-plaza/848,office,direct_link
Pakpolee Commercial Centre百寶利商業中心,/building/pakpolee-commercial-centre/7270,office,direct_link
Pan Asia Centre泛亞中心,/building/pan-asia-centre/4964,office,direct_link
Parekh House巴力大廈,/building/parekh-house/1995,office,direct_link
Park 15百達行,/building/park-15/2720,office,direct_link
Park Avenue Tower百富中心,/building/park-avenue-tower/1845,office,direct_link
Park Commercial Centre百樂商業中心,/building/park-commercial-centre/1868,office,direct_link
Park Hovan Commercial Building栢豪商業大廈,/building/park-hovan-commercial-building/3229,office,direct_link
Park Tsuen Commercial Building百萬行商業大廈,/building/park-tsuen-commercial-building/13713,office,direct_link
Parker House百佳大廈,/building/parker-house/174,office,direct_link
Parkes Commercial Building嘉士商業大廈,/building/parkes-commercial-building/7134,office,direct_link
Parkes Commercial Centre柏嘉商業中心,/building/parkes-commercial-centre/7122,office,direct_link
Parklane Building柏聯樓,/building/parklane-building/253,office,direct_link
Parklane Centre百利中心,/building/parklane-centre/12493,office,direct_link
Parkview Centre柏景中心,/building/parkview-centre/6220,office,direct_link
Parkview Commercial Building百威商業大廈,/building/parkview-commercial-building/3101,office,direct_link
Parkview House百匯行,/building/parkview-house/17462,office,direct_link
Peak Castle,/building/peak-castle/3308,office,direct_link
Pearl Oriental House明珠行,/building/pearl-oriental-house/2039,office,direct_link
Pearl Oriental Tower明珠廣場,/building/pearl-oriental-tower/2985,office,direct_link
Peninsula Centre半島中心,/building/peninsula-centre/2657,office,direct_link
Peninsula Square半島廣場,/building/peninsula-square/6490,office,direct_link
Peninsula Tower半島大廈,/building/peninsula-tower/3304,office,direct_link
Pennington Commercial Building邊寧頓商業大廈,/building/pennington-commercial-building/3414,office,direct_link
Perfect Commercial Building保發商業大廈,/building/perfect-commercial-building/2740,office,direct_link
Perfect Commercial Building必發商業大廈,/building/perfect-commercial-building/4376,office,direct_link
Peter Building振邦大廈,/building/peter-building/177,office,direct_link
Philips Electronics Building - Science Park飛利浦大廈 - 科技園,/building/philips-electronics-building-science-park/17307,office,direct_link
Photonic Centre - Science Park光電子中心 - 科技園,/building/photonic-centre-science-park/17305,office,direct_link
Pico Tower筆克大廈,/building/pico-tower/1161,office,direct_link
Pilkem Commercial Centre百利金商業中心,/building/pilkem-commercial-centre/8022,office,direct_link
Ping Lam Commercial Building平霖商業大廈,/building/ping-lam-commercial-building/1019,office,direct_link
Pioneer Centre始創中心,/building/pioneer-centre/2982,office,direct_link
Pioneer Place建生廣場,/building/pioneer-place/4921,office,direct_link
Playwell Commercial Building仲威商業大廈,/building/playwell-commercial-building/1219,office,direct_link
Plaza 20002000廣場,/building/plaza-2000/3738,office,direct_link
Plaza 228灣仔道228號,/building/plaza-228/17444,office,direct_link
Plaza 88楊屋道88號,/building/plaza-88/7810,office,direct_link
Po Cheong Commercial Building寶昌商業大廈,/building/po-cheong-commercial-building/3474,office,direct_link
Po On Commercial Building寶安商業大廈,/building/po-on-commercial-building/2941,office,direct_link
Po Shau Centre柏秀中心,/building/po-shau-centre/4600,office,direct_link
Po Wah Commercial Centre寶華商業中心,/building/po-wah-commercial-centre/1410,office,direct_link
Po Yick Building普益商會大廈,/building/po-yick-building/2464,office,direct_link
Po Yip Building布業大廈,/building/po-yip-building/12267,office,direct_link
Po Yip Commercial Building寶業商業大廈,/building/po-yip-commercial-building/6670,office,direct_link
Podium Plaza普基商業中心,/building/podium-plaza/6851,office,direct_link
PopOffice,/building/popoffice/18066,office,direct_link
Port 33爵祿街33號,/building/port-33/8097,office,direct_link
Pottinger House寶城大廈,/building/pottinger-house/2134,office,direct_link
Prat Commercial Building寶勒商業大廈,/building/prat-commercial-building/3483,office,direct_link
President Commercial Centre總統商業大廈,/building/president-commercial-centre/2983,office,direct_link
Prestige Tower彩星中心,/building/prestige-tower/2993,office,direct_link
Prince Commercial Building太子商業大廈,/building/prince-commercial-building/6928,office,direct_link
Prince Edward The Lamma City太子藍馬之城,/building/prince-edward-the-lamma-city/3018,office,direct_link
Prince Tower太子集團大廈,/building/prince-tower/3418,office,direct_link
Prince's Building太子大廈,/building/prince-s-building/1194,office,direct_link
Printing House印刷行,/building/printing-house/1965,office,direct_link
Professional Building建康大廈,/building/professional-building/1869,office,direct_link
Progress Commercial Building欣榮商業大廈,/building/progress-commercial-building/6006,office,direct_link
Prosper Commercial Building興發商業大廈,/building/prosper-commercial-building/13175,office,direct_link
Prosperity Center創富中心,/building/prosperity-center/7338,office,direct_link
Prosperity Centre嘉富商業中心,/building/prosperity-centre/2303,office,direct_link
Prosperity Commercial Building中興商業大廈,/building/prosperity-commercial-building/2966,office,direct_link
Prosperity Millennia Plaza泓富產業千禧廣場,/building/prosperity-millennia-plaza/1670,office,direct_link
Prosperity Place泓富廣場,/building/prosperity-place/7015,office,direct_link
Prosperity Tower豐盛創建大廈,/building/prosperity-tower/172,office,direct_link
Prosperous Building裕昌大廈,/building/prosperous-building/11,office,direct_link
Prosperous Commercial Building富盛商業大廈,/building/prosperous-commercial-building/853,office,direct_link
Public Bank Centre大眾銀行中心,/building/public-bank-centre/55,office,direct_link
Punfet Building番發大廈,/building/punfet-building/2934,office,direct_link
Qualipak Tower確利達中心,/building/qualipak-tower/631,office,direct_link
Queen's Centre帝后商業中心,/building/queen-s-centre/358,office,direct_link
Queen's Road Centre皇后大道中心,/building/queen-s-road-centre/268,office,direct_link
Queen's Tower皇后商業大廈,/building/queen-s-tower/4259,office,direct_link
R&T Centre納東中心,/building/r-t-centre/8072,office,direct_link
Railway Plaza鐵路大廈,/building/railway-plaza/3208,office,direct_link
Rammon House金德行,/building/rammon-house/7280,office,direct_link
Real Sight Commercial Building利際商業大廈,/building/real-sight-commercial-building/6692,office,direct_link
Reason Group Tower匯城集團大廈,/building/reason-group-tower/13708,office,direct_link
Redana Centre丹納中心,/building/redana-centre/6057,office,direct_link
Regal Dragon Centre龍匯商業大廈,/building/regal-dragon-centre/6689,office,direct_link
Regent Centre勵精中心,/building/regent-centre/142,office,direct_link
Remex Centre利美中心,/building/remex-centre/3836,office,direct_link
Remington Centre利登中心,/building/remington-centre/4739,office,direct_link
Rice Merchants Building米行大廈,/building/rice-merchants-building/618,office,direct_link
Rich China Center中富中心,/building/rich-china-center/4699,office,direct_link
Rich Towers富峰行,/building/rich-towers/7115,office,direct_link
Richmake Commercial Building致富商業大廈,/building/richmake-commercial-building/206,office,direct_link
Richmond Commercial Building皆旺商業大廈,/building/richmond-commercial-building/3157,office,direct_link
Richmond Plaza金利文廣場,/building/richmond-plaza/1488,office,direct_link
Righteous Centre富時中心,/building/righteous-centre/2964,office,direct_link
Rightful Centre興富中心,/building/rightful-centre/6567,office,direct_link
Rise Commercial Building利時商業大廈,/building/rise-commercial-building/7488,office,direct_link
Ritz Plaza麗斯中心,/building/ritz-plaza/2717,office,direct_link
Royal Commercial Centre凱豪商業中心,/building/royal-commercial-centre/7121,office,direct_link
Ruby Commercial Building鴻寶商業大廈,/building/ruby-commercial-building/2970,office,direct_link
Ruttonjee Centre - Dina House帝納大廈,/building/ruttonjee-centre-dina-house/1962,office,direct_link
Ruttonjee Centre - Ruttonjee House律敦治大廈,/building/ruttonjee-centre-ruttonjee-house/1964,office,direct_link
Rykadan Capital Tower宏基資本大廈,/building/rykadan-capital-tower/5364,office,direct_link
Rykadan One宏基匯,/building/rykadan-one/3812,office,direct_link
S. B. Commercial Building森基商業大廈,/building/s-b-commercial-building/3002,office,direct_link
S22香葉道22號,/building/s22/17589,office,direct_link
SAE Technology Centre - Science Park新科中心 - 科技園,/building/sae-technology-centre-science-park/17308,office,direct_link
SML Tower,/building/sml-tower/5357,office,direct_link
SOLO Building匯理商業大廈,/building/solo-building/5707,office,direct_link
SOMPTUEUX AUSTIN,/building/somptueux-austin/2734,office,direct_link
SPA Centre恆澤商業中心,/building/spa-centre/978,office,direct_link
SUP Tower聯合出版大廈,/building/sup-tower/1680,office,direct_link
Sai Wan Ho Plaza西灣河中心,/building/sai-wan-ho-plaza/13084,office,direct_link
San Kei Tower新基商業中心,/building/san-kei-tower/1626,office,direct_link
San Toi Building三台大廈,/building/san-toi-building/106,office,direct_link
Sands Building新聲大廈,/building/sands-building/3433,office,direct_link
Sang Fat Commercial House生發商業大廈,/building/sang-fat-commercial-house/7953,office,direct_link
Sang Woo Building生和大廈,/building/sang-woo-building/1165,office,direct_link
Saxon Tower西頓中心,/building/saxon-tower/8020,office,direct_link
Sea Bird House四寶大廈,/building/sea-bird-house/1969,office,direct_link
Seabright Plaza秀明中心,/building/seabright-plaza/2809,office,direct_link
Season Commercial Building時財商業大廈,/building/season-commercial-building/6024,office,direct_link
Seaview Commercial Building海景商業大廈,/building/seaview-commercial-building/640,office,direct_link
Seaview Plaza海景廣場,/building/seaview-plaza/13108,office,direct_link
Sen Fat Building順發樓,/building/sen-fat-building/13631,office,direct_link
Shanghai Centre上海中心,/building/shanghai-centre/5188,office,direct_link
Shanghai Commercial Bank Building上海商業銀行大廈,/building/shanghai-commercial-bank-building/17463,office,direct_link
Shanghai Commercial Bank Tower上海商業銀行大廈,/building/shanghai-commercial-bank-tower/244,office,direct_link
Shanghai Industrial Investment Building上海實業大廈,/building/shanghai-industrial-investment-building/1385,office,direct_link
Shatin Galleria沙田商業中心,/building/shatin-galleria/7258,office,direct_link
Shin Yat Tong Centre善一堂中心,/building/shin-yat-tong-centre/10625,office,direct_link
Shing Hing Commercial Building誠興商業大廈,/building/shing-hing-commercial-building/2560,office,direct_link
Shing Lee Commercial Building誠利商業大廈,/building/shing-lee-commercial-building/2561,office,direct_link
Shing Shun Building誠信商業大廈,/building/shing-shun-building/13730,office,direct_link
Shinyam Commercial Building勝任商業大廈,/building/shinyam-commercial-building/1577,office,direct_link
Shiu Fung Commercial Building兆豐商業大廈,/building/shiu-fung-commercial-building/1576,office,direct_link
Shiu Fung Hong Building兆豐行大廈,/building/shiu-fung-hong-building/2524,office,direct_link
Shui On Centre瑞安中心,/building/shui-on-centre/2008,office,direct_link
Shui Sing Building瑞星商業大樓,/building/shui-sing-building/6269,office,direct_link
Shum Tower岑氏商業大廈,/building/shum-tower/29,office,direct_link
Shun Feng International Centre順豐國際中心,/building/shun-feng-international-centre/359,office,direct_link
Shun Hei Causeway Bay Centre順禧銅鑼灣中心,/building/shun-hei-causeway-bay-centre/992,office,direct_link
Shun Ho Tower順豪商業大廈,/building/shun-ho-tower/1289,office,direct_link
Shun Kwong Commercial Building信光商業大廈,/building/shun-kwong-commercial-building/847,office,direct_link
Shun Lee Commercial Building順利商業大廈,/building/shun-lee-commercial-building/3326,office,direct_link
Shun On Commercial Building順安商業大廈,/building/shun-on-commercial-building/47,office,direct_link
Shun Pont Commercial Building信邦商業大廈,/building/shun-pont-commercial-building/2579,office,direct_link
Shun Tak Centre China Merchants Tower信德中心招商局大廈,/building/shun-tak-centre-china-merchants-tower/120,office,direct_link
Shun Tak Centre West Tower信德中心西座,/building/shun-tak-centre-west-tower/135,office,direct_link
Si Toi Commercial Building時代商業大廈,/building/si-toi-commercial-building/630,office,direct_link
Siberian Building西伯利亞大廈,/building/siberian-building/87,office,direct_link
Siki Centre兆基商業中心,/building/siki-centre/861,office,direct_link
Silicon Tower科興中心,/building/silicon-tower/8070,office,direct_link
Silver Commercial Building銀都商業大廈,/building/silver-commercial-building/2914,office,direct_link
Silver Fortune Plaza荊威廣場,/building/silver-fortune-plaza/1239,office,direct_link
Silvercord Tower 1新港中心第一座,/building/silvercord-tower-1/2298,office,direct_link
Silvercord Tower 2新港中心第二座,/building/silvercord-tower-2/2299,office,direct_link
Silvercorp International Tower銀高國際大廈,/building/silvercorp-international-tower/2990,office,direct_link
Simsons Commercial Building新盛商業大廈,/building/simsons-commercial-building/1582,office,direct_link
Sing Ho Finance Building信和財務大廈,/building/sing-ho-finance-building/1168,office,direct_link
Sing Kui Commercial Building星衢商業大廈,/building/sing-kui-commercial-building/758,office,direct_link
Sing Shun Centre誠信中心,/building/sing-shun-centre/3297,office,direct_link
Singga Commercial Centre成基商業中心,/building/singga-commercial-centre/642,office,direct_link
Singwa Commercial Building盛華商業大廈,/building/singwa-commercial-building/7126,office,direct_link
Sino Centre信和中心,/building/sino-centre/2984,office,direct_link
Sino Cheer Plaza新寶廣場,/building/sino-cheer-plaza/3550,office,direct_link
Sino Plaza信和廣場,/building/sino-plaza/1149,office,direct_link
Sitoy Tower時代中心,/building/sitoy-tower/4913,office,direct_link
Siu On Building兆安大廈,/building/siu-on-building/814,office,direct_link
Siu On Centre兆安中心,/building/siu-on-centre/981,office,direct_link
Siu On Plaza兆安廣場,/building/siu-on-plaza/1508,office,direct_link
Siu Ying Commercial Building兆英商業大廈,/building/siu-ying-commercial-building/175,office,direct_link
Six Pacific Place太古廣場6座,/building/six-pacific-place/17571,office,direct_link
Skyline Tower嘉禮大廈,/building/skyline-tower/6805,office,direct_link
Skyline Tower宏天廣場,/building/skyline-tower/4497,office,direct_link
Skyway Centre天威中心,/building/skyway-centre/438,office,direct_link
So Hong Commercial Building蘇杭商業大廈,/building/so-hong-commercial-building/2450,office,direct_link
Soho 77文咸東街77號,/building/soho-77/13666,office,direct_link
Somptueux Central,/building/somptueux-central/1250,office,direct_link
Soundwill Plaza金朝陽中心,/building/soundwill-plaza/6010,office,direct_link
South Asia Commercial Centre南益商業中心,/building/south-asia-commercial-centre/7181,office,direct_link
South China Building南華大廈,/building/south-china-building/1982,office,direct_link
South Island Place,/building/south-island-place/3813,office,direct_link
South Seas Centre Tower 1南洋中心第一座,/building/south-seas-centre-tower-1/2658,office,direct_link
South Seas Centre Tower 2南洋中心第二座,/building/south-seas-centre-tower-2/2659,office,direct_link
Southern Commercial Building修頓商業大廈,/building/southern-commercial-building/2085,office,direct_link
Southgate Commercial Centre信基商業中心,/building/southgate-commercial-centre/2626,office,direct_link
Southland Building南源大廈,/building/southland-building/104,office,direct_link
Southmark Tower A南匯廣場A座,/building/southmark-tower-a/3790,office,direct_link
Southmark Tower B南匯廣場B座,/building/southmark-tower-b/3791,office,direct_link
Southorn Centre修頓中心,/building/southorn-centre/1423,office,direct_link
Spark City Mong Kok俊薈旺角,/building/spark-city-mong-kok/17891,office,direct_link
Spark City俊薈,/building/spark-city/17593,office,direct_link
St George's Building聖佐治大廈,/building/st-george-s-building/1287,office,direct_link
St John's Building聖約翰大廈,/building/st-john-s-building/1292,office,direct_link
Stag Building鹿角大廈,/building/stag-building/188,office,direct_link
Standard Chartered Bank Building渣打銀行大廈,/building/standard-chartered-bank-building/4,office,direct_link
Star House星光行,/building/star-house/2683,office,direct_link
Stelux House寶光商業中心,/building/stelux-house/6240,office,direct_link
Stone Rise二百昊,/building/stone-rise/3057,office,direct_link
Strand 50,/building/strand-50/13658,office,direct_link
Strand 71,/building/strand-71/3593,office,direct_link
Success Centre成功中心‎,/building/success-centre/11475,office,direct_link
Success Commercial Building守時商業大廈,/building/success-commercial-building/1405,office,direct_link
Suen Yue Building信裕大廈,/building/suen-yue-building/3584,office,direct_link
Sui Tai Wai Kee Plaza瑞泰偉基商業廣場,/building/sui-tai-wai-kee-plaza/4752,office,direct_link
Summit Insurance Building健峰保險大廈,/building/summit-insurance-building/2955,office,direct_link
Sun Fai Commercial Centre新輝商業中心,/building/sun-fai-commercial-centre/6929,office,direct_link
Sun Hing Steel Furniture Commercial Building新興鋼具商業大廈,/building/sun-hing-steel-furniture-commercial-building/6796,office,direct_link
Sun House大新行,/building/sun-house/12,office,direct_link
Sun Hung Kai Centre新鴻基中心,/building/sun-hung-kai-centre/2009,office,direct_link
Sun Shine Centre長盛中心,/building/sun-shine-centre/5411,office,direct_link
Sunbeam Commercial Building新光商業大廈,/building/sunbeam-commercial-building/2989,office,direct_link
Sunbeam Plaza日升廣場,/building/sunbeam-plaza/2357,office,direct_link
Sunny House永盛大廈,/building/sunny-house/4148,office,direct_link
Sunshine Plaza三湘大廈,/building/sunshine-plaza/983,office,direct_link
Sunward Commercial Building朝光商業大廈,/building/sunward-commercial-building/17888,office,direct_link
Supreme Commercial Building榮馳商業大廈,/building/supreme-commercial-building/1650,office,direct_link
Supreme House首邦行,/building/supreme-house/6632,office,direct_link
Surson Commercial Building瑞信集團大廈,/building/surson-commercial-building/2721,office,direct_link
Sze Lai Building詩禮大廈,/building/sze-lai-building/1417,office,direct_link
TAL Building聯業大廈,/building/tal-building/2714,office,direct_link
TCL  Building - Science ParkTCL大廈 - 科技園,/building/tcl-building-science-park/17318,office,direct_link
TG Place電訊一代廣場,/building/tg-place/7018,office,direct_link
THF (Yuen Long) Commercial Building大鴻輝(元朗)商廈,/building/thf-yuen-long-commercial-building/7075,office,direct_link
TS Tower香葉道43號,/building/ts-tower/17500,office,direct_link
Tack Building德享大廈,/building/tack-building/3575,office,direct_link
Tai Nam Commercial Building大南商業大廈,/building/tai-nam-commercial-building/15308,office,direct_link
Tai Po Commercial Centre大埔商業中心,/building/tai-po-commercial-centre/14426,office,direct_link
Tai Sang Bank Building大生銀行大廈,/building/tai-sang-bank-building/2946,office,direct_link
Tai Shing Commercial (Yaumatei) Building泰盛商業(油麻地)大樓,/building/tai-shing-commercial-yaumatei-building/2958,office,direct_link
Tai Tung Building大同大廈,/building/tai-tung-building/2159,office,direct_link
Tai Wo Commercial Building泰和商業大廈,/building/tai-wo-commercial-building/2900,office,direct_link
Tai Wong Commercial Building大皇商業大廈,/building/tai-wong-commercial-building/383,office,direct_link
Tai Yau Building大有大廈,/building/tai-yau-building/1572,office,direct_link
Tai Yip Building大業大廈,/building/tai-yip-building/2581,office,direct_link
Tak Fung Building德豐大廈,/building/tak-fung-building/606,office,direct_link
Tak Lee Commercial Building得利商業大廈,/building/tak-lee-commercial-building/2245,office,direct_link
Tak Shing House德成大廈,/building/tak-shing-house/17721,office,direct_link
Tak Sing Alliance Building達成商業大廈,/building/tak-sing-alliance-building/3210,office,direct_link
Tak Woo House德和大廈,/building/tak-woo-house/654,office,direct_link
Tat Lee Commercial Building達利商業大廈,/building/tat-lee-commercial-building/3090,office,direct_link
Taurus Building德立大廈,/building/taurus-building/2621,office,direct_link
Teda Building泰達大廈,/building/teda-building/2543,office,direct_link
Telecom Digital Tower電訊數碼大樓,/building/telecom-digital-tower/7180,office,direct_link
Telecom House電訊大廈,/building/telecom-house/1164,office,direct_link
Telford House德福大廈,/building/telford-house/4551,office,direct_link
Teng Fuh Commercial Building登富商業大廈,/building/teng-fuh-commercial-building/159,office,direct_link
Tern Centre Tower 1太興中心第一座,/building/tern-centre-tower-1/157,office,direct_link
Tern Centre Tower 2太興中心第二座,/building/tern-centre-tower-2/155,office,direct_link
Tern Commercial Building太興商業大廈,/building/tern-commercial-building/2628,office,direct_link
Tern Plaza太興廣場,/building/tern-plaza/3509,office,direct_link
Tesbury Centre金鐘匯中心,/building/tesbury-centre/363,office,direct_link
Texwood Plaza德士活工業中心,/building/texwood-plaza/4608,office,direct_link
The 80I20偉業街161號,/building/the-80i20/4963,office,direct_link
The Bay Hub太豐匯,/building/the-bay-hub/4619,office,direct_link
The Broadway博匯大廈,/building/the-broadway/984,office,direct_link
The Burrow彩虹道212號,/building/the-burrow/17793,office,direct_link
The Cameron金馬倫道33號,/building/the-cameron/3501,office,direct_link
The Cendas,/building/the-cendas/17643,office,direct_link
The Center中環中心,/building/the-center/161,office,direct_link
The Centrium中央廣場,/building/the-centrium/1977,office,direct_link
The Chelsea蘇杭街69號,/building/the-chelsea/2457,office,direct_link
The Chinese Bank Building華人銀行大廈,/building/the-chinese-bank-building/24,office,direct_link
The Forum渣打財富管理中心,/building/the-forum/1201,office,direct_link
The Gateway Prudential Tower港威大廈保誠保險大廈,/building/the-gateway-prudential-tower/2310,office,direct_link
The Gateway Tower 1港威大廈第1座,/building/the-gateway-tower-1/2295,office,direct_link
The Gateway Tower 2港威大廈第2座,/building/the-gateway-tower-2/2296,office,direct_link
The Gateway Tower 5港威大廈第5座,/building/the-gateway-tower-5/2311,office,direct_link
The Gateway Tower 6港威大廈第6座,/building/the-gateway-tower-6/2312,office,direct_link
The Globe創匯國際中心,/building/the-globe/5556,office,direct_link
The Goldmark黃金廣場,/building/the-goldmark/1377,office,direct_link
The Grid東九匯,/building/the-grid/4915,office,direct_link
The Harvest豐怡中心,/building/the-harvest/3046,office,direct_link
The Hedon,/building/the-hedon/17505,office,direct_link
The Henderson,/building/the-henderson/17518,office,direct_link
The Hennessy軒尼詩道256號,/building/the-hennessy/1369,office,direct_link
The Hong Kong Club Building香港會所大廈,/building/the-hong-kong-club-building/1192,office,direct_link
The Hub業勤街23號,/building/the-hub/6789,office,direct_link
The Jade Plaza玉器交易廣場,/building/the-jade-plaza/2360,office,direct_link
The L.Plaza,/building/the-l-plaza/199,office,direct_link
The Mangan萬勤商業大廈,/building/the-mangan/3506,office,direct_link
The Metropolis Tower都會大厦,/building/the-metropolis-tower/7494,office,direct_link
The Millennity - Tower 1The Millennity 一座,/building/the-millennity-tower-1/4598,office,direct_link
The Millennity - Tower 2The Millennity 二座,/building/the-millennity-tower-2/17682,office,direct_link
The Octagon嘉達環球中心,/building/the-octagon/6446,office,direct_link
The Pemberton柏廷坊,/building/the-pemberton/13656,office,direct_link
The Peninsula Office Tower半島酒店辦公室大樓,/building/the-peninsula-office-tower/6501,office,direct_link
The Phoenix,/building/the-phoenix/2088,office,direct_link
The Quayside海濱匯,/building/the-quayside/5362,office,direct_link
The Rainbow虹方,/building/the-rainbow/17004,office,direct_link
The Rays瀝洋,/building/the-rays/4756,office,direct_link
The Sun's Group Centre新銀集團中心,/building/the-sun-s-group-centre/1171,office,direct_link
The Toy House彩星集團大廈,/building/the-toy-house/2301,office,direct_link
The Voeux德輔道中心,/building/the-voeux/63,office,direct_link
The WOL和安里4-5號,/building/the-wol/10259,office,direct_link
The Wave彌敦道184號,/building/the-wave/3023,office,direct_link
The Wave興業街4號,/building/the-wave/7886,office,direct_link
The Wellington威靈頓街184-198號,/building/the-wellington/1234,office,direct_link
The Workstation擺花街43號,/building/the-workstation/3734,office,direct_link
Thomson Centre卓信商業大廈,/building/thomson-centre/2578,office,direct_link
Thomson Commercial Building威利商業大廈,/building/thomson-commercial-building/2583,office,direct_link
Three Exchange Square交易廣場第三座,/building/three-exchange-square/1199,office,direct_link
Three Garden Road - Champion Tower花園道三號 - 冠君大廈,/building/three-garden-road-champion-tower/1294,office,direct_link
Three Garden Road - ICBC Tower花園道三號 - 中國工商銀行大廈,/building/three-garden-road-icbc-tower/1293,office,direct_link
Three Pacific Place太古廣場3座,/building/three-pacific-place/353,office,direct_link
Thyrse House太富商業大廈,/building/thyrse-house/2140,office,direct_link
Tien Chu Commercial Building天廚商業大廈,/building/tien-chu-commercial-building/1170,office,direct_link
Tiffan Tower天輝中心,/building/tiffan-tower/2234,office,direct_link
Times Media Centre卓凌中心,/building/times-media-centre/2246,office,direct_link
Times Square Tower One時代廣場1座,/building/times-square-tower-one/6157,office,direct_link
Times Square Tower Two時代廣場2座,/building/times-square-tower-two/6156,office,direct_link
Times Tower新時代中心,/building/times-tower/1507,office,direct_link
Times Tower時代中心,/building/times-tower/6306,office,direct_link
Tin On Sing Commercial Building天安城商業大廈,/building/tin-on-sing-commercial-building/5944,office,direct_link
Tins Enterprises Centre田氏企業中心,/building/tins-enterprises-centre/7361,office,direct_link
Toi Shan Association Building台山商會大廈,/building/toi-shan-association-building/1368,office,direct_link
Toi Shan Centre台山中心,/building/toi-shan-centre/1578,office,direct_link
Tower 188軒尼詩道188-190號,/building/tower-188/1337,office,direct_link
Tower 535謝斐道535號,/building/tower-535/1480,office,direct_link
Tower Jordan佐敦中心,/building/tower-jordan/13475,office,direct_link
Trade Square貿易廣場,/building/trade-square/6310,office,direct_link
Trendy Centre潮流工貿中心,/building/trendy-centre/3309,office,direct_link
Trium Hub,/building/trium-hub/4653,office,direct_link
Tsim Sha Tsui Centre尖沙咀中心,/building/tsim-sha-tsui-centre/2662,office,direct_link
Tuen Mun Central Square屯門中央廣場,/building/tuen-mun-central-square/11760,office,direct_link
Tuen Mun Parklane Square屯門栢麗廣場,/building/tuen-mun-parklane-square/7112,office,direct_link
Tung Chai Building通濟大廈,/building/tung-chai-building/1274,office,direct_link
Tung Che Commercial Centre東慈商業中心,/building/tung-che-commercial-centre/832,office,direct_link
Tung Chiong Commercial Building同昌商業大廈,/building/tung-chiong-commercial-building/3024,office,direct_link
Tung Chiu Commercial Centre東超商業中心,/building/tung-chiu-commercial-centre/1005,office,direct_link
Tung Chun Commercial Centre同珍商業中心,/building/tung-chun-commercial-centre/5194,office,direct_link
Tung Hip Commercial Building東協商業大廈,/building/tung-hip-commercial-building/15,office,direct_link
Tung Kong Building東江大廈,/building/tung-kong-building/637,office,direct_link
Tung Lee Commercial Building東利商業大廈,/building/tung-lee-commercial-building/2458,office,direct_link
Tung Ming Building通明大廈,/building/tung-ming-building/17,office,direct_link
Tung Ning Building東寧大廈,/building/tung-ning-building/126,office,direct_link
Tung Seng Commercial Building統生商業大廈,/building/tung-seng-commercial-building/2455,office,direct_link
Tung Wah Tower東華大廈,/building/tung-wah-tower/18201,office,direct_link
Tung Wai Commercial Building東惠商業大廈,/building/tung-wai-commercial-building/2158,office,direct_link
Tung Wui Building東匯大廈,/building/tung-wui-building/6518,office,direct_link
Tung Wui Commercial Building東匯商業大廈,/building/tung-wui-commercial-building/3478,office,direct_link
Tung Yiu Commercial Building東耀商業大廈,/building/tung-yiu-commercial-building/1985,office,direct_link
Tungtex Building同得仕大廈,/building/tungtex-building/4967,office,direct_link
TusPark啟迪中心,/building/tuspark/4965,office,direct_link
Two Chinachem Central華懋中心2期,/building/two-chinachem-central/93,office,direct_link
Two Chinachem Exchange Square華懋交易廣場2期,/building/two-chinachem-exchange-square/1662,office,direct_link
Two Chinachem Plaza華懋廣場II期,/building/two-chinachem-plaza/132,office,direct_link
Two Exchange Square交易廣場第二座,/building/two-exchange-square/1197,office,direct_link
Two Harbour Square偉業街180號,/building/two-harbour-square/4924,office,direct_link
Two Harbourfront海濱廣場二座,/building/two-harbourfront/5617,office,direct_link
Two International Finance Centre國際金融中心二期,/building/two-international-finance-centre/10605,office,direct_link
Two Pacific Place太古廣場2座,/building/two-pacific-place/1122,office,direct_link
Two Portside宏基中心二期,/building/two-portside/12438,office,direct_link
Two Sky Parc,/building/two-sky-parc/4733,office,direct_link
Two Taikoo Place太古坊二座,/building/two-taikoo-place/17412,office,direct_link
Ultragrace Commercial Building至秀商業大廈,/building/ultragrace-commercial-building/3551,office,direct_link
Unicorn Trade Centre有餘貿易中心,/building/unicorn-trade-centre/13,office,direct_link
Union Commercial Building合成商業大廈,/building/union-commercial-building/3736,office,direct_link
Union Park Centre柏宜中心,/building/union-park-centre/2987,office,direct_link
Unionway Commercial Centre聯威商業中心,/building/unionway-commercial-centre/168,office,direct_link
United Asia Finance Centre亞洲聯合財務中心,/building/united-asia-finance-centre/969,office,direct_link
United Building合群大廈,/building/united-building/1398,office,direct_link
United Building順聯大廈,/building/united-building/4270,office,direct_link
United Centre統一中心,/building/united-centre/1123,office,direct_link
United Chinese Bank Building中國聯合銀行大廈,/building/united-chinese-bank-building/12068,office,direct_link
United Overseas Plaza聯僑廣場,/building/united-overseas-plaza/11443,office,direct_link
United Success Commercial Centre聯成商業中心,/building/united-success-commercial-centre/1505,office,direct_link
Universal Commercial Building環球商業大廈,/building/universal-commercial-building/6867,office,direct_link
Universal Commercial House宇宙商業大廈,/building/universal-commercial-house/2807,office,direct_link
Universal House宇宙商業大廈,/building/universal-house/1169,office,direct_link
Universal Trade Centre環貿中心,/building/universal-trade-centre/2281,office,direct_link
Uwa Building祐華大廈,/building/uwa-building/638,office,direct_link
V Heun Building威享大廈,/building/v-heun-building/137,office,direct_link
VC House安皇商業大廈,/building/vc-house/8173,office,direct_link
VIP Commercial Centre海威商業中心,/building/vip-commercial-centre/2307,office,direct_link
Valiant Commercial Building雲龍商業大廈,/building/valiant-commercial-building/3475,office,direct_link
Valley Centre柏餘中心,/building/valley-centre/2255,office,direct_link
Vastkin House華威大廈,/building/vastkin-house/2420,office,direct_link
Vertical SQ嘉尚匯,/building/vertical-sq/11522,office,direct_link
Vincent Commercial Centre永勝商業中心,/building/vincent-commercial-centre/3223,office,direct_link
Vincent House永勝大廈,/building/vincent-house/987,office,direct_link
Virtus Medical Tower尚至醫療大樓,/building/virtus-medical-tower/162,office,direct_link
Viva Place偉華匯,/building/viva-place/17579,office,direct_link
Vogue Building立健商業大廈,/building/vogue-building/1980,office,direct_link
Vulcan House均峰商業大廈,/building/vulcan-house/1073,office,direct_link
W Business Centre北角好景中心,/building/w-business-centre/11718,office,direct_link
W Luxe安耀街5-9號,/building/w-luxe/7221,office,direct_link
W50黄竹坑道50號,/building/w50/3811,office,direct_link
WKCDA Tower西九文化區管理局大樓,/building/wkcda-tower/17443,office,direct_link
WOHO,/building/woho/2430,office,direct_link
Waga Commercial Centre威基商業中心,/building/waga-commercial-centre/1243,office,direct_link
Wah Hen Commercial Centre華軒商業中心,/building/wah-hen-commercial-centre/1416,office,direct_link
Wah Hing Commercial Building華興商業大廈,/building/wah-hing-commercial-building/971,office,direct_link
Wah Hing Commercial Center華興商業中心,/building/wah-hing-commercial-center/5192,office,direct_link
Wah Kit Commercial Centre華傑商業中心,/building/wah-kit-commercial-centre/32,office,direct_link
Wah Koon Building華冠大廈,/building/wah-koon-building/3632,office,direct_link
Wah Yuen Building華源大廈,/building/wah-yuen-building/154,office,direct_link
Wai Ching Commercial Building偉程商業大廈,/building/wai-ching-commercial-building/7163,office,direct_link
Wai Fung Plaza惠豐中心,/building/wai-fung-plaza/2980,office,direct_link
Wai Hing Commercial Building偉興商業大廈,/building/wai-hing-commercial-building/3171,office,direct_link
Wai Lee Commercial Building威利商業大廈,/building/wai-lee-commercial-building/3306,office,direct_link
Wai Ming Commercial Building威明商業大廈,/building/wai-ming-commercial-building/2944,office,direct_link
Wai Wah Commercial Building偉華商業大廈,/building/wai-wah-commercial-building/5437,office,direct_link
Wai Yip Commercial Building偉業商業樓,/building/wai-yip-commercial-building/62,office,direct_link
Waitex House威特商業大廈,/building/waitex-house/14691,office,direct_link
Wan Chai Central Building灣仔中匯大廈,/building/wan-chai-central-building/967,office,direct_link
Wanchai Commercial Centre灣仔商業中心,/building/wanchai-commercial-centre/1573,office,direct_link
Wang Cheong Commercial Building宏昌商業大廈,/building/wang-cheong-commercial-building/6951,office,direct_link
Wanthorpe House第一宏豐中心,/building/wanthorpe-house/10472,office,direct_link
Wardley Centre和益中心,/building/wardley-centre/3476,office,direct_link
Waterloo Plaza匯達中心,/building/waterloo-plaza/6696,office,direct_link
Way On Commercial Building維安商業大廈,/building/way-on-commercial-building/1497,office,direct_link
Wayland House匯賢大廈,/building/wayland-house/5988,office,direct_link
Wayson Commercial Building威勝商業大廈,/building/wayson-commercial-building/635,office,direct_link
Wayson Commercial House偉信商業大廈,/building/wayson-commercial-house/980,office,direct_link
Wealth Commercial Centre廣發商業中心,/building/wealth-commercial-centre/12498,office,direct_link
Wealthy Plaza富裕中心,/building/wealthy-plaza/13085,office,direct_link
Well View Commercial Building宏基商業大廈,/building/well-view-commercial-building/7873,office,direct_link
Wellable Commercial Building維寶商業大廈,/building/wellable-commercial-building/1415,office,direct_link
Wellborne Commercial Centre威邦商業中心,/building/wellborne-commercial-centre/1905,office,direct_link
Wellington Place威靈頓廣場,/building/wellington-place/1248,office,direct_link
Wellington Plaza威寧大廈,/building/wellington-plaza/1255,office,direct_link
West Coast International Building西岸國際大廈,/building/west-coast-international-building/7039,office,direct_link
West Exchange Tower西區電訊大廈,/building/west-exchange-tower/23,office,direct_link
West Gate Tower西港都會中心,/building/west-gate-tower/5558,office,direct_link
Western Centre西區中心大廈,/building/western-centre/698,office,direct_link
Western Commercial Building西區商業大廈,/building/western-commercial-building/827,office,direct_link
Westin Centre威登中心,/building/westin-centre/4734,office,direct_link
Westley Square威利廣場,/building/westley-square/5598,office,direct_link
Weswick Commercial Building威利商業大廈,/building/weswick-commercial-building/345,office,direct_link
Wharf T&T Centre九倉電訊中心,/building/wharf-t-t-centre/2287,office,direct_link
Wheelock House會德豐大廈,/building/wheelock-house/1281,office,direct_link
Wi Wi Commercial Building威威商業大廈,/building/wi-wi-commercial-building/13667,office,direct_link
Will Strong Development Building健能發展大廈,/building/will-strong-development-building/7117,office,direct_link
Willy Commercial Building永吉利商業大廈,/building/willy-commercial-building/2556,office,direct_link
Wilson House威信大廈,/building/wilson-house/1970,office,direct_link
Win Century Centre琪恆中心,/building/win-century-centre/6553,office,direct_link
Win Plaza匯達商業中心,/building/win-plaza/5406,office,direct_link
Winbase Centre勝基中心,/building/winbase-centre/186,office,direct_link
Windsor House - Chubb Tower皇室大廈 - 安達人壽大樓,/building/windsor-house-chubb-tower/1150,office,direct_link
Winfield Commercial Building盈豐商業大廈,/building/winfield-commercial-building/3479,office,direct_link
Winfull Commercial Building永富商業大廈,/building/winfull-commercial-building/2544,office,direct_link
Wing Fat Commercial Building永發商業大廈,/building/wing-fat-commercial-building/3928,office,direct_link
Wing Fu Building永富大廈,/building/wing-fu-building/2557,office,direct_link
Wing Hang Insurance Building永亨保險大廈,/building/wing-hang-insurance-building/2558,office,direct_link
Wing Hing Commercial Building榮興商業大廈,/building/wing-hing-commercial-building/13161,office,direct_link
Wing Hing Commercial Building永興商業大廈,/building/wing-hing-commercial-building/2538,office,direct_link
Wing Kee Commercial Building永基商業大廈,/building/wing-kee-commercial-building/3258,office,direct_link
Wing Kwok Centre榮國中心,/building/wing-kwok-centre/6690,office,direct_link
Wing On Centre永安中心,/building/wing-on-centre/134,office,direct_link
Wing On Cheong Building永安祥大廈,/building/wing-on-cheong-building/2542,office,direct_link
Wing On House永安集團大廈,/building/wing-on-house/1,office,direct_link
Wing On Kowloon Centre永安九龍中心,/building/wing-on-kowloon-centre/2940,office,direct_link
Wing On Plaza永安廣場,/building/wing-on-plaza/2665,office,direct_link
Wing Shing House榮成樓,/building/wing-shing-house/2503,office,direct_link
Wing Sing Commercial Building永星商業大廈,/building/wing-sing-commercial-building/6458,office,direct_link
Wing Sing Commercial Centre永昇商業中心,/building/wing-sing-commercial-centre/2532,office,direct_link
Wing Tat Commercial Building永達商業大廈,/building/wing-tat-commercial-building/2520,office,direct_link
Wing Tuck Commercial Centre永德商業中心,/building/wing-tuck-commercial-centre/3582,office,direct_link
Wing Wong Commercial Building永旺行,/building/wing-wong-commercial-building/3009,office,direct_link
Wing Yee Commercial Building永宜商業大廈,/building/wing-yee-commercial-building/2562,office,direct_link
Wing Yip Commercial Building榮業商業大廈,/building/wing-yip-commercial-building/12174,office,direct_link
Wings Building永恆商業大廈,/building/wings-building/171,office,direct_link
Winhong Building永康樓,/building/winhong-building/5649,office,direct_link
Winland House永倫大廈,/building/winland-house/3307,office,direct_link
Winland Square永倫立方,/building/winland-square/1411,office,direct_link
Winner Commercial Building榮華商業大廈,/building/winner-commercial-building/990,office,direct_link
Winning Centre雲明行,/building/winning-centre/1973,office,direct_link
Winning Commercial Building運通商業大廈,/building/winning-commercial-building/3219,office,direct_link
Winning House致發大廈,/building/winning-house/5675,office,direct_link
Winsan Tower運盛大廈,/building/winsan-tower/2582,office,direct_link
Winsing Building永勝大廈,/building/winsing-building/841,office,direct_link
Winsome House雲山大廈,/building/winsome-house/1976,office,direct_link
Winway Building華威大廈,/building/winway-building/1249,office,direct_link
Wireless Centre  - Science Park無線電中心 - 科技園,/building/wireless-centre-science-park/17306,office,direct_link
Wo Hing Commercial Building和興商業大廈,/building/wo-hing-commercial-building/3172,office,direct_link
Wofoo Commercial Building和富商業大廈,/building/wofoo-commercial-building/2943,office,direct_link
Wong Chung Ming Commercial House王仲銘商業大廈,/building/wong-chung-ming-commercial-house/1984,office,direct_link
Wong Tze Building王子大廈,/building/wong-tze-building/5600,office,direct_link
Woon Lee Commercial Building煥利商業大廈,/building/woon-lee-commercial-building/2737,office,direct_link
Workingberg Commercial Building華寶商業大廈,/building/workingberg-commercial-building/6149,office,direct_link
Workingbond Commercial Centre華邦商業中心,/building/workingbond-commercial-centre/6924,office,direct_link
Workingfield Commercial Building華斐商業大廈,/building/workingfield-commercial-building/1498,office,direct_link
Workingport Commercial Building華博商業大廈,/building/workingport-commercial-building/7081,office,direct_link
Workington Tower華東商業大廈,/building/workington-tower/13654,office,direct_link
Workingview Commercial Building華耀商業大廈,/building/workingview-commercial-building/6058,office,direct_link
World Commerce Centre世界商業中心,/building/world-commerce-centre/2288,office,direct_link
World Finance Centre North環球金融中心(北),/building/world-finance-centre-north/2290,office,direct_link
World Finance Centre South環球金融中心(南),/building/world-finance-centre-south/2289,office,direct_link
World Peace Centre世和中心,/building/world-peace-centre/7913,office,direct_link
World Trade Centre世貿中心,/building/world-trade-centre/1166,office,direct_link
World Trust Tower信誠廣場,/building/world-trust-tower/2038,office,direct_link
World Wide Commercial Building世界商業大廈,/building/world-wide-commercial-building/1994,office,direct_link
World-Wide House環球大廈,/building/world-wide-house/6,office,direct_link
Wu Chung House胡忠大廈,/building/wu-chung-house/367,office,direct_link
Wui Tat Centre會達中心,/building/wui-tat-centre/632,office,direct_link
Wyndham Place雲咸商業中心,/building/wyndham-place/1979,office,direct_link
Xing Hua Centre興華中心,/building/xing-hua-centre/5184,office,direct_link
Xiu Hua Commercial Building秀華商業大廈,/building/xiu-hua-commercial-building/1496,office,direct_link
Xiu Ping Commercial Building秀屏商業大廈,/building/xiu-ping-commercial-building/2451,office,direct_link
Y Centre白加士街13-15號,/building/y-centre/7118,office,direct_link
YF Life Centre萬通保險中心,/building/yf-life-centre/1145,office,direct_link
YF Life Tower萬通保險大廈,/building/yf-life-tower/970,office,direct_link
YHC Tower恩浩國際中心,/building/yhc-tower/15094,office,direct_link
Yam Tze Commercial Building壬子商業大廈,/building/yam-tze-commercial-building/2585,office,direct_link
Yan Fook Centre恩福中心,/building/yan-fook-centre/6304,office,direct_link
Yardley Commercial Building億利商業大廈,/building/yardley-commercial-building/628,office,direct_link
Yat Chau Building一洲大廈,/building/yat-chau-building/28,office,direct_link
Yat Fat Building日發大廈,/building/yat-fat-building/82,office,direct_link
Yau Shing Commercial Centre友誠商業中心,/building/yau-shing-commercial-centre/14747,office,direct_link
Yau Shun Building友信大廈,/building/yau-shun-building/655,office,direct_link
Yau Sing Building有成大廈,/building/yau-sing-building/2530,office,direct_link
Yee On 168怡安168,/building/yee-on-168/60,office,direct_link
Yen Sheng Centre源成中心,/building/yen-sheng-centre/5602,office,direct_link
Yes & Right House德拓大廈,/building/yes-right-house/2656,office,direct_link
Yeung Iu Chi Commercial Building楊耀熾商業大廈,/building/yeung-iu-chi-commercial-building/1495,office,direct_link
Yip Fung Building業豐大廈,/building/yip-fung-building/651,office,direct_link
York House約克大廈,/building/york-house/148,office,direct_link
Yu Sung Boon Building余崇本行,/building/yu-sung-boon-building/30,office,direct_link
Yu To Sang Building余道生行,/building/yu-to-sang-building/185,office,direct_link
Yu Yuet Lai Building余悅禮行,/building/yu-yuet-lai-building/1971,office,direct_link
Yue Fai Commercial Centre裕輝商業中心,/building/yue-fai-commercial-centre/3946,office,direct_link
Yue Hing Building越興大廈,/building/yue-hing-building/1372,office,direct_link
Yue Hwa International Building裕華國際大廈,/building/yue-hwa-international-building/4677,office,direct_link
Yue On Commercial Building裕安商業大廈,/building/yue-on-commercial-building/968,office,direct_link
Yue Shing Commercial Building裕成商業大廈,/building/yue-shing-commercial-building/3603,office,direct_link
Yue Xiu Building越秀大廈,/building/yue-xiu-building/972,office,direct_link
Yue's House余氏大廈,/building/yue-s-house/83,office,direct_link
Yuen Long Centre元朗中心,/building/yuen-long-centre/15018,office,direct_link
Yuen Long Commercial Centre元朗商業中心,/building/yuen-long-commercial-centre/14321,office,direct_link
Yuen Long Landmark開心廣場,/building/yuen-long-landmark/13767,office,direct_link
Yuen Long Trade Centre元朗貿易中心,/building/yuen-long-trade-centre/13766,office,direct_link
Yuey Kong Centre銳光中心,/building/yuey-kong-centre/11929,office,direct_link
Yun Kei Commercial Building潤基商業大廈,/building/yun-kei-commercial-building/5089,office,direct_link
Yun Tat Commercial Building潤達商業大廈,/building/yun-tat-commercial-building/6844,office,direct_link
ZJ 300浙江興業大廈,/building/zj-300/1001,office,direct_link
Zhongcai Centre中財中心,/building/zhongcai-centre/204,office,direct_link
Zhongda Building中達大廈,/building/zhongda-building/5386,office,direct_link
Zoroastrian Building善樂施大廈,/building/zoroastrian-building/1074,office,direct_link
iHome Centre置家中心,/building/ihome-centre/1004,office,direct_link
+Woo Phase 1+WOO嘉湖一期,/building/woo-phase-1/17627,shop,direct_link
+Woo Phase 2+WOO嘉湖二期,/building/woo-phase-2/12927,shop,direct_link
1 Hee Wong Terrace羲皇臺1號,/building/1-hee-wong-terrace/18148,shop,direct_link
1-2 Li Yuen Street East利源東街1-2號,/building/1-2-li-yuen-street-east/5657,shop,direct_link
11 Lan Fong Road蘭芳道11號,/building/11-lan-fong-road/7931,shop,direct_link
11 Skies,/building/11-skies/17508,shop,direct_link
11 Stanley Street士丹利街11號,/building/11-stanley-street/2046,shop,direct_link
118 QRC皇后大道中118號,/building/118-qrc/184,shop,direct_link
129 Queen's Road Central皇后大道中129號,/building/129-queen-s-road-central/239,shop,direct_link
13 Queen Victoria Street域多利皇后街13號,/building/13-queen-victoria-street/3599,shop,direct_link
14-16 Canton Road廣東道14-16號,/building/14-16-canton-road/2372,shop,direct_link
154 Des Voeux Road Central德輔道中154號,/building/154-des-voeux-road-central/73,shop,direct_link
154-156 Wellington Street威靈頓街154-156號,/building/154-156-wellington-street/1222,shop,direct_link
15A Matheson Street勿地臣街15A號,/building/15a-matheson-street/6155,shop,direct_link
160 Portland Street砵蘭街160號,/building/160-portland-street/17731,shop,direct_link
18 Cochrane Street閣麟街18號,/building/18-cochrane-street/5673,shop,direct_link
18 Farm Road農圃道18號,/building/18-farm-road/13915,shop,direct_link
18 Stanley Street士丹利街18號,/building/18-stanley-street/2026,shop,direct_link
18 Upper East港島‧東18,/building/18-upper-east/12379,shop,direct_link
1881 Heritage,/building/1881-heritage/2325,shop,direct_link
19-21 Irving Street伊榮街19-21號,/building/19-21-irving-street/6005,shop,direct_link
190 Nathan Road彌敦道190號,/building/190-nathan-road/3058,shop,direct_link
21 Li Yuen Street West利源西街21號,/building/21-li-yuen-street-west/4145,shop,direct_link
21 Wing Wo Street永和街21號,/building/21-wing-wo-street/3168,shop,direct_link
215 Portland Street朗晴坊,/building/215-portland-street/5419,shop,direct_link
22 Pottinger Street砵典乍街22號,/building/22-pottinger-street/2131,shop,direct_link
22-24 Russell Street羅素街22-24號,/building/22-24-russell-street/6012,shop,direct_link
222 Sai Yeung Choi Street South西洋菜南街222號,/building/222-sai-yeung-choi-street-south/7313,shop,direct_link
26-28 Cochrane Street閣麟街26-28號,/building/26-28-cochrane-street/5681,shop,direct_link
28 Wellington Street威靈頓街28號,/building/28-wellington-street/1246,shop,direct_link
298 Computer Zone298電腦特區,/building/298-computer-zone/1309,shop,direct_link
2W Sai Yeung Choi Street South西洋菜南街2W號,/building/2w-sai-yeung-choi-street-south/7319,shop,direct_link
3-4 Li Yuen Street East利源東街3-4號,/building/3-4-li-yuen-street-east/5662,shop,direct_link
30 Hung To Road鴻圖道30號,/building/30-hung-to-road/17380,shop,direct_link
30 Wellington Street威靈頓街30號,/building/30-wellington-street/1230,shop,direct_link
321-323 Queen's Road Central皇后大道中321-323號,/building/321-323-queen-s-road-central/203,shop,direct_link
36 Pottinger Street砵典乍街36號,/building/36-pottinger-street/2132,shop,direct_link
37-39 Carnarvon Road加拿分道37-39號,/building/37-39-carnarvon-road/5685,shop,direct_link
38-40 Jardine's Bazaar渣甸街38-40號,/building/38-40-jardine-s-bazaar/866,shop,direct_link
4 Pottinger Street砵典乍街4號,/building/4-pottinger-street/2136,shop,direct_link
41 Smithfield Road士美菲路41號,/building/41-smithfield-road/17779,shop,direct_link
42-44 Jardine's Bazaar渣甸街 42-44號,/building/42-44-jardine-s-bazaar/856,shop,direct_link
44 Kimberley Road金巴利道44號,/building/44-kimberley-road/17632,shop,direct_link
50 Kimberley Road金巴利道50號,/building/50-kimberley-road/6541,shop,direct_link
51 Wellington Street威靈頓街51號,/building/51-wellington-street/1263,shop,direct_link
519-521 Hennessy Road軒尼詩道519-521號,/building/519-521-hennessy-road/1335,shop,direct_link
52 Kimberley Road金巴利道52號,/building/52-kimberley-road/17633,shop,direct_link
53 Wellington Street威靈頓街53號,/building/53-wellington-street/1270,shop,direct_link
55 Queen's Road Central皇后大道中55號,/building/55-queen-s-road-central/218,shop,direct_link
55 Wellington Street威靈頓街55號,/building/55-wellington-street/1268,shop,direct_link
57 Wellington Street威靈頓街57號,/building/57-wellington-street/1273,shop,direct_link
58-60 Sai Yeung Choi Street South西洋菜南街58-60號,/building/58-60-sai-yeung-choi-street-south/7324,shop,direct_link
59-61 Wellington Street威靈頓街59-61號,/building/59-61-wellington-street/1206,shop,direct_link
6 Gilman's Bazaar機利文新街6號,/building/6-gilman-s-bazaar/5643,shop,direct_link
6 Hillier Street禧利街6號,/building/6-hillier-street/2461,shop,direct_link
61 Sai yeung Choi Street South西洋菜南街61號,/building/61-sai-yeung-choi-street-south/7304,shop,direct_link
618 Shanghai Street上海街618號,/building/618-shanghai-street/17409,shop,direct_link
62-64 Sai Yeung Choi Street South西洋菜南街62-64號,/building/62-64-sai-yeung-choi-street-south/7296,shop,direct_link
66-68 Sai Yeung Choi Street South西洋菜南街66-68號,/building/66-68-sai-yeung-choi-street-south/7329,shop,direct_link
67 Sai yeung Choi Street South西洋菜南街67號,/building/67-sai-yeung-choi-street-south/7322,shop,direct_link
67-69 Sai Yeung Choi Street South西洋菜街南67-69號,/building/67-69-sai-yeung-choi-street-south/7302,shop,direct_link
7 Cannon Street景隆街7號,/building/7-cannon-street/6222,shop,direct_link
7 Seas Shopping Centre七海商業中心,/building/7-seas-shopping-centre/1731,shop,direct_link
70-72 Jervois Street蘇杭街70-72號,/building/70-72-jervois-street/2415,shop,direct_link
70-76 Percival Street波斯富街70-76號,/building/70-76-percival-street/5725,shop,direct_link
71-73 Fa Yuen Street花園街71-73號,/building/71-73-fa-yuen-street/17730,shop,direct_link
71-73 Wellington Street威靈頓街71-73號,/building/71-73-wellington-street/1269,shop,direct_link
75-77 Wellington Street威靈頓街 75-77號,/building/75-77-wellington-street/1209,shop,direct_link
83 King Lam Street瓊林街83號,/building/83-king-lam-street/17961,shop,direct_link
83 Wellington Street威靈頓街83號,/building/83-wellington-street/1210,shop,direct_link
85 Queen's Road Central皇后大道中85號,/building/85-queen-s-road-central/254,shop,direct_link
86-88 Stanley Main Street赤柱大街86-88號,/building/86-88-stanley-main-street/3987,shop,direct_link
9-11 Cochrane Street閣麟街9-11號,/building/9-11-cochrane-street/5678,shop,direct_link
APM,/building/apm/4561,shop,direct_link
Abba Shopping Mall利群商場,/building/abba-shopping-mall/3921,shop,direct_link
Aberdeen Centre Shopping Arcade Site 1香港仔中心商場第一期,/building/aberdeen-centre-shopping-arcade-site-1/12840,shop,direct_link
Aberdeen Centre Shopping Arcade Site 2香港仔中心商場第二期,/building/aberdeen-centre-shopping-arcade-site-2/12841,shop,direct_link
Aberdeen Centre Shopping Arcade Site 3香港仔中心商場第三期,/building/aberdeen-centre-shopping-arcade-site-3/12843,shop,direct_link
Aberdeen Centre Shopping Arcade Site 4香港仔中心商場第四期,/building/aberdeen-centre-shopping-arcade-site-4/12842,shop,direct_link
Aberdeen Centre Shopping Arcade Site 5香港仔中心商場第五期,/building/aberdeen-centre-shopping-arcade-site-5/12844,shop,direct_link
Admiralty Centre海富中心,/building/admiralty-centre/1135,shop,direct_link
Aegean Coast Shopping Arcade愛琴海岸商場,/building/aegean-coast-shopping-arcade/17618,shop,direct_link
Aldrich Garden Shopping Centre愛蝶灣商場,/building/aldrich-garden-shopping-centre/11804,shop,direct_link
Alfred House熙慶樓,/building/alfred-house/8175,shop,direct_link
Allied Plaza聯合廣場,/building/allied-plaza/2897,shop,direct_link
Alto Residences藍塘滙,/building/alto-residences/12923,shop,direct_link
Amber Place恒珀,/building/amber-place/18103,shop,direct_link
Amoy Plaza淘大商場,/building/amoy-plaza/11582,shop,direct_link
Andes Plaza安達中心,/building/andes-plaza/388,shop,direct_link
Apollo Shopping Centre宇宙大廈商場,/building/apollo-shopping-centre/3325,shop,direct_link
Aqua Marine碧海藍天,/building/aqua-marine/10868,shop,direct_link
Argyle Centre旺角中心,/building/argyle-centre/3138,shop,direct_link
Art Piece,/building/art-piece/5708,shop,direct_link
Art Piece勿地臣街3號,/building/art-piece/17288,shop,direct_link
Artisan House瑧蓺,/building/artisan-house/13038,shop,direct_link
Artist Square西九藝術廣場,/building/artist-square/18135,shop,direct_link
Aura on Pennington亨環,/building/aura-on-pennington/865,shop,direct_link
Avon Mall碧湖商場,/building/avon-mall/12967,shop,direct_link
Baker Circle必嘉坊,/building/baker-circle/15616,shop,direct_link
Bank Centre Mall銀行中心廣場,/building/bank-centre-mall/2924,shop,direct_link
Banyan Mall泓景滙,/building/banyan-mall/7372,shop,direct_link
Bay View Shopping Arcade灣景商場,/building/bay-view-shopping-arcade/1850,shop,direct_link
Bayview Garden Shopping Centre灣景花園商場,/building/bayview-garden-shopping-centre/3302,shop,direct_link
Beach Centre海濱中心,/building/beach-centre/10886,shop,direct_link
Beautiful Garden Arcade美豐花園商場,/building/beautiful-garden-arcade/13847,shop,direct_link
Bel Shine Centre百營中心,/building/bel-shine-centre/11816,shop,direct_link
Belair Gardens Shopping Arcade富豪花園商場,/building/belair-gardens-shopping-arcade/11426,shop,direct_link
Belair Monte綠悠軒,/building/belair-monte/16445,shop,direct_link
Bell House寶寧大廈,/building/bell-house/2903,shop,direct_link
Belvedere Square麗城薈,/building/belvedere-square/13720,shop,direct_link
Better Place幸匯@運頭塘,/building/better-place/12952,shop,direct_link
Bo Yip Building寶業大廈,/building/bo-yip-building/6866,shop,direct_link
Bohemian House瑧璈,/building/bohemian-house/792,shop,direct_link
Bowring Place寶靈中心,/building/bowring-place/8030,shop,direct_link
Brim 28灣景滙,/building/brim-28/2017,shop,direct_link
Burlington House華敦大廈,/building/burlington-house/2917,shop,direct_link
Butterfly Plaza蝴蝶廣場,/building/butterfly-plaza/12891,shop,direct_link
CUBUS,/building/cubus/11141,shop,direct_link
California Tower加州大廈,/building/california-tower/659,shop,direct_link
Callton Center駿盈中心,/building/callton-center/3041,shop,direct_link
Canton Plaza流尚坊,/building/canton-plaza/2313,shop,direct_link
Capri Place,/building/capri-place/17644,shop,direct_link
Carado Garden Commercial Complex雲疊花園商場,/building/carado-garden-commercial-complex/12045,shop,direct_link
Care & Health Building康而健大廈,/building/care-health-building/3166,shop,direct_link
Caribbean Square映灣薈,/building/caribbean-square/17801,shop,direct_link
Carprio Mansion嘉業大廈,/building/carprio-mansion/7389,shop,direct_link
Casio Mansion Shopping Arcade嘉兆大廈商場,/building/casio-mansion-shopping-arcade/13115,shop,direct_link
Cathay 88國泰88,/building/cathay-88/2206,shop,direct_link
Causeway Bay Apple Mall銅鑼灣蘋果商場,/building/causeway-bay-apple-mall/6346,shop,direct_link
Causeway Place銅鑼灣地帶,/building/causeway-place/1625,shop,direct_link
Causeway Square銅鑼廣場,/building/causeway-square/2549,shop,direct_link
Celestial Place壹號名薈,/building/celestial-place/11137,shop,direct_link
Central Market中環街市,/building/central-market/17319,shop,direct_link
Centre de Laguna城中薈,/building/centre-de-laguna/10658,shop,direct_link
Centro城市娛樂中心,/building/centro/17107,shop,direct_link
Chai Wan Cinema Building柴灣戲院大廈,/building/chai-wan-cinema-building/15608,shop,direct_link
Champagne Court香檳大廈,/building/champagne-court/5694,shop,direct_link
Chanway Shopping Centre偉華商場,/building/chanway-shopping-centre/6483,shop,direct_link
Charm View Shopping Arcade創景商場,/building/charm-view-shopping-arcade/7837,shop,direct_link
Charming Garden Arcade富榮花園商場,/building/charming-garden-arcade/8856,shop,direct_link
Chatham Place昇御商場,/building/chatham-place/7464,shop,direct_link
Cheung Fat Plaza長發廣場,/building/cheung-fat-plaza/12892,shop,direct_link
Cheung Hang Shopping Centre長亨商場,/building/cheung-hang-shopping-centre/17109,shop,direct_link
Cheung Kei Center Tower B祥祺中心B座,/building/cheung-kei-center-tower-b/17413,shop,direct_link
Cheung Sha Wan Plaza長沙灣廣場,/building/cheung-sha-wan-plaza/6332,shop,direct_link
Cheung Wah Shopping Centre祥華商場,/building/cheung-wah-shopping-centre/6498,shop,direct_link
Cheung Ying Alley翔盈里,/building/cheung-ying-alley/12904,shop,direct_link
Chi Fai Arcade置輝商場,/building/chi-fai-arcade/12066,shop,direct_link
Chi Fu Landmark置富南區廣場,/building/chi-fu-landmark/9409,shop,direct_link
Chic Corner威靈頓街26號,/building/chic-corner/1277,shop,direct_link
China Hong Kong City中港城,/building/china-hong-kong-city/2326,shop,direct_link
China Life Center Tower B中國人壽中心B座,/building/china-life-center-tower-b/17414,shop,direct_link
Ching Lai Commercial Centre清麗商場,/building/ching-lai-commercial-centre/14448,shop,direct_link
Ching Long Shopping Centre晴朗商場,/building/ching-long-shopping-centre/16464,shop,direct_link
Choi Yuen Plaza彩園廣場,/building/choi-yuen-plaza/12899,shop,direct_link
Chuang's London Plaza莊士倫敦廣場,/building/chuang-s-london-plaza/2978,shop,direct_link
Chuen Fai Centre全輝中心,/building/chuen-fai-centre/14367,shop,direct_link
Chung Hwa Plaza中華商場,/building/chung-hwa-plaza/11954,shop,direct_link
Chung On Shopping Centre頌安商場,/building/chung-on-shopping-centre/9501,shop,direct_link
Cite 33百匯軒,/building/cite-33/7394,shop,direct_link
City Garden Shopping Center城市花園商場,/building/city-garden-shopping-center/2765,shop,direct_link
Citylink Plaza連城廣場,/building/citylink-plaza/7360,shop,direct_link
Cityplaza太古城中心,/building/cityplaza/2171,shop,direct_link
Citywalk 2荃新天地2,/building/citywalk-2/7803,shop,direct_link
Citywalk荃新天地,/building/citywalk/7798,shop,direct_link
Cke Shopping Mall重慶站購物商場,/building/cke-shopping-mall/2930,shop,direct_link
Coastal Skyline Shopping Arcade藍天海岸商場,/building/coastal-skyline-shopping-arcade/10112,shop,direct_link
Cochrane Commercial House國麟大廈,/building/cochrane-commercial-house/5676,shop,direct_link
Comfort Building安樂大廈,/building/comfort-building/2833,shop,direct_link
Commune Modern囍逸,/building/commune-modern/10674,shop,direct_link
Convention Plaza會展廣場,/building/convention-plaza/2025,shop,direct_link
Corinthia By The Sea帝景灣,/building/corinthia-by-the-sea/12920,shop,direct_link
Coronation Circle中港薈,/building/coronation-circle/13347,shop,direct_link
Crocodile Centre鱷魚恤中心,/building/crocodile-centre/5588,shop,direct_link
Cumberland House金百龍大廈,/building/cumberland-house/2835,shop,direct_link
D Park愉景新城,/building/d-park/3280,shop,direct_link
D' Hub,/building/d-hub/5432,shop,direct_link
DB North Plaza愉景北商場,/building/db-north-plaza/13063,shop,direct_link
Dairy Farm Shopping Centre牛奶公司購物中心,/building/dairy-farm-shopping-centre/18166,shop,direct_link
Dawning Views Shopping Plaza牽晴間購物廣場,/building/dawning-views-shopping-plaza/12969,shop,direct_link
De Novo Mall煥然壹居,/building/de-novo-mall/17650,shop,direct_link
Deerhill Bay Arcade鹿茵山莊商場,/building/deerhill-bay-arcade/16443,shop,direct_link
Denker Plaza駿佳廣場,/building/denker-plaza/16891,shop,direct_link
Discovery Bay Plaza愉景廣場,/building/discovery-bay-plaza/11619,shop,direct_link
Domain Mall大本型,/building/domain-mall/16469,shop,direct_link
Don Shing Building敦成大廈,/building/don-shing-building/3541,shop,direct_link
Double Cove Place迎海薈,/building/double-cove-place/16974,shop,direct_link
Dragon Centre西九龍中心,/building/dragon-centre/12169,shop,direct_link
E Plaza東廣場,/building/e-plaza/7011,shop,direct_link
E-Max,/building/e-max/7256,shop,direct_link
East Pavilion東匯坊,/building/east-pavilion/1833,shop,direct_link
Eastern Plaza (Koway Plaza)東港城 (高威廣場),/building/eastern-plaza-koway-plaza/12371,shop,direct_link
Eastland Towers東蘭閣,/building/eastland-towers/7066,shop,direct_link
Edward Mansion長榮大廈,/building/edward-mansion/6891,shop,direct_link
Eight Regency珀御,/building/eight-regency/14463,shop,direct_link
Elegant Garden翠然商場,/building/elegant-garden/403,shop,direct_link
Elements圓方,/building/elements/8256,shop,direct_link
Elizabeth House伊利莎伯大廈,/building/elizabeth-house/1173,shop,direct_link
Emperor Watch and Jewellery Centre英皇鐘錶珠寶中心,/building/emperor-watch-and-jewellery-centre/6011,shop,direct_link
Enterprise Square One企業廣場一期,/building/enterprise-square-one/15081,shop,direct_link
Entrepot Centre港貿中心,/building/entrepot-centre/4614,shop,direct_link
Esplanade Place弦坊,/building/esplanade-place/13407,shop,direct_link
Exchange Square交易廣場,/building/exchange-square/1200,shop,direct_link
FOCO閣麟街46-48號,/building/foco/17491,shop,direct_link
Fairview Mansion(CWB)華爾大廈,/building/fairview-mansion-cwb/1101,shop,direct_link
Fairview Park Town Centre錦綉花園市中心廣場,/building/fairview-park-town-centre/16945,shop,direct_link
Fanling Centre粉嶺中心,/building/fanling-centre/6499,shop,direct_link
Fanling Town Center粉嶺名都商場,/building/fanling-town-center/12910,shop,direct_link
Far East Mansion遠東大廈,/building/far-east-mansion/6502,shop,direct_link
Fashion Walk - Kingston名店坊 - Kingston,/building/fashion-walk-kingston/4039,shop,direct_link
Fashion Walk - Main Block名店坊 - Main Block,/building/fashion-walk-main-block/1111,shop,direct_link
Federal Plaza聯邦廣場,/building/federal-plaza/3259,shop,direct_link
Festival Walk又一城,/building/festival-walk/6786,shop,direct_link
Fhp Shopping Centre,/building/fhp-shopping-centre/2671,shop,direct_link
Fitfort健威坊,/building/fitfort/1762,shop,direct_link
Flora Plaza花都廣場,/building/flora-plaza/16545,shop,direct_link
Florence Plaza富華廣場,/building/florence-plaza/13225,shop,direct_link
Fok On Shopping Centre福安花園商場,/building/fok-on-shopping-centre/12871,shop,direct_link
Food+匯富坊,/building/food/17269,shop,direct_link
Fortress Metro Tower康澤花園,/building/fortress-metro-tower/1783,shop,direct_link
Fortune City One置富第一城,/building/fortune-city-one/12855,shop,direct_link
Fortune Metropolis置富都會,/building/fortune-metropolis/7492,shop,direct_link
Fortune Shopping Centre幸福商場,/building/fortune-shopping-centre/12991,shop,direct_link
Four Seas Jade Centre四海玉器中心,/building/four-seas-jade-centre/2342,shop,direct_link
Franki Centre建新中心,/building/franki-centre/6754,shop,direct_link
Fu Loy Shopping Arcade富來花園商場,/building/fu-loy-shopping-arcade/14582,shop,direct_link
Fu Tai Shopping Centre富泰商場,/building/fu-tai-shopping-centre/12953,shop,direct_link
Fu Tor Loy Shopping Centre Phase 1富多來商場第一期,/building/fu-tor-loy-shopping-centre-phase-1/10681,shop,direct_link
Fu Tor Loy Shopping Centre Phase 2富多來商場第二期,/building/fu-tor-loy-shopping-centre-phase-2/15428,shop,direct_link
Fu Tung Plaza富東廣場,/building/fu-tung-plaza/16567,shop,direct_link
Fu Wing House富永樓,/building/fu-wing-house/2137,shop,direct_link
Full Wing Building富運大廈,/building/full-wing-building/7478,shop,direct_link
Fullview Garden Shopping Centre富景商場,/building/fullview-garden-shopping-centre/9746,shop,direct_link
Fung King Court豐景閣,/building/fung-king-court/374,shop,direct_link
Fung Tak Shopping Centre鳳德商場,/building/fung-tak-shopping-centre/17697,shop,direct_link
Galaxy Plaza銀河廣場,/building/galaxy-plaza/12407,shop,direct_link
Ginz 8銀八,/building/ginz-8/7187,shop,direct_link
Gogo Mall雅都商場,/building/gogo-mall/16452,shop,direct_link
Gold Coast Piazza黃金海岸商場,/building/gold-coast-piazza/16440,shop,direct_link
Golden Computer Arcade黃金電腦商場,/building/golden-computer-arcade/11850,shop,direct_link
Golden Computer Centre高登電腦中心,/building/golden-computer-centre/11897,shop,direct_link
Golden Digital黃金數碼廣場,/building/golden-digital/12168,shop,direct_link
Golden Glory Mansion金輝大廈,/building/golden-glory-mansion/5700,shop,direct_link
Golden Plaza萬金中心,/building/golden-plaza/15106,shop,direct_link
Golden Plaza金都商場,/building/golden-plaza/2945,shop,direct_link
Goodrich Garden Shopping Arcade盈豐商場,/building/goodrich-garden-shopping-arcade/14464,shop,direct_link
Grand Metro都匯,/building/grand-metro/6876,shop,direct_link
Grand Millennium Plaza新紀元廣場,/building/grand-millennium-plaza/220,shop,direct_link
Grand Regentville Shopping Mall御庭軒購物商場,/building/grand-regentville-shopping-mall/15636,shop,direct_link
Grand Villa雅景軒,/building/grand-villa/7470,shop,direct_link
Grand Waterfront Plaza翔龍灣廣場,/building/grand-waterfront-plaza/9522,shop,direct_link
Grandeur Garden Shopping Arcade金禧商場,/building/grandeur-garden-shopping-arcade/13809,shop,direct_link
Green Code Plaza逸峯廣場,/building/green-code-plaza/16446,shop,direct_link
Greenfield Garden翠怡花園,/building/greenfield-garden/14011,shop,direct_link
H Queen's,/building/h-queen-s/241,shop,direct_link
H.A.N.D.S,/building/h-a-n-d-s/16454,shop,direct_link
Hampton Loft凱帆薈,/building/hampton-loft/8839,shop,direct_link
Hang King Shopping Arcade恆景商場,/building/hang-king-shopping-arcade/12344,shop,direct_link
Hang Lok Square行樂坊,/building/hang-lok-square/14991,shop,direct_link
Hang Lung Centre恒隆中心,/building/hang-lung-centre/1110,shop,direct_link
Hankow Centre漢口中心,/building/hankow-centre/3429,shop,direct_link
Harbour City海港城,/building/harbour-city/2331,shop,direct_link
Harbour North Phase 1北角匯一期,/building/harbour-north-phase-1/17596,shop,direct_link
Harbour North Phase 2北角匯二期,/building/harbour-north-phase-2/17595,shop,direct_link
Harbour North Phase 3北角匯三期,/building/harbour-north-phase-3/1911,shop,direct_link
Harbour Place海濱南岸,/building/harbour-place/14809,shop,direct_link
Harbour Shopping Arcade海港商場,/building/harbour-shopping-arcade/2018,shop,direct_link
Harbourfront Landmark海名軒,/building/harbourfront-landmark/6457,shop,direct_link
Heath慶方,/building/heath/17757,shop,direct_link
Heng On Commercial Centre恆安商場,/building/heng-on-commercial-centre/12970,shop,direct_link
Henry House亨利中心,/building/henry-house/1637,shop,direct_link
Heya Aqua喜漾,/building/heya-aqua/17701,shop,direct_link
Heya Crystal喜薈商場,/building/heya-crystal/3354,shop,direct_link
Heya Delight喜盈,/building/heya-delight/3400,shop,direct_link
Heya Green喜雅,/building/heya-green/13004,shop,direct_link
Heya Star喜韻,/building/heya-star/3327,shop,direct_link
High Park Grand曉珀‧御,/building/high-park-grand/13295,shop,direct_link
High Park Square滙都廣場,/building/high-park-square/18061,shop,direct_link
High Park曉珀,/building/high-park/13294,shop,direct_link
Hilton Place希爾頓大廈,/building/hilton-place/2612,shop,direct_link
Hilton Plaza希爾頓中心,/building/hilton-plaza/6478,shop,direct_link
Hin Keng Shopping Centre顯徑商場,/building/hin-keng-shopping-centre/12971,shop,direct_link
Hin Kwong Building顯光樓,/building/hin-kwong-building/246,shop,direct_link
Hing Kui Building慶渠樓,/building/hing-kui-building/6166,shop,direct_link
Hing Tin Commercial Centre興田商場,/building/hing-tin-commercial-centre/17116,shop,direct_link
Hing Tung Shopping Centre興東商場,/building/hing-tung-shopping-centre/6075,shop,direct_link
Hing Wah Plaza興華廣場,/building/hing-wah-plaza/15607,shop,direct_link
Ho Chuck Centre好爵中心,/building/ho-chuck-centre/14392,shop,direct_link
Ho Fai Commercial Centre Block One豪輝商業中心第一座,/building/ho-fai-commercial-centre-block-one/7170,shop,direct_link
Ho Fai Commercial Centre Block Two豪輝商業中心第二座,/building/ho-fai-commercial-centre-block-two/7168,shop,direct_link
Ho King Shopping Centre好景商場,/building/ho-king-shopping-centre/4986,shop,direct_link
Ho Mong Kok Shopping Centre好旺角中心,/building/ho-mong-kok-shopping-centre/5407,shop,direct_link
Ho Shun Lee Shopping Centre好順利商場,/building/ho-shun-lee-shopping-centre/14025,shop,direct_link
Ho Shun Tai Shopping Arcade好順泰商場,/building/ho-shun-tai-shopping-arcade/14957,shop,direct_link
Hoi Fu Shopping Centre海富商場,/building/hoi-fu-shopping-centre/8857,shop,direct_link
Hoi Kwong Arcade海光商場,/building/hoi-kwong-arcade/11781,shop,direct_link
Hoi Lai Shopping Centre海麗商場,/building/hoi-lai-shopping-centre/7198,shop,direct_link
Holford Shopping Centre海福商場,/building/holford-shopping-centre/16930,shop,direct_link
Hollywood House活麟大廈,/building/hollywood-house/3638,shop,direct_link
Hollywood Shopping Center荷李活購物中心,/building/hollywood-shopping-center/7286,shop,direct_link
Homantin Plaza何文田廣場,/building/homantin-plaza/12883,shop,direct_link
HomeSquare家居廣場,/building/homesquare/7245,shop,direct_link
Hong King Plaza康景商場,/building/hong-king-plaza/14172,shop,direct_link
Hong Kong Garden Commercial Complex豪景花園商場,/building/hong-kong-garden-commercial-complex/17637,shop,direct_link
Hong Kong Industrial Centre香港工業中心,/building/hong-kong-industrial-centre/3262,shop,direct_link
Hong Sing Garden Shopping Centre康盛花園購物中心,/building/hong-sing-garden-shopping-centre/16885,shop,direct_link
Honland Building康齡大廈,/building/honland-building/6913,shop,direct_link
Honour House金勳大廈,/building/honour-house/2932,shop,direct_link
Hop Yick Commercial Centre合益商業中心,/building/hop-yick-commercial-centre/14188,shop,direct_link
Hopewell Mall合和商場,/building/hopewell-mall/17714,shop,direct_link
Hotel Hart,/building/hotel-hart/6630,shop,direct_link
Hung Hay Building鴻禧大廈,/building/hung-hay-building/4984,shop,direct_link
Hunghom Bay Centre紅磡灣中心,/building/hunghom-bay-centre/5626,shop,direct_link
Hunghom Square紅磡廣場,/building/hunghom-square/6400,shop,direct_link
Hutton Square恒通廣場,/building/hutton-square/13440,shop,direct_link
I Do Centre愛都婚紗中心,/building/i-do-centre/17292,shop,direct_link
I UniQ Grand譽東,/building/i-uniq-grand/13119,shop,direct_link
I UniQ Residence譽都,/building/i-uniq-residence/13118,shop,direct_link
IFC mall國際金融中心商場,/building/ifc-mall/10606,shop,direct_link
IN-CITI嘉城廣場,/building/in-citi/14322,shop,direct_link
IVY House愛雲大廈,/building/ivy-house/1988,shop,direct_link
Imperial Cullinan Commercial Podium瓏璽商業廣場,/building/imperial-cullinan-commercial-podium/8842,shop,direct_link
Imperial Terrace俊庭居,/building/imperial-terrace/399,shop,direct_link
In's Point現時點,/building/in-s-point/2854,shop,direct_link
IndiHome Mall樂悠居商場,/building/indihome-mall/7797,shop,direct_link
Infinity 8匯八坊,/building/infinity-8/8614,shop,direct_link
International Gateway Centre,/building/international-gateway-centre/18023,shop,direct_link
Island Beverley金百利商場,/building/island-beverley/1857,shop,direct_link
Island Resort Mall藍灣廣場,/building/island-resort-mall/9748,shop,direct_link
J Plus,/building/j-plus/13663,shop,direct_link
J Senses,/building/j-senses/1564,shop,direct_link
JD Mall佐敦薈,/building/jd-mall/2979,shop,direct_link
JOY@KCC悅@KCC,/building/joy-kcc/6825,shop,direct_link
JP Plaza翡翠明珠廣場,/building/jp-plaza/1108,shop,direct_link
Jade Court翡翠商場,/building/jade-court/7779,shop,direct_link
Jardine Center渣甸中心,/building/jardine-center/857,shop,direct_link
Joyful Garden愉翠苑,/building/joyful-garden/11987,shop,direct_link
Jubilant Plaza欣榮商場,/building/jubilant-plaza/5200,shop,direct_link
Jubilee Square銀禧薈,/building/jubilee-square/11125,shop,direct_link
Julimount Garden Shopping Arcade瑞峰花園商場,/building/julimount-garden-shopping-arcade/13964,shop,direct_link
Jumbo Shopping Centre珍寶商場,/building/jumbo-shopping-centre/3945,shop,direct_link
K Plus富達廣場,/building/k-plus/14956,shop,direct_link
K-Point錦薈坊,/building/k-point/15520,shop,direct_link
K. Summit嘉峯匯,/building/k-summit/17652,shop,direct_link
K11 Art MallK11購物藝術館,/building/k11-art-mall/6847,shop,direct_link
K11 MuseaK11人文購物藝術館,/building/k11-musea/17700,shop,direct_link
KC100,/building/kc100/6824,shop,direct_link
KF88葵芳匯,/building/kf88/3438,shop,direct_link
KOLOUR Tsuen Wan II荃灣千色匯二期,/building/kolour-tsuen-wan-ii/12287,shop,direct_link
KOLOUR Tsuen Wan I荃灣千色匯一期,/building/kolour-tsuen-wan-i/3455,shop,direct_link
KOLOUR Yuen Long元朗千色匯,/building/kolour-yuen-long/14319,shop,direct_link
Ka Fuk Shopping Centre嘉福商場,/building/ka-fuk-shopping-centre/12962,shop,direct_link
Kai Kwong House啟光行,/building/kai-kwong-house/1991,shop,direct_link
Kai Tak Cruise Terminal啟德郵輪碼頭,/building/kai-tak-cruise-terminal/17648,shop,direct_link
Kai Tak Sports Park啟德體育園,/building/kai-tak-sports-park/17945,shop,direct_link
Kai Tin Shopping Centre啟田商場,/building/kai-tin-shopping-centre/12884,shop,direct_link
Kam On Building錦安大廈,/building/kam-on-building/205,shop,direct_link
Kam Tai Shopping Centre錦泰商場,/building/kam-tai-shopping-centre/12974,shop,direct_link
Kam Tak Building金德樓,/building/kam-tak-building/17581,shop,direct_link
Kam Ying Shopping Centre錦英商場,/building/kam-ying-shopping-centre/12975,shop,direct_link
Kam Yuck Building金玉商場,/building/kam-yuck-building/15559,shop,direct_link
Kamming House金銘樓,/building/kamming-house/215,shop,direct_link
Kennedy Town Centre Shopping Centre堅城中心商場,/building/kennedy-town-centre-shopping-centre/7778,shop,direct_link
Kensington Plaza金威廣場,/building/kensington-plaza/7128,shop,direct_link
Kimberley 26,/building/kimberley-26/6542,shop,direct_link
Kin Lee Building建利大廈,/building/kin-lee-building/1540,shop,direct_link
Kin Sang Estate Shopping Centre建生商場,/building/kin-sang-estate-shopping-centre/12954,shop,direct_link
Kin Sun House建生樓,/building/kin-sun-house/17452,shop,direct_link
King Lam Shopping Centre景林商場,/building/king-lam-shopping-centre/16884,shop,direct_link
King Wah Centre瓊華中心,/building/king-wah-centre/2906,shop,direct_link
King's Park Lane英皇栢麗大道商場,/building/king-s-park-lane/1765,shop,direct_link
Kingswood Richly Plaza嘉湖新北江商場,/building/kingswood-richly-plaza/12938,shop,direct_link
Kornhill Plaza North康怡廣場北座,/building/kornhill-plaza-north/3163,shop,direct_link
Kornhill Plaza South康怡廣場南座,/building/kornhill-plaza-south/3165,shop,direct_link
Kowloon City Plaza九龍城廣場,/building/kowloon-city-plaza/12396,shop,direct_link
Kwai Chung Fa Yuen Shopping Centre葵涌花園商場,/building/kwai-chung-fa-yuen-shopping-centre/7904,shop,direct_link
Kwai Chung Plaza葵涌廣場,/building/kwai-chung-plaza/14385,shop,direct_link
Kwai Fong Plaza葵芳廣場,/building/kwai-fong-plaza/3439,shop,direct_link
Kwai Shing East Shopping Centre葵盛東商場,/building/kwai-shing-east-shopping-centre/14387,shop,direct_link
Kwai Sing Shopping Centre葵星中心商場,/building/kwai-sing-shopping-centre/7903,shop,direct_link
Kwan Yick Building - Phase III均益大廈第三期,/building/kwan-yick-building-phase-iii/596,shop,direct_link
Kwan Yick Building - Phase II均益大廈第二期,/building/kwan-yick-building-phase-ii/810,shop,direct_link
Kwan Yick Building - Phase I均益大廈第一期,/building/kwan-yick-building-phase-i/778,shop,direct_link
Kwong Fuk Commercial Centre廣福商場,/building/kwong-fuk-commercial-centre/12946,shop,direct_link
Kwong Hing Building廣興大廈,/building/kwong-hing-building/2335,shop,direct_link
Kwong Kee Building廣記大廈,/building/kwong-kee-building/252,shop,direct_link
Kwong Yuen Shopping Centre廣源商場,/building/kwong-yuen-shopping-centre/10669,shop,direct_link
La Cite Noble Shopping Arcade新寶城商場,/building/la-cite-noble-shopping-arcade/14783,shop,direct_link
La Verna維納大廈,/building/la-verna/7412,shop,direct_link
Laforet東角,/building/laforet/8683,shop,direct_link
Laguna Arcade麗港中心商場,/building/laguna-arcade/10659,shop,direct_link
Laguna Plaza麗港城商場,/building/laguna-plaza/10661,shop,direct_link
Lai Kok Shopping Centre麗閣商場,/building/lai-kok-shopping-centre/15442,shop,direct_link
Lai Ming Building麗明大廈,/building/lai-ming-building/4859,shop,direct_link
Lai Sun Shopping Mall麗新商場,/building/lai-sun-shopping-mall/6260,shop,direct_link
Lan Fong House蘭芳樓,/building/lan-fong-house/2570,shop,direct_link
Landmark Alexandra置地廣場歷山,/building/landmark-alexandra/1187,shop,direct_link
Landmark Atrium置地廣場中庭,/building/landmark-atrium/219,shop,direct_link
Landmark Chater置地廣場遮打,/building/landmark-chater/1189,shop,direct_link
Landmark North 2上水廣場二期,/building/landmark-north-2/17464,shop,direct_link
Landmark Prince's置地廣場太子,/building/landmark-prince-s/1188,shop,direct_link
Laneway聯薈,/building/laneway/15339,shop,direct_link
Langham Place朗豪坊,/building/langham-place/3145,shop,direct_link
Lee Bo Shopping Centre利寶商場,/building/lee-bo-shopping-centre/16987,shop,direct_link
Lee Garden Eight利園商場八期,/building/lee-garden-eight/18131,shop,direct_link
Lee Garden One利園商場一期,/building/lee-garden-one/6339,shop,direct_link
Lee Garden Three利園商場三期,/building/lee-garden-three/17608,shop,direct_link
Lee Garden Two利園商場二期,/building/lee-garden-two/1634,shop,direct_link
Lee Theatre Plaza利舞臺廣場,/building/lee-theatre-plaza/5757,shop,direct_link
Lee Tung Avenue囍匯商場,/building/lee-tung-avenue/273,shop,direct_link
Lei Cheng Uk Shopping Centre李鄭屋商場,/building/lei-cheng-uk-shopping-centre/17537,shop,direct_link
Lei Tung Commercial Centre利東商場,/building/lei-tung-commercial-centre/13007,shop,direct_link
Leung King Plaza良景廣場,/building/leung-king-plaza/12955,shop,direct_link
Li Yuen Building利源大廈,/building/li-yuen-building/4152,shop,direct_link
Liberte Place昇悅商場,/building/liberte-place/7373,shop,direct_link
Liberte昇悅居,/building/liberte/10444,shop,direct_link
Liberty Mansion寶輝閣,/building/liberty-mansion/3537,shop,direct_link
Life@KCC活＠KCC,/building/life-kcc/6834,shop,direct_link
Lime Stardom形品．星寓,/building/lime-stardom/17680,shop,direct_link
Lions Rise Mall現崇山商場,/building/lions-rise-mall/11565,shop,direct_link
Lippo Centre力寶中心,/building/lippo-centre/1117,shop,direct_link
Long Kee Mansion龍記大廈,/building/long-kee-mansion/3493,shop,direct_link
Long Ping Commercial Centre朗屏商場,/building/long-ping-commercial-centre/12932,shop,direct_link
Lucky Plaza Shopping Centre好運中心商場,/building/lucky-plaza-shopping-centre/15611,shop,direct_link
Luk Yeung Galleria綠楊坊,/building/luk-yeung-galleria/15571,shop,direct_link
Lung Hang Commercial Centre隆亨商場,/building/lung-hang-commercial-centre/12046,shop,direct_link
MCP Central新都城中心二期商場,/building/mcp-central/11560,shop,direct_link
MCP Discovery新都城中心三期商場,/building/mcp-discovery/11561,shop,direct_link
MCP One新都城中心一期商場,/building/mcp-one/15596,shop,direct_link
MOD 595,/building/mod-595/6953,shop,direct_link
MOKO新世紀廣場,/building/moko/6906,shop,direct_link
MOSTown (Phase 5)新港城中心5期,/building/mostown-phase-5/9503,shop,direct_link
MOSTown Street (Phase 1)新港城中心大街1期,/building/mostown-street-phase-1/12366,shop,direct_link
MOSTown Street (Phase 2)新港城中心大街2期,/building/mostown-street-phase-2/12365,shop,direct_link
MOSTown Street (Phase 3)新港城中心大街3期,/building/mostown-street-phase-3/12367,shop,direct_link
MPM Plaza旺角文華商場,/building/mpm-plaza/5440,shop,direct_link
Ma On Shan Centre Arcade馬鞍山中心商場,/building/ma-on-shan-centre-arcade/12870,shop,direct_link
Ma On Shan Plaza馬鞍山廣場,/building/ma-on-shan-plaza/9502,shop,direct_link
MacPherson Place麥花臣匯,/building/macpherson-place/14740,shop,direct_link
Macau Yat Yuen Centre澳門逸園中心,/building/macau-yat-yuen-centre/1414,shop,direct_link
Maintown Plaza名都廣場,/building/maintown-plaza/12037,shop,direct_link
Mainway Court明威閣,/building/mainway-court/12502,shop,direct_link
Mall Plus,/building/mall-plus/1434,shop,direct_link
Man Fung Building萬豐大廈,/building/man-fung-building/16947,shop,direct_link
Man Kee Mansion萬基大廈,/building/man-kee-mansion/6709,shop,direct_link
Man Yee Arcade萬宜大廈商場,/building/man-yee-arcade/71,shop,direct_link
Manhattan Mid-Town曼坊,/building/manhattan-mid-town/16428,shop,direct_link
Manly Plaza萬利廣場,/building/manly-plaza/1773,shop,direct_link
Manor Centre Shopping Arcade美居中心商場,/building/manor-centre-shopping-arcade/7037,shop,direct_link
Mansun House萬新大廈,/building/mansun-house/5431,shop,direct_link
Marbella Mall迎濤灣商場,/building/marbella-mall/12873,shop,direct_link
Marble 33馬寶學林,/building/marble-33/6144,shop,direct_link
Marina Square East Centre海怡東廣場,/building/marina-square-east-centre/9774,shop,direct_link
Marina Square West海怡廣場西翼,/building/marina-square-west/9773,shop,direct_link
Maritime Square青衣城,/building/maritime-square/12488,shop,direct_link
Maxi Base城市金庫,/building/maxi-base/2803,shop,direct_link
Maxi Mall城市中心商場,/building/maxi-mall/2770,shop,direct_link
Maya曦臺,/building/maya/4689,shop,direct_link
Mayfair Gardens美景花園,/building/mayfair-gardens/16976,shop,direct_link
Mayfair Lane逸瓏坊,/building/mayfair-lane/16258,shop,direct_link
MediLink Square美迪寧廣場,/building/medilink-square/2927,shop,direct_link
MegaBox,/building/megabox/5244,shop,direct_link
Mei Foo Sun Chuen Stage 4 Shopping Centre美孚新邨四期商場,/building/mei-foo-sun-chuen-stage-4-shopping-centre/13672,shop,direct_link
Mei Lam Commercial Centre美林商場,/building/mei-lam-commercial-centre/11501,shop,direct_link
Mei Shing Mansion美城大廈,/building/mei-shing-mansion/511,shop,direct_link
Mei Sun Lau美新樓商場,/building/mei-sun-lau/777,shop,direct_link
Memoir Centre民華中心,/building/memoir-centre/17408,shop,direct_link
Merlin Building美輪樓,/building/merlin-building/5680,shop,direct_link
Merlin Centre美寧中心,/building/merlin-centre/13003,shop,direct_link
Mert Commercial Building紀華商業大廈,/building/mert-commercial-building/17585,shop,direct_link
Metro 6城中匯,/building/metro-6/11931,shop,direct_link
Metro Harbour Plaza港灣豪庭廣場,/building/metro-harbour-plaza/11196,shop,direct_link
Metro Sham Shui深之都,/building/metro-sham-shui/6259,shop,direct_link
Metro Town都會駅,/building/metro-town/16462,shop,direct_link
Metroplaza新都會廣場,/building/metroplaza/3442,shop,direct_link
Metropole新都城百貨,/building/metropole/1784,shop,direct_link
Metropolis Plaza新都廣場,/building/metropolis-plaza/12911,shop,direct_link
Metropolitan Rise金都豪苑,/building/metropolitan-rise/5204,shop,direct_link
Midland Plaza中源廣場,/building/midland-plaza/183,shop,direct_link
Mikiki,/building/mikiki/6909,shop,direct_link
Ming Tak Shopping Centre明德商場,/building/ming-tak-shopping-centre/17230,shop,direct_link
Mira Place II美麗華廣場二期,/building/mira-place-ii/2857,shop,direct_link
Mira Place I美麗華廣場一期,/building/mira-place-i/2972,shop,direct_link
Mirador Arcade美麗都大廈商場,/building/mirador-arcade/3028,shop,direct_link
Mody House麼地大廈,/building/mody-house/2667,shop,direct_link
Mong Kok New Town Mall旺角新之城,/building/mong-kok-new-town-mall/17720,shop,direct_link
Mongkok Computer Centre旺角電腦中心,/building/mongkok-computer-centre/14746,shop,direct_link
Monterey Place,/building/monterey-place/12864,shop,direct_link
Morrison Place駿逸峰,/building/morrison-place/10320,shop,direct_link
Mount Sterling Mall萬事達廣場,/building/mount-sterling-mall/14443,shop,direct_link
N.S.K. Centre成坤廣場,/building/n-s-k-centre/10501,shop,direct_link
Nam Cheong Place Market南昌薈,/building/nam-cheong-place-market/12992,shop,direct_link
Nan Fung Place,/building/nan-fung-place/94,shop,direct_link
Nan Fung Plaza南豐廣場,/building/nan-fung-plaza/12847,shop,direct_link
Nathan Hill銀座38,/building/nathan-hill/3217,shop,direct_link
New Capital Computer Plaza新高登電腦廣埸,/building/new-capital-computer-plaza/7038,shop,direct_link
New Century Plaza新世紀廣場,/building/new-century-plaza/2209,shop,direct_link
New City又一新城,/building/new-city/15713,shop,direct_link
New Jade Shopping Arcade新翠商場,/building/new-jade-shopping-arcade/12375,shop,direct_link
New Mandarin Plaza新文華中心,/building/new-mandarin-plaza/3106,shop,direct_link
New Town Commercial Arcade新都商場,/building/new-town-commercial-arcade/15517,shop,direct_link
New Town Plaza Phase 1新城市廣場 (第一期),/building/new-town-plaza-phase-1/6479,shop,direct_link
New Town Plaza Phase 2新城市廣場 (第二期),/building/new-town-plaza-phase-2/6480,shop,direct_link
New Town Plaza Phase 3新城市廣場 (第三期),/building/new-town-plaza-phase-3/6481,shop,direct_link
New World Tower新世界大廈,/building/new-world-tower/228,shop,direct_link
Nina Mall 1如心廣場1,/building/nina-mall-1/7795,shop,direct_link
Nina Mall 2如心廣場2,/building/nina-mall-2/7219,shop,direct_link
No Image Available,/building/novo-walk/17638,shop,direct_link
Nob Hill Square盈暉薈,/building/nob-hill-square/14347,shop,direct_link
Noble Square華貴坊,/building/noble-square/13014,shop,direct_link
OLIV,/building/oliv/2065,shop,direct_link
OP Mall海之戀商場,/building/op-mall/7220,shop,direct_link
Oasis Place,/building/oasis-place/17044,shop,direct_link
Ocean Shores維景灣畔,/building/ocean-shores/16615,shop,direct_link
Oceania Heights海典軒,/building/oceania-heights/16955,shop,direct_link
Odeon Plaza國賓商場,/building/odeon-plaza/4398,shop,direct_link
Oi Man Plaza愛民商場,/building/oi-man-plaza/8588,shop,direct_link
Oi Tung Shopping Centre愛東商場,/building/oi-tung-shopping-centre/16421,shop,direct_link
Olympian City 1奧海城1期,/building/olympian-city-1/8812,shop,direct_link
Olympian City 2奧海城2期,/building/olympian-city-2/8845,shop,direct_link
Olympian City 3奧海城3期,/building/olympian-city-3/11557,shop,direct_link
On Lan Centre中安大廈,/building/on-lan-centre/8174,shop,direct_link
One Knutsford諾士佛臺一號,/building/one-knutsford/6547,shop,direct_link
One New York,/building/one-new-york/3398,shop,direct_link
One North朗壹廣場,/building/one-north/17455,shop,direct_link
One Sky Mall天一商城,/building/one-sky-mall/16775,shop,direct_link
Optimall百悅坊,/building/optimall/6752,shop,direct_link
Oriental 188 Shopping Centre東方188商場,/building/oriental-188-shopping-centre/2227,shop,direct_link
Oriental House東方大廈,/building/oriental-house/3150,shop,direct_link
Ori豐連,/building/ori/14465,shop,direct_link
PLOVER COVE Shopping Arcade寶湖商場,/building/plover-cove-shopping-arcade/12949,shop,direct_link
Pacific Place太古廣場,/building/pacific-place/1119,shop,direct_link
Pacific Star Building海星大廈,/building/pacific-star-building/2324,shop,direct_link
Pak Shing Building百誠大廈,/building/pak-shing-building/3540,shop,direct_link
Pak Tin Shopping Centre白田購物中心,/building/pak-tin-shopping-centre/15558,shop,direct_link
Palm Springs Plaza加州花園廣場,/building/palm-springs-plaza/17619,shop,direct_link
Panda Place悅來坊,/building/panda-place/12930,shop,direct_link
Papillons Square翩匯坊,/building/papillons-square/12863,shop,direct_link
Paradise Mall杏花新城,/building/paradise-mall/12845,shop,direct_link
Paradise Square百利達廣場,/building/paradise-square/12501,shop,direct_link
Paris London New York Cinema Shopping Centre巴黎倫敦紐約戲院購物中心,/building/paris-london-new-york-cinema-shopping-centre/16456,shop,direct_link
Park Aura亨環·天后,/building/park-aura/2756,shop,direct_link
Park Central將軍澳中心,/building/park-central/12877,shop,direct_link
Park Ivy奧朗‧御峯,/building/park-ivy/13210,shop,direct_link
Park Summit Shopping Centre奧柏．御峰購物商場,/building/park-summit-shopping-centre/17687,shop,direct_link
Parker 33柏匯,/building/parker-33/12386,shop,direct_link
Parklane Shoppers Boulevard栢麗購物大道,/building/parklane-shoppers-boulevard/2893,shop,direct_link
Parkside Mall,/building/parkside-mall/12859,shop,direct_link
Parkvale Commercial Podium柏惠苑購物商場,/building/parkvale-commercial-podium/17647,shop,direct_link
Pearl House Shopping Centre龍珠商場,/building/pearl-house-shopping-centre/6922,shop,direct_link
Pedder Building畢打行,/building/pedder-building/1280,shop,direct_link
Peninsula East,/building/peninsula-east/17079,shop,direct_link
Perfect Mount Garden峻峰花園,/building/perfect-mount-garden/14927,shop,direct_link
Phoenix Apartments鳳嗚大廈,/building/phoenix-apartments/885,shop,direct_link
Place 1818廣場,/building/place-18/7191,shop,direct_link
Plaza 328328廣場,/building/plaza-328/6441,shop,direct_link
Plaza Hollywood荷里活廣場,/building/plaza-hollywood/12912,shop,direct_link
Po Hei Court Commercial Centre寶熙苑商場,/building/po-hei-court-commercial-centre/12998,shop,direct_link
Po Lam Shopping Centre寶林商場,/building/po-lam-shopping-centre/16883,shop,direct_link
Po Tin Shopping Centre寶田商場,/building/po-tin-shopping-centre/17068,shop,direct_link
PopCorn,/building/popcorn/12918,shop,direct_link
PopCorn 2,/building/popcorn-2/12857,shop,direct_link
PopWalk 2天晉滙 2,/building/popwalk-2/12921,shop,direct_link
PopWalk天晉滙,/building/popwalk/12861,shop,direct_link
Port Centre利港商場,/building/port-centre/13786,shop,direct_link
Portland 180+砵蘭 180+,/building/portland-180/5466,shop,direct_link
Prosperity Building德發商場,/building/prosperity-building/14736,shop,direct_link
Prosperous Garden Shopping Centre駿發花園商場,/building/prosperous-garden-shopping-centre/14951,shop,direct_link
Prudential Centre恒豐中心,/building/prudential-centre/2923,shop,direct_link
QRE Plaza皇后大道東202,/building/qre-plaza/355,shop,direct_link
Queensway Plaza金鐘廊,/building/queensway-plaza/1118,shop,direct_link
RIVA Shopping Arcade爾巒商場,/building/riva-shopping-arcade/16984,shop,direct_link
Radio City電業城,/building/radio-city/1383,shop,direct_link
Redhill Plaza紅山廣場,/building/redhill-plaza/11098,shop,direct_link
Regal Airport Hotel富豪機場酒店,/building/regal-airport-hotel/16967,shop,direct_link
Regentville Shopping Mall帝庭軒購物商場,/building/regentville-shopping-mall/15635,shop,direct_link
Rhine Garden海韻花園商場,/building/rhine-garden/13701,shop,direct_link
Richland Gardens Shopping Centre麗晶花園購物中心,/building/richland-gardens-shopping-centre/4494,shop,direct_link
Rife House賚孚商廈,/building/rife-house/8176,shop,direct_link
Rise Shopping Mall利時商場,/building/rise-shopping-mall/17744,shop,direct_link
SIM City星際城市,/building/sim-city/15046,shop,direct_link
SL Ginza樹林銀座,/building/sl-ginza/2786,shop,direct_link
SOGO (CWB)銅鑼灣崇光百貨,/building/sogo-cwb/1352,shop,direct_link
SOGO崇光百貨,/building/sogo/2681,shop,direct_link
SOHO West,/building/soho-west/18063,shop,direct_link
Sai Sha GO PARK西沙GO PARK,/building/sai-sha-go-park/17994,shop,direct_link
Sam Shing Shopping Centre三聖商場,/building/sam-shing-shopping-centre/12957,shop,direct_link
San Po Kong Plaza新蒲崗廣場,/building/san-po-kong-plaza/15129,shop,direct_link
Sau Mau Ping Shopping Centre秀茂坪商場,/building/sau-mau-ping-shopping-centre/16470,shop,direct_link
Savannah Place,/building/savannah-place/16877,shop,direct_link
Sceneway Plaza匯景廣場,/building/sceneway-plaza/15025,shop,direct_link
Shan King Shopping Centre山景商場,/building/shan-king-shopping-centre/12958,shop,direct_link
Shatin Centre沙田中心,/building/shatin-centre/15610,shop,direct_link
Shatin Fun City沙田娛樂城,/building/shatin-fun-city/11349,shop,direct_link
Shatin Park Stage 1花園城第一期商場,/building/shatin-park-stage-1/12984,shop,direct_link
Shatin Park Stage 2花園城第二期商場,/building/shatin-park-stage-2/14368,shop,direct_link
Shatin Park Stage 3花園城第三期商場,/building/shatin-park-stage-3/14369,shop,direct_link
Shatin Plaza沙田廣場,/building/shatin-plaza/6485,shop,direct_link
Shek Lei Shopping Centre Phase II石籬商場二期,/building/shek-lei-shopping-centre-phase-ii/15252,shop,direct_link
Shek Lei Shopping Centre Phase I石籬商場一期,/building/shek-lei-shopping-centre-phase-i/17112,shop,direct_link
Shek Pai Wan Shopping Centre石排灣商場,/building/shek-pai-wan-shopping-centre/16427,shop,direct_link
Shek Wai Kok Shopping Centre石圍角商場,/building/shek-wai-kok-shopping-centre/17121,shop,direct_link
Shek Yam Shopping Centre石蔭商場,/building/shek-yam-shopping-centre/7627,shop,direct_link
Sheung Shui Centre Shopping Arcade上水中心,/building/sheung-shui-centre-shopping-arcade/12868,shop,direct_link
Sheung Shui Town Shopping Centre上水名都商場,/building/sheung-shui-town-shopping-centre/12865,shop,direct_link
Shing Lee Shopping Arcade誠利商場,/building/shing-lee-shopping-arcade/17432,shop,direct_link
Shouson Place壽臣山廣場,/building/shouson-place/9720,shop,direct_link
Shun Fook Barn順福糧倉,/building/shun-fook-barn/17819,shop,direct_link
Shun Tak Centre信德中心商場,/building/shun-tak-centre/100,shop,direct_link
Silicon Lane優景里,/building/silicon-lane/17892,shop,direct_link
SilverSea Place銀海坊,/building/silversea-place/8841,shop,direct_link
Silvercord新港中心,/building/silvercord/2319,shop,direct_link
Silverstrand Mart銀線灣廣場,/building/silverstrand-mart/10863,shop,direct_link
Sin Tat Plaza先達廣場,/building/sin-tat-plaza/3130,shop,direct_link
Siu Sai Wan Plaza小西灣廣場,/building/siu-sai-wan-plaza/9741,shop,direct_link
Skyline Plaza灣景廣場,/building/skyline-plaza/7210,shop,direct_link
Smart A田灣商場,/building/smart-a/13008,shop,direct_link
Smart A薈學坊,/building/smart-a/6920,shop,direct_link
Smartland荃薈,/building/smartland/5337,shop,direct_link
Smiling Plaza天悅廣場,/building/smiling-plaza/3311,shop,direct_link
Smiling Shau Kei Wan Plaza天悅筲箕灣廣場,/building/smiling-shau-kei-wan-plaza/11797,shop,direct_link
Soho Tower尊豪坊,/building/soho-tower/6639,shop,direct_link
Soundwill Plaza II Midtown金朝陽中心二期,/building/soundwill-plaza-ii-midtown/6129,shop,direct_link
South Seas Centre南洋中心,/building/south-seas-centre/2669,shop,direct_link
Spark City To Kwa Wan俊薈土瓜灣,/building/spark-city-to-kwa-wan/6384,shop,direct_link
Spot上水滙,/building/spot/6601,shop,direct_link
Springdale Villas御庭居,/building/springdale-villas/17663,shop,direct_link
Springfield Garden春暉花園,/building/springfield-garden/17621,shop,direct_link
Square Mile利奧坊,/building/square-mile/14468,shop,direct_link
Stanley Plaza赤柱廣場,/building/stanley-plaza/10940,shop,direct_link
Star Ferry Pier (Central)天星渡輪碼頭（中環）,/building/star-ferry-pier-central/17853,shop,direct_link
Star Ferry Pier (Wanchai)天星渡輪碼頭（灣仔）,/building/star-ferry-pier-wanchai/17854,shop,direct_link
Star Ruby寶御,/building/star-ruby/15015,shop,direct_link
Station 21豉油街21C號,/building/station-21/11413,shop,direct_link
Style House - The Park Lane前線觸覺-柏寧酒店,/building/style-house-the-park-lane/17628,shop,direct_link
Sugar+糖+,/building/sugar/17289,shop,direct_link
Sui Wo Court Commercial Centre穗禾苑商場,/building/sui-wo-court-commercial-centre/12985,shop,direct_link
Sun Chui Shopping Centre新翠商場,/building/sun-chui-shopping-centre/12986,shop,direct_link
Sun Hing Building新興大廈,/building/sun-hing-building/2996,shop,direct_link
Sun Tin Wai Commercial Centre新田圍商場,/building/sun-tin-wai-commercial-centre/12988,shop,direct_link
Sunshine Plaza陽光廣場,/building/sunshine-plaza/6491,shop,direct_link
T.O.P,/building/t-o-p/3070,shop,direct_link
TBG Mall得寶商場,/building/tbg-mall/11584,shop,direct_link
THF Mall大鴻輝(香港仔)中心,/building/thf-mall/13784,shop,direct_link
TKO Gateway,/building/tko-gateway/12896,shop,direct_link
TKO Spot,/building/tko-spot/12895,shop,direct_link
Tai Hing Commercial Centre大興商場,/building/tai-hing-commercial-centre/12960,shop,direct_link
Tai Hung Fai (Tsuen Wan) Centre大鴻輝(荃灣)中心,/building/tai-hung-fai-tsuen-wan-centre/3458,shop,direct_link
Tai Kwun大館,/building/tai-kwun/17602,shop,direct_link
Tai On Building (Sai Wan Ho)太安樓商場,/building/tai-on-building-sai-wan-ho/13090,shop,direct_link
Tai Po Mega Mall大埔超級城,/building/tai-po-mega-mall/12852,shop,direct_link
Tai Po Plaza大埔廣場,/building/tai-po-plaza/14854,shop,direct_link
Tai Wo Hau Shopping Centre大窩口商場,/building/tai-wo-hau-shopping-centre/15358,shop,direct_link
Tai Wo Plaza太和廣場,/building/tai-wo-plaza/12897,shop,direct_link
Tai Yau Plaza大有廣場,/building/tai-yau-plaza/1565,shop,direct_link
Tai Yuen Commercial Centre大元商場,/building/tai-yuen-commercial-centre/7710,shop,direct_link
Tak Tin Plaza德田廣場,/building/tak-tin-plaza/16468,shop,direct_link
Telford Plaza德福廣場,/building/telford-plaza/4956,shop,direct_link
Temple Mall黃大仙中心,/building/temple-mall/12909,shop,direct_link
Terminal 1 - Hong Kong International Airport香港國際機場一號客運大樓,/building/terminal-1-hong-kong-international-airport/11537,shop,direct_link
The 388 Place肇如大廈,/building/the-388-place/7030,shop,direct_link
The Addition家壹,/building/the-addition/7073,shop,direct_link
The Aperture皓日,/building/the-aperture/17631,shop,direct_link
The Arcade Cyberport數碼港商場,/building/the-arcade-cyberport/7501,shop,direct_link
The Arles星凱‧堤岸,/building/the-arles/11166,shop,direct_link
The Campton,/building/the-campton/18120,shop,direct_link
The Capital首都廣場,/building/the-capital/3213,shop,direct_link
The Dairy Farm Beach Shopping Mall牛奶公司購物商場,/building/the-dairy-farm-beach-shopping-mall/10884,shop,direct_link
The Elegance at Sheraton喜來登典雅坊,/building/the-elegance-at-sheraton/2826,shop,direct_link
The Forest,/building/the-forest/14742,shop,direct_link
The Galleria嘉軒廣場,/building/the-galleria/236,shop,direct_link
The Henley,/building/the-henley/17887,shop,direct_link
The L.Place,/building/the-l-place/200,shop,direct_link
The L.Square,/building/the-l-square/1048,shop,direct_link
The Laguna Mall海逸坊,/building/the-laguna-mall/9007,shop,direct_link
The LohasThe LOHAS康城,/building/the-lohas/16260,shop,direct_link
The Long Beach Commerical Podium浪澄灣商業廣場,/building/the-long-beach-commerical-podium/8840,shop,direct_link
The Loop威靈頓街33號,/building/the-loop/1240,shop,direct_link
The Millennity,/building/the-millennity/17683,shop,direct_link
The Mills,/building/the-mills/11571,shop,direct_link
The Nate,/building/the-nate/10368,shop,direct_link
The One,/building/the-one/2898,shop,direct_link
The Pacifica Mall宇晴滙,/building/the-pacifica-mall/10872,shop,direct_link
The Parkville天生樓,/building/the-parkville/16455,shop,direct_link
The Peak Galleria山頂廣場,/building/the-peak-galleria/9281,shop,direct_link
The Peak Tower凌霄閣,/building/the-peak-tower/9284,shop,direct_link
The Plaza LKF,/building/the-plaza-lkf/648,shop,direct_link
The Pulse,/building/the-pulse/10885,shop,direct_link
The Repulse Bay Arcade影灣園商場,/building/the-repulse-bay-arcade/7587,shop,direct_link
The Rockpool石塘坊,/building/the-rockpool/775,shop,direct_link
The Sharp,/building/the-sharp/2064,shop,direct_link
The Southside港島南岸,/building/the-southside/17866,shop,direct_link
The Sparkle星匯居,/building/the-sparkle/12107,shop,direct_link
The Steps H CodeH Code 低座,/building/the-steps-h-code/2129,shop,direct_link
The Sun Arcade新太陽廣場,/building/the-sun-arcade/2332,shop,direct_link
The Tonnochy,/building/the-tonnochy/1531,shop,direct_link
The Twin Peaks嘉悅,/building/the-twin-peaks/16875,shop,direct_link
The Vertex Arcade睿峰商場,/building/the-vertex-arcade/18067,shop,direct_link
The Wai圍方,/building/the-wai/17889,shop,direct_link
The Waterside Shopping Mall雅濤居購物商場,/building/the-waterside-shopping-mall/12872,shop,direct_link
The Westwood西寶城,/building/the-westwood/7843,shop,direct_link
Times Square時代廣場,/building/times-square/6160,shop,direct_link
Tin Ping Shopping Centre天平商場,/building/tin-ping-shopping-centre/17125,shop,direct_link
Tin Tsz Shopping Centre天慈商場,/building/tin-tsz-shopping-centre/12942,shop,direct_link
Tin Wan Shopping Centre田灣商場,/building/tin-wan-shopping-centre/17933,shop,direct_link
Tin Yiu Plaza天耀廣場,/building/tin-yiu-plaza/12941,shop,direct_link
Top Hit Plaza名店廣場,/building/top-hit-plaza/776,shop,direct_link
Topside Residences高臨,/building/topside-residences/17666,shop,direct_link
Toyo Mall尖東廣場,/building/toyo-mall/2605,shop,direct_link
Trend Plaza屯門時代廣場,/building/trend-plaza/15519,shop,direct_link
Trendy Zone潮流特區,/building/trendy-zone/2920,shop,direct_link
Tropicana Gardens豪苑商場,/building/tropicana-gardens/12903,shop,direct_link
Tseung Kwan O Plaza將軍澳廣場,/building/tseung-kwan-o-plaza/12875,shop,direct_link
Tsing Yi Commercial Complex青衣商場,/building/tsing-yi-commercial-complex/14012,shop,direct_link
Tsing Yi Square青怡薈,/building/tsing-yi-square/15473,shop,direct_link
Tsuen Cheong Center Cheong Ning Plaza荃昌中心昌寧商場,/building/tsuen-cheong-center-cheong-ning-plaza/7174,shop,direct_link
Tsuen Cheong Centre Cheong On Plaza荃昌中心昌安商場,/building/tsuen-cheong-centre-cheong-on-plaza/7176,shop,direct_link
Tsuen Fung Shopping Arcade荃豐中心商場,/building/tsuen-fung-shopping-arcade/7172,shop,direct_link
Tsuen Kam Centre荃錦中心,/building/tsuen-kam-centre/13710,shop,direct_link
Tsuen Wan Centre Phase 1 Shopping Arcade荃灣中心一期商場,/building/tsuen-wan-centre-phase-1-shopping-arcade/17568,shop,direct_link
Tsuen Wan Centre Phase II Shopping Arcade荃灣中心二期商場,/building/tsuen-wan-centre-phase-ii-shopping-arcade/17656,shop,direct_link
Tsuen Wan Garden荃灣花園,/building/tsuen-wan-garden/13705,shop,direct_link
Tsuen Wan Plaza荃灣廣場,/building/tsuen-wan-plaza/12834,shop,direct_link
Tsui Lam Shopping Centre翠林新城,/building/tsui-lam-shopping-centre/16817,shop,direct_link
Tsz Ching Shopping Centre慈正商場,/building/tsz-ching-shopping-centre/17113,shop,direct_link
Tuen Mun Town Plaza屯門市廣場,/building/tuen-mun-town-plaza/12825,shop,direct_link
Tung Yick Arcade同益商場,/building/tung-yick-arcade/15745,shop,direct_link
Two ArtLane藝里坊2號,/building/two-artlane/17645,shop,direct_link
U Corner,/building/u-corner/17817,shop,direct_link
U PLACE,/building/u-place/17804,shop,direct_link
Un Chau Shopping Centre元州商場,/building/un-chau-shopping-centre/7024,shop,direct_link
Union Plaza海聯廣場,/building/union-plaza/16546,shop,direct_link
Upper East環海東岸,/building/upper-east/6495,shop,direct_link
Uptify千望,/building/uptify/18024,shop,direct_link
Uptown Plaza新達廣場,/building/uptown-plaza/12914,shop,direct_link
V City,/building/v-city/16450,shop,direct_link
V Point登龍街2號,/building/v-point/6134,shop,direct_link
V Walk,/building/v-walk/17673,shop,direct_link
Vantage Row啟岸巷子,/building/vantage-row/6399,shop,direct_link
Vau Residence,/building/vau-residence/17953,shop,direct_link
Venice Gardens Shopping Mall海麗花園購物商場,/building/venice-gardens-shopping-mall/14466,shop,direct_link
Victoria Building維多利亞大廈,/building/victoria-building/5418,shop,direct_link
Victoria Mall港景匯商場,/building/victoria-mall/2320,shop,direct_link
W Place得怡坊,/building/w-place/1990,shop,direct_link
WORFU和富,/building/worfu/6204,shop,direct_link
WWWTC世貿中心,/building/wwwtc/1141,shop,direct_link
Wah Fu (I) Shopping Centre華富(一)商場,/building/wah-fu-i-shopping-centre/10228,shop,direct_link
Wah Fu (II) Commercial Complex華富(二)商場,/building/wah-fu-ii-commercial-complex/10227,shop,direct_link
Wah Hing House華興大廈,/building/wah-hing-house/2133,shop,direct_link
Wah Ming Shopping Centre華明商場,/building/wah-ming-shopping-centre/12964,shop,direct_link
Wah Sum Shopping Centre華心商場,/building/wah-sum-shopping-centre/12966,shop,direct_link
Waldorf Centre華都中心商場,/building/waldorf-centre/7175,shop,direct_link
Waldorf Garden華都花園,/building/waldorf-garden/15518,shop,direct_link
Wanchai Computer Centre灣仔電腦城,/building/wanchai-computer-centre/1400,shop,direct_link
Waterside Plaza海灣花園購物商場,/building/waterside-plaza/15628,shop,direct_link
We Go Mall,/building/we-go-mall/9404,shop,direct_link
Welland Building偉利大廈,/building/welland-building/192,shop,direct_link
Welland House威蘭樓,/building/welland-house/17320,shop,direct_link
Welland Plaza偉利廣場,/building/welland-plaza/233,shop,direct_link
Wellington Square威靈頓街35B號,/building/wellington-square/1253,shop,direct_link
Wellpoint House藝邦中心,/building/wellpoint-house/4258,shop,direct_link
West 9 Zone西九匯,/building/west-9-zone/10682,shop,direct_link
West Coast Shopping Centre西岸商場,/building/west-coast-shopping-centre/17662,shop,direct_link
West Kowloon Place西九龍薈,/building/west-kowloon-place/7379,shop,direct_link
Western Market西港城,/building/western-market/68,shop,direct_link
Windsor House皇室堡,/building/windsor-house/1182,shop,direct_link
Wing Cheong House永昌樓,/building/wing-cheong-house/158,shop,direct_link
Wing Fat Building榮發樓,/building/wing-fat-building/17787,shop,direct_link
Wing Fok Shopping Arcade榮福中心商場,/building/wing-fok-shopping-arcade/14525,shop,direct_link
Wing Lock House永樂大樓,/building/wing-lock-house/7238,shop,direct_link
Wing On Department Store永安百貨,/building/wing-on-department-store/96,shop,direct_link
Winner Centre永利中心購物商場,/building/winner-centre/12374,shop,direct_link
Winning House永寧大廈,/building/winning-house/3634,shop,direct_link
Wo Yi Shopping Centre和宜商場,/building/wo-yi-shopping-centre/7898,shop,direct_link
Wonder Digital福仁大廈,/building/wonder-digital/11857,shop,direct_link
Wonderful Worlds of Whampoa - Cotton Tree (Site 7)黃埔新天地-紅棉苑 (第七期),/building/wonderful-worlds-of-whampoa-cotton-tree-site-7/10030,shop,direct_link
Wonderful Worlds of Whampoa - Deli Place (Site 4)黃埔新天地-享膳坊 (第四期),/building/wonderful-worlds-of-whampoa-deli-place-site-4/15126,shop,direct_link
Wonderful Worlds of Whampoa - Fashion World (Site 2)黃埔新天地-時尚坊 (第二期),/building/wonderful-worlds-of-whampoa-fashion-world-site-2/15124,shop,direct_link
Wonderful Worlds of Whampoa - Gourmet Place (Site 8)黃埔新天地-美食坊 (第八期),/building/wonderful-worlds-of-whampoa-gourmet-place-site-8/10032,shop,direct_link
Wonderful Worlds of Whampoa - Home World (Site 12)黃埔新天地-家居庭 (第十二期),/building/wonderful-worlds-of-whampoa-home-world-site-12/15371,shop,direct_link
Wonderful Worlds of Whampoa - Lily Mansion (Site 9)黃埔新天地-百合苑 (第九期),/building/wonderful-worlds-of-whampoa-lily-mansion-site-9/5620,shop,direct_link
Wonderful Worlds of Whampoa - Pebbles World (Site 3)黃埔新天地-百寶坊 (第三期),/building/wonderful-worlds-of-whampoa-pebbles-world-site-3/5627,shop,direct_link
Wonderful Worlds of Whampoa - The Whampoa (Site 5&6)黃埔新天地-黃埔號 (第五至六期),/building/wonderful-worlds-of-whampoa-the-whampoa-site-5-6/15125,shop,direct_link
Wonderful Worlds of Whampoa - Treasure World (Site11)黃埔新天地-聚寶坊 (第十一期),/building/wonderful-worlds-of-whampoa-treasure-world-site11/15370,shop,direct_link
Wonderful Worlds of Whampoa - Wiz Zone (Site 10)黃埔新天地-尖子坊 (第十期),/building/wonderful-worlds-of-whampoa-wiz-zone-site-10/6456,shop,direct_link
Wonderland Villas Commerical Complex華景商場,/building/wonderland-villas-commerical-complex/17688,shop,direct_link
World-Wide Plaza環球商場,/building/world-wide-plaza/70,shop,direct_link
YM²裕民坊,/building/ym/17677,shop,direct_link
Yat Fu Lane日富里,/building/yat-fu-lane/429,shop,direct_link
Yat Tung Shopping Centre逸東商場,/building/yat-tung-shopping-centre/17698,shop,direct_link
Ying Kong Mansion英光大廈,/building/ying-kong-mansion/1616,shop,direct_link
Yiu On Shopping Centre耀安商場,/building/yiu-on-shopping-centre/12989,shop,direct_link
Yoho Mall II形點二期,/building/yoho-mall-ii/12836,shop,direct_link
Yoho Mall I形點一期,/building/yoho-mall-i/16461,shop,direct_link
Yoho Mix元點,/building/yoho-mix/17984,shop,direct_link
Yoho Plus加點,/building/yoho-plus/14003,shop,direct_link
Yook Ming House沃明樓,/building/yook-ming-house/5664,shop,direct_link
Yuccie Avenue世宙商場,/building/yuccie-avenue/14850,shop,direct_link
Yue Man Shopping Centre裕民中心購物中心,/building/yue-man-shopping-centre/11581,shop,direct_link
Yue Xiu Plaza越秀廣場,/building/yue-xiu-plaza/14792,shop,direct_link
Yuen Kee Building源記大廈,/building/yuen-kee-building/3601,shop,direct_link
Yuen Long Plaza元朗廣場,/building/yuen-long-plaza/13769,shop,direct_link
Yuen Yick Building元益大廈,/building/yuen-yick-building/1254,shop,direct_link
Yung Kee Building鏞記大廈,/building/yung-kee-building/1236,shop,direct_link
ZING!,/building/zing/6063,shop,direct_link
eResidence煥然懿居,/building/eresidence/4539,shop,direct_link
iSQUARE國際廣場,/building/isquare/2899,shop,direct_link
novi逸新,/building/novi/12207,shop,direct_link
the Link Wellington威靈頓街108-110號,/building/the-link-wellington/1235,shop,direct_link
