name,url,property_type,source
+Woo Phase 1+WOO嘉湖一期,/building/woo-phase-1/17627,shop,direct_link
+Woo Phase 2+WOO嘉湖二期,/building/woo-phase-2/12927,shop,direct_link
1 Chatham Road South漆咸道南一號,/building/1-chatham-road-south/3211,shop,direct_link
1 Des Voeux Road West德輔道西一號,/building/1-des-voeux-road-west/842,shop,direct_link
1 Duddell Street都爹利街一號,/building/1-duddell-street/1967,shop,direct_link
1 Hee Wong Terrace羲皇臺1號,/building/1-hee-wong-terrace/18148,shop,direct_link
1 Lan Kwai Fong蘭桂坊1號,/building/1-lan-kwai-fong/2566,shop,direct_link
1-1A Java Road福建商會大廈,/building/1-1a-java-road/17578,shop,direct_link
1-2 Li Yuen Street East利源東街1-2號,/building/1-2-li-yuen-street-east/5657,shop,direct_link
10 Bonham Strand文咸東街10號,/building/10-bonham-strand/13613,shop,direct_link
10 Knutsford諾士佛臺10號,/building/10-knutsford/6552,shop,direct_link
10 Pottinger Street砵典乍街10號,/building/10-pottinger-street/2139,shop,direct_link
10 Prat Avenue寶勒巷10號,/building/10-prat-avenue/3482,shop,direct_link
10 Wellington威靈頓街10號,/building/10-wellington/17381,shop,direct_link
1001 King's Road英皇道1001號,/building/1001-king-s-road/1835,shop,direct_link
102 Austin Road柯士甸道102號,/building/102-austin-road/2712,shop,direct_link
11 Lan Fong Road蘭芳道11號,/building/11-lan-fong-road/7931,shop,direct_link
11 Queen Victoria Street域多利皇后街11號,/building/11-queen-victoria-street/3607,shop,direct_link
11 Skies,/building/11-skies/17508,shop,direct_link
11 Stanley Street士丹利街11號,/building/11-stanley-street/2046,shop,direct_link
118 Connaught Road West干諾道西118號,/building/118-connaught-road-west/639,shop,direct_link
118 QRC皇后大道中118號,/building/118-qrc/184,shop,direct_link
128 Connaught Road Central干諾道中128號,/building/128-connaught-road-central/107,shop,direct_link
128 Wellington Street威靈頓街128號,/building/128-wellington-street/1242,shop,direct_link
129 Queen's Road Central皇后大道中129號,/building/129-queen-s-road-central/239,shop,direct_link
13 Queen Victoria Street域多利皇后街13號,/building/13-queen-victoria-street/3599,shop,direct_link
135 Bonham Strand Trade Centre文咸東街135商業中心,/building/135-bonham-strand-trade-centre/13659,shop,direct_link
14-16 Canton Road廣東道14-16號,/building/14-16-canton-road/2372,shop,direct_link
148 Electric Road電氣道148號,/building/148-electric-road/2772,shop,direct_link
15-19 Hollywood Road荷李活道15-19號,/building/15-19-hollywood-road/3635,shop,direct_link
154 Des Voeux Road Central德輔道中154號,/building/154-des-voeux-road-central/73,shop,direct_link
154-156 Wellington Street威靈頓街154-156號,/building/154-156-wellington-street/1222,shop,direct_link
15A Matheson Street勿地臣街15A號,/building/15a-matheson-street/6155,shop,direct_link
16 Hart Avenue赫德道16號,/building/16-hart-avenue/6646,shop,direct_link
160 Portland Street砵蘭街160號,/building/160-portland-street/17731,shop,direct_link
163 Hennessy Road軒尼詩道163號,/building/163-hennessy-road/1343,shop,direct_link
163 Hoi Bun Road海濱道163號,/building/163-hoi-bun-road/5358,shop,direct_link
163 QRE皇后大道東163號,/building/163-qre/17715,shop,direct_link
168 Electric Road電氣道168號,/building/168-electric-road/2784,shop,direct_link
168 Queen's Road Central皇后大道中168號,/building/168-queen-s-road-central/195,shop,direct_link
168 Sai Yeung Choi Street South西洋菜南街168號,/building/168-sai-yeung-choi-street-south/7273,shop,direct_link
17-19 Ashley Road亞士厘道17-19號,/building/17-19-ashley-road/4669,shop,direct_link
18 Cochrane Street閣麟街18號,/building/18-cochrane-street/5673,shop,direct_link
18 Farm Road農圃道18號,/building/18-farm-road/13915,shop,direct_link
18 On Lan Street安蘭街18號,/building/18-on-lan-street/8177,shop,direct_link
18 Stanley Street士丹利街18號,/building/18-stanley-street/2026,shop,direct_link
18 Upper East港島‧東18,/building/18-upper-east/12379,shop,direct_link
181 Queen's Road Central皇后大道中181號,/building/181-queen-s-road-central/17653,shop,direct_link
1881 Heritage,/building/1881-heritage/2325,shop,direct_link
19-21 Irving Street伊榮街19-21號,/building/19-21-irving-street/6005,shop,direct_link
190 Nathan Road彌敦道190號,/building/190-nathan-road/3058,shop,direct_link
2 Carnarvon Road加拿分道2號,/building/2-carnarvon-road/5705,shop,direct_link
2 Queen Victoria Street域多利皇后街2號,/building/2-queen-victoria-street/3606,shop,direct_link
202 Centre202商業中心,/building/202-centre/839,shop,direct_link
208 Johnston Road莊士敦道208號,/building/208-johnston-road/1609,shop,direct_link
21 Ashley亞士厘道21號,/building/21-ashley/17604,shop,direct_link
21 Li Yuen Street West利源西街21號,/building/21-li-yuen-street-west/4145,shop,direct_link
21 Wing Wo Street永和街21號,/building/21-wing-wo-street/3168,shop,direct_link
215 Portland Street朗晴坊,/building/215-portland-street/5419,shop,direct_link
22 Pottinger Street砵典乍街22號,/building/22-pottinger-street/2131,shop,direct_link
22 Yee Wo Street怡和街22號,/building/22-yee-wo-street/1617,shop,direct_link
22-24 Russell Street羅素街22-24號,/building/22-24-russell-street/6012,shop,direct_link
222 Sai Yeung Choi Street South西洋菜南街222號,/building/222-sai-yeung-choi-street-south/7313,shop,direct_link
228 Electric Road電氣道228號,/building/228-electric-road/17520,shop,direct_link
23 Hillwood Road山林道23號,/building/23-hillwood-road/3218,shop,direct_link
235 Wing Lok Street Trade Centre永樂街235商業中心,/building/235-wing-lok-street-trade-centre/2537,shop,direct_link
238 Des Voeux Road Central德輔道中238號,/building/238-des-voeux-road-central/85,shop,direct_link
238 Nathan Road彌敦道238號,/building/238-nathan-road/2971,shop,direct_link
239 Hennessy Road軒尼詩道239號,/building/239-hennessy-road/1344,shop,direct_link
250 Hennessy軒尼詩道250號,/building/250-hennessy/1401,shop,direct_link
26 D'Aguilar Street德己立街26號,/building/26-d-aguilar-street/661,shop,direct_link
26 Nathan Road彌敦道26號,/building/26-nathan-road/2963,shop,direct_link
26-28 Cochrane Street閣麟街26-28號,/building/26-28-cochrane-street/5681,shop,direct_link
28 Austin Avenue柯士甸路28號,/building/28-austin-avenue/2735,shop,direct_link
28 Stanley士丹利街28號,/building/28-stanley/17433,shop,direct_link
28 Wellington Street威靈頓街28號,/building/28-wellington-street/1246,shop,direct_link
280 Portland Street Commercial Building砵蘭街280號,/building/280-portland-street-commercial-building/5409,shop,direct_link
29 Austin Road柯士甸道29號,/building/29-austin-road/2716,shop,direct_link
298 Computer Zone298電腦特區,/building/298-computer-zone/1309,shop,direct_link
299QRC,/building/299qrc/156,shop,direct_link
2W Sai Yeung Choi Street South西洋菜南街2W號,/building/2w-sai-yeung-choi-street-south/7319,shop,direct_link
3 Lockhart Road駱克道3號,/building/3-lockhart-road/966,shop,direct_link
3-4 Li Yuen Street East利源東街3-4號,/building/3-4-li-yuen-street-east/5662,shop,direct_link
30 Hollywood Road荷李活道30號,/building/30-hollywood-road/3676,shop,direct_link
30 Hung To Road鴻圖道30號,/building/30-hung-to-road/17380,shop,direct_link
30 Wellington Street威靈頓街30號,/building/30-wellington-street/1230,shop,direct_link
313 Lockhart Road駱克道313號,/building/313-lockhart-road/1026,shop,direct_link
31C-D Wyndham Street雲咸街31C-D號,/building/31c-d-wyndham-street/1993,shop,direct_link
321-323 Queen's Road Central皇后大道中321-323號,/building/321-323-queen-s-road-central/203,shop,direct_link
33 Des Voeux Road Central德輔道中33號,/building/33-des-voeux-road-central/84,shop,direct_link
33 Des Voeux Road West德輔道西33號,/building/33-des-voeux-road-west/838,shop,direct_link
33 Wyndham Street雲咸街33號,/building/33-wyndham-street/653,shop,direct_link
333 Hennessy軒尼詩道333號,/building/333-hennessy/17495,shop,direct_link
35 QRC金利豐中心,/building/35-qrc/230,shop,direct_link
35-37 Cameron Road金馬倫道35-37號,/building/35-37-cameron-road/17713,shop,direct_link
36 Jardine's Bazaar渣甸街36號,/building/36-jardine-s-bazaar/854,shop,direct_link
36 Pottinger Street砵典乍街36號,/building/36-pottinger-street/2132,shop,direct_link
369 Hennessy Road軒尼詩道369號,/building/369-hennessy-road/17762,shop,direct_link
37-39 Carnarvon Road加拿分道37-39號,/building/37-39-carnarvon-road/5685,shop,direct_link
38 Plaza38廣場,/building/38-plaza/15051,shop,direct_link
38-40 Jardine's Bazaar渣甸街38-40號,/building/38-40-jardine-s-bazaar/866,shop,direct_link
382 Lockhart Road駱克道382號,/building/382-lockhart-road/982,shop,direct_link
383 King's Road英皇道383號,/building/383-king-s-road/1793,shop,direct_link
39 King's Road英皇道39號,/building/39-king-s-road/17298,shop,direct_link
4 Pottinger Street砵典乍街4號,/building/4-pottinger-street/2136,shop,direct_link
4-6 On Wo Lane安和里4-6號,/building/4-6-on-wo-lane/9227,shop,direct_link
40 Stanley Street士丹利街40號,/building/40-stanley-street/2034,shop,direct_link
41 Smithfield Road士美菲路41號,/building/41-smithfield-road/17779,shop,direct_link
42-44 Jardine's Bazaar渣甸街 42-44號,/building/42-44-jardine-s-bazaar/856,shop,direct_link
44 Kimberley Road金巴利道44號,/building/44-kimberley-road/17632,shop,direct_link
46 Lyndhurst Terrace擺花街46號,/building/46-lyndhurst-terrace/3731,shop,direct_link
49-51 Kimberley Road金巴利道49-51號,/building/49-51-kimberley-road/17748,shop,direct_link
50 Kimberley Road金巴利道50號,/building/50-kimberley-road/6541,shop,direct_link
51 Wellington Street威靈頓街51號,/building/51-wellington-street/1263,shop,direct_link
519-521 Hennessy Road軒尼詩道519-521號,/building/519-521-hennessy-road/1335,shop,direct_link
52 Kimberley Road金巴利道52號,/building/52-kimberley-road/17633,shop,direct_link
53 Wellington Street威靈頓街53號,/building/53-wellington-street/1270,shop,direct_link
55 Queen's Road Central皇后大道中55號,/building/55-queen-s-road-central/218,shop,direct_link
55 Wellington Street威靈頓街55號,/building/55-wellington-street/1268,shop,direct_link
562 Nathan Road彌敦道562號,/building/562-nathan-road/3049,shop,direct_link
57 Wellington Street威靈頓街57號,/building/57-wellington-street/1273,shop,direct_link
58 Wing Lok Street永樂街58號,/building/58-wing-lok-street/17431,shop,direct_link
58-60 Sai Yeung Choi Street South西洋菜南街58-60號,/building/58-60-sai-yeung-choi-street-south/7324,shop,direct_link
59 Wing Lok Street永樂街59號,/building/59-wing-lok-street/2486,shop,direct_link
59-61 Wellington Street威靈頓街59-61號,/building/59-61-wellington-street/1206,shop,direct_link
6 Gilman's Bazaar機利文新街6號,/building/6-gilman-s-bazaar/5643,shop,direct_link
6 Hillier Street禧利街6號,/building/6-hillier-street/2461,shop,direct_link
6 Wilmer Street威利麻街6號,/building/6-wilmer-street/6174,shop,direct_link
60 Wellington Street威靈頓街60號,/building/60-wellington-street/1252,shop,direct_link
61 Sai yeung Choi Street South西洋菜南街61號,/building/61-sai-yeung-choi-street-south/7304,shop,direct_link
618 Shanghai Street上海街618號,/building/618-shanghai-street/17409,shop,direct_link
62-64 Sai Yeung Choi Street South西洋菜南街62-64號,/building/62-64-sai-yeung-choi-street-south/7296,shop,direct_link
655 Nathan Road彌敦道655號,/building/655-nathan-road/2957,shop,direct_link
66-68 Sai Yeung Choi Street South西洋菜南街66-68號,/building/66-68-sai-yeung-choi-street-south/7329,shop,direct_link
67 Sai yeung Choi Street South西洋菜南街67號,/building/67-sai-yeung-choi-street-south/7322,shop,direct_link
67-69 Sai Yeung Choi Street South西洋菜街南67-69號,/building/67-69-sai-yeung-choi-street-south/7302,shop,direct_link
68 Kimberley Road金巴利道68號,/building/68-kimberley-road/6537,shop,direct_link
68 Yee Wo Street怡和街68號,/building/68-yee-wo-street/1621,shop,direct_link
7 Cannon Street景隆街7號,/building/7-cannon-street/6222,shop,direct_link
7 Seas Shopping Centre七海商業中心,/building/7-seas-shopping-centre/1731,shop,direct_link
70-72 Jervois Street蘇杭街70-72號,/building/70-72-jervois-street/2415,shop,direct_link
70-76 Percival Street波斯富街70-76號,/building/70-76-percival-street/5725,shop,direct_link
700 Nathan Road彌敦道700號,/building/700-nathan-road/3069,shop,direct_link
71-73 Fa Yuen Street花園街71-73號,/building/71-73-fa-yuen-street/17730,shop,direct_link
71-73 Wellington Street威靈頓街71-73號,/building/71-73-wellington-street/1269,shop,direct_link
726 Nathan Road彌敦道726號,/building/726-nathan-road/2848,shop,direct_link
75-77 Wellington Street威靈頓街 75-77號,/building/75-77-wellington-street/1209,shop,direct_link
76 Wellington Street威靈頓街76號,/building/76-wellington-street/1260,shop,direct_link
8 Gilman's Bazaar機利文新街8號,/building/8-gilman-s-bazaar/5647,shop,direct_link
8 Hart Avenue赫德道8號,/building/8-hart-avenue/6636,shop,direct_link
8 Jordan Road佐敦道8號,/building/8-jordan-road/3549,shop,direct_link
8 Lyndhurst Terrace擺花街8號,/building/8-lyndhurst-terrace/3728,shop,direct_link
8 Observatory Road天文臺道8號,/building/8-observatory-road/12274,shop,direct_link
8 On Wo Lane安和里8號,/building/8-on-wo-lane/9228,shop,direct_link
8 Queen's Road East皇后大道東8號,/building/8-queen-s-road-east/322,shop,direct_link
8 Wyndham Street雲咸街8號,/building/8-wyndham-street/1974,shop,direct_link
80 Gloucester Road告士打道80號,/building/80-gloucester-road/1167,shop,direct_link
83 King Lam Street瓊林街83號,/building/83-king-lam-street/17961,shop,direct_link
83 Wan Chai Road灣仔道83號,/building/83-wan-chai-road/2247,shop,direct_link
83 Wellington Street威靈頓街83號,/building/83-wellington-street/1210,shop,direct_link
85 Queen's Road Central皇后大道中85號,/building/85-queen-s-road-central/254,shop,direct_link
86-88 Stanley Main Street赤柱大街86-88號,/building/86-88-stanley-main-street/3987,shop,direct_link
88 Commercial Building東成商業大廈,/building/88-commercial-building/2534,shop,direct_link
88 Hing Fat Street興發街88號,/building/88-hing-fat-street/1844,shop,direct_link
88 Lockhart Road駱克道88號,/building/88-lockhart-road/1002,shop,direct_link
88WL永樂街88號,/building/88wl/17558,shop,direct_link
9 Chiu Lung Street昭隆街9號,/building/9-chiu-lung-street/4451,shop,direct_link
9 Chong Yip Street創業街9號,/building/9-chong-yip-street/7337,shop,direct_link
9 Po Lun Street寶輪街9號,/building/9-po-lun-street/16429,shop,direct_link
9 Queen's Road Central皇后大道中9號,/building/9-queen-s-road-central/139,shop,direct_link
9-11 Cochrane Street閣麟街9-11號,/building/9-11-cochrane-street/5678,shop,direct_link
91 King Lam Street瓊林街91號,/building/91-king-lam-street/17542,shop,direct_link
93WYS偉業街93號,/building/93wys/4922,shop,direct_link
99 Plaza99廣場,/building/99-plaza/7206,shop,direct_link
Abba Shopping Mall利群商場,/building/abba-shopping-mall/3921,shop,direct_link
Abdoolally House鴨都喇利大廈,/building/abdoolally-house/2045,shop,direct_link
Aberdeen Centre Shopping Arcade Site 1香港仔中心商場第一期,/building/aberdeen-centre-shopping-arcade-site-1/12840,shop,direct_link
Aberdeen Centre Shopping Arcade Site 2香港仔中心商場第二期,/building/aberdeen-centre-shopping-arcade-site-2/12841,shop,direct_link
Aberdeen Centre Shopping Arcade Site 3香港仔中心商場第三期,/building/aberdeen-centre-shopping-arcade-site-3/12843,shop,direct_link
Aberdeen Centre Shopping Arcade Site 4香港仔中心商場第四期,/building/aberdeen-centre-shopping-arcade-site-4/12842,shop,direct_link
Aberdeen Centre Shopping Arcade Site 5香港仔中心商場第五期,/building/aberdeen-centre-shopping-arcade-site-5/12844,shop,direct_link
ACME Building益美大廈,/building/acme-building/7224,shop,direct_link
Admiralty Centre海富中心,/building/admiralty-centre/1135,shop,direct_link
Aegean Coast Shopping Arcade愛琴海岸商場,/building/aegean-coast-shopping-arcade/17618,shop,direct_link
AIE Building亞洲大廈,/building/aie-building/123,shop,direct_link
Airside,/building/airside/17750,shop,direct_link
Aitken Vanson Centre金米蘭中心,/building/aitken-vanson-centre/5599,shop,direct_link
Albion Plaza愛賓商業大廈,/building/albion-plaza/2618,shop,direct_link
Aldrich Garden Shopping Centre愛蝶灣商場,/building/aldrich-garden-shopping-centre/11804,shop,direct_link
Alfred House熙慶樓,/building/alfred-house/8175,shop,direct_link
Alliance Building誠信大廈,/building/alliance-building/117,shop,direct_link
Allied Plaza聯合廣場,/building/allied-plaza/2897,shop,direct_link
Allways Centre百達中心,/building/allways-centre/1501,shop,direct_link
Alto Residences藍塘滙,/building/alto-residences/12923,shop,direct_link
Amber Commercial Building凱利商業大廈,/building/amber-commercial-building/2251,shop,direct_link
Amber Place恒珀,/building/amber-place/18103,shop,direct_link
Amoy Plaza淘大商場,/building/amoy-plaza/11582,shop,direct_link
Amtel Building安泰大廈,/building/amtel-building/51,shop,direct_link
Andes Plaza安達中心,/building/andes-plaza/388,shop,direct_link
Anglo Chinese Centre中西貿易大廈,/building/anglo-chinese-centre/10254,shop,direct_link
Anton Building安定大廈,/building/anton-building/3804,shop,direct_link
AOffice46奧創中心,/building/aoffice46/12434,shop,direct_link
APM,/building/apm/4561,shop,direct_link
Apollo Shopping Centre宇宙大廈商場,/building/apollo-shopping-centre/3325,shop,direct_link
Aqua Marine碧海藍天,/building/aqua-marine/10868,shop,direct_link
Argyle Centre旺角中心,/building/argyle-centre/3138,shop,direct_link
Argyle Centre Phase 1旺角中心1期,/building/argyle-centre-phase-1/2988,shop,direct_link
Arion Commercial Centre聯發商業中心,/building/arion-commercial-centre/369,shop,direct_link
Art Piece勿地臣街3號,/building/art-piece/17288,shop,direct_link
Art Piece,/building/art-piece/5708,shop,direct_link
Arthur Commercial Building雅達商業大廈,/building/arthur-commercial-building/13567,shop,direct_link
Artisan House瑧蓺,/building/artisan-house/13038,shop,direct_link
Artist Square西九藝術廣場,/building/artist-square/18135,shop,direct_link
Ashley Nine順豐大廈,/building/ashley-nine/4678,shop,direct_link
Asia Harvest Commercial Centre潤民商業中心,/building/asia-harvest-commercial-centre/13106,shop,direct_link
Asia Standard Tower泛海大廈,/building/asia-standard-tower/146,shop,direct_link
Astoria Building天星大廈,/building/astoria-building/4681,shop,direct_link
AT Tower百加利中心,/building/at-tower/2771,shop,direct_link
Attilio Building艾麗大廈,/building/attilio-building/2973,shop,direct_link
Aubin House安邦商業大廈,/building/aubin-house/1174,shop,direct_link
Aura on Pennington亨環,/building/aura-on-pennington/865,shop,direct_link
Austin Commercial Centre柯士甸商業中心,/building/austin-commercial-centre/2743,shop,direct_link
Austin Plaza柯士甸廣場,/building/austin-plaza/2718,shop,direct_link
Austin Tower好兆年行,/building/austin-tower/2738,shop,direct_link
Auto Plaza安達中心,/building/auto-plaza/2664,shop,direct_link
Aveny,/building/aveny/1992,shop,direct_link
Avon Mall碧湖商場,/building/avon-mall/12967,shop,direct_link
Bai Yun Building白雲大廈,/building/bai-yun-building/7154,shop,direct_link
Baker Circle必嘉坊,/building/baker-circle/15616,shop,direct_link
Bangkok Bank Building盤谷銀行大廈,/building/bangkok-bank-building/3580,shop,direct_link
Bangkok Bank Building盤谷銀行大廈,/building/bangkok-bank-building/2974,shop,direct_link
Bangkok Bank Building盤谷銀行大廈,/building/bangkok-bank-building/48,shop,direct_link
Bank Centre Mall銀行中心廣場,/building/bank-centre-mall/2924,shop,direct_link
Bank of America Tower美國銀行中心,/building/bank-of-america-tower/1133,shop,direct_link
Bank of America Tower美國銀行中心,/building/bank-of-america-tower/1129,shop,direct_link
Bank of China Mongkok Commercial Centre中國銀行(香港)旺角商業大廈,/building/bank-of-china-mongkok-commercial-centre/3045,shop,direct_link
Bank of Communications Building交通銀行大廈,/building/bank-of-communications-building/3040,shop,direct_link
Bank of Communications Building交通銀行大廈,/building/bank-of-communications-building/1363,shop,direct_link
Bank of East Asia Mongkok Building東亞銀行旺角大廈,/building/bank-of-east-asia-mongkok-building/3067,shop,direct_link
Bank Tower銀輝中心,/building/bank-tower/1685,shop,direct_link
Banyan Mall泓景滙,/building/banyan-mall/7372,shop,direct_link
Bartlock Centre百樂中心,/building/bartlock-centre/6056,shop,direct_link
Baskerville House樂成行,/building/baskerville-house/1963,shop,direct_link
Bay View Shopping Arcade灣景商場,/building/bay-view-shopping-arcade/1850,shop,direct_link
Bayfield Building彰顯大廈,/building/bayfield-building/1429,shop,direct_link
Bayview Garden Shopping Centre灣景花園商場,/building/bayview-garden-shopping-centre/3302,shop,direct_link
BCC Building國際商業信貸銀行大廈,/building/bcc-building/5703,shop,direct_link
Beach Centre海濱中心,/building/beach-centre/10886,shop,direct_link
Beautiful Garden Arcade美豐花園商場,/building/beautiful-garden-arcade/13847,shop,direct_link
Beautiful Group Tower標華豐集團大廈,/building/beautiful-group-tower/116,shop,direct_link
Bel Shine Centre百營中心,/building/bel-shine-centre/11816,shop,direct_link
Bel Trade Commercial Building百營商業大廈,/building/bel-trade-commercial-building/5778,shop,direct_link
Belair Gardens Shopping Arcade富豪花園商場,/building/belair-gardens-shopping-arcade/11426,shop,direct_link
Belair Monte綠悠軒,/building/belair-monte/16445,shop,direct_link
Belgian Bank Building華比銀行大廈,/building/belgian-bank-building/3000,shop,direct_link
Bell House寶寧大廈,/building/bell-house/2903,shop,direct_link
Belvedere Square麗城薈,/building/belvedere-square/13720,shop,direct_link
Benson Tower明順大廈,/building/benson-tower/4732,shop,direct_link
Best-O-Best Commercial Centre富利來商業大廈,/building/best-o-best-commercial-centre/6592,shop,direct_link
Better Place幸匯@運頭塘,/building/better-place/12952,shop,direct_link
Beverley Commercial Centre百利商業中心,/building/beverley-commercial-centre/3203,shop,direct_link
Beverly House利臨大廈,/building/beverly-house/996,shop,direct_link
Billion Centre億京中心,/building/billion-centre/4496,shop,direct_link
Billion Plaza億京廣場,/building/billion-plaza/7437,shop,direct_link
Billion Plaza II億京廣場2期,/building/billion-plaza-ii/7431,shop,direct_link
Biz Aura,/building/biz-aura/3411,shop,direct_link
Bizhouse,/building/bizhouse/7946,shop,direct_link
Blissful Building德佑大廈,/building/blissful-building/37,shop,direct_link
Bo Fung Building寶豐大廈,/building/bo-fung-building/5383,shop,direct_link
Bo Yip Building寶業大廈,/building/bo-yip-building/6866,shop,direct_link
BOC Credit Card Centre中銀信用卡中心,/building/boc-credit-card-centre/644,shop,direct_link
BOC Group Life Assurance Tower中銀集團人壽保險大廈,/building/boc-group-life-assurance-tower/34,shop,direct_link
BOC Prince Edward Building中銀太子大樓,/building/boc-prince-edward-building/3015,shop,direct_link
BOC Tsz Wan Shan Building中銀慈雲山大樓,/building/boc-tsz-wan-shan-building/15784,shop,direct_link
BOC Wan Chai Commercial Centre中銀灣仔商業中心,/building/boc-wan-chai-commercial-centre/1389,shop,direct_link
BOC Yuen Long Commercial Centre中銀元朗商業中心,/building/boc-yuen-long-commercial-centre/13735,shop,direct_link
Bodynits Building波蒂妮斯大廈,/building/bodynits-building/3517,shop,direct_link
Bohemian House瑧璈,/building/bohemian-house/792,shop,direct_link
Bonham Centre文咸中心,/building/bonham-centre/13652,shop,direct_link
Bonham Commercial Centre南北行商業中心,/building/bonham-commercial-centre/3586,shop,direct_link
Bonham Majoris明大企業集團大廈,/building/bonham-majoris/13653,shop,direct_link
Boss Commercial Centre寶時商業中心,/building/boss-commercial-centre/6591,shop,direct_link
Boton Technology Innovation Tower波頓科創中心,/building/boton-technology-innovation-tower/17446,shop,direct_link
Bowa House寶華商業大廈,/building/bowa-house/2948,shop,direct_link
Bowring Centre寶靈商業中心,/building/bowring-centre/6678,shop,direct_link
Bowring Place寶靈中心,/building/bowring-place/8030,shop,direct_link
Breakthrough Centre突破中心,/building/breakthrough-centre/6679,shop,direct_link
Bright Growth Medical Centre高怡醫務中心,/building/bright-growth-medical-centre/2935,shop,direct_link
Bright Way Tower凱途發展大廈,/building/bright-way-tower/6557,shop,direct_link
Brill Plaza環凱廣場,/building/brill-plaza/5312,shop,direct_link
Brim 28灣景滙,/building/brim-28/2017,shop,direct_link
Buckingham Building金漢大廈,/building/buckingham-building/2908,shop,direct_link
Bulkin Centre龐堅中心,/building/bulkin-centre/5410,shop,direct_link
Bupa Centre保柏中心,/building/bupa-centre/643,shop,direct_link
Burlington House華敦大廈,/building/burlington-house/2917,shop,direct_link
Butterfly Plaza蝴蝶廣場,/building/butterfly-plaza/12891,shop,direct_link
C Wisdom Centre泉威中心,/building/c-wisdom-centre/3614,shop,direct_link
C.C. Wu Building集成中心,/building/c-c-wu-building/1374,shop,direct_link
C.C. Wu Building集成中心,/building/c-c-wu-building/1317,shop,direct_link
California Tower加州大廈,/building/california-tower/659,shop,direct_link
Callton Center駿盈中心,/building/callton-center/3041,shop,direct_link
Caltex House德士古大廈,/building/caltex-house/1375,shop,direct_link
Cambridge House金壘商業中心,/building/cambridge-house/3507,shop,direct_link
Camelpaint Centre駱駝漆中心,/building/camelpaint-centre/7882,shop,direct_link
Cameron Centre金馬倫中心,/building/cameron-centre/3200,shop,direct_link
Cameron Commercial Centre金聯商業中心,/building/cameron-commercial-centre/1376,shop,direct_link
Cameron Plaza金馬倫廣場,/building/cameron-plaza/3510,shop,direct_link
Cammer Commercial Building金馬商業大廈,/building/cammer-commercial-building/3518,shop,direct_link
Canton House豐樂行,/building/canton-house/267,shop,direct_link
Canton Plaza廣建中心,/building/canton-plaza/2389,shop,direct_link
Canton Plaza流尚坊,/building/canton-plaza/2313,shop,direct_link
Capital Centre資本中心,/building/capital-centre/1152,shop,direct_link
Capital Commercial Building富達商業大廈,/building/capital-commercial-building/5189,shop,direct_link
Capital Commercial Building凱基商業大廈,/building/capital-commercial-building/1075,shop,direct_link
Capital Tower富臨中心,/building/capital-tower/4932,shop,direct_link
Capital Tower富臨中心,/building/capital-tower/4931,shop,direct_link
Capitol Centre京華中心,/building/capitol-centre/852,shop,direct_link
Capitol Centre Two京華中心二座,/building/capitol-centre-two/880,shop,direct_link
Capri Building嘉碧大廈,/building/capri-building/2711,shop,direct_link
Capri Place,/building/capri-place/17644,shop,direct_link
Capricorn Centre嘉康中心,/building/capricorn-centre/7350,shop,direct_link
Car Po Commercial Building嘉寶商業大廈,/building/car-po-commercial-building/3737,shop,direct_link
Carado Garden Commercial Complex雲疊花園商場,/building/carado-garden-commercial-complex/12045,shop,direct_link
Care & Health Building康而健大廈,/building/care-health-building/3166,shop,direct_link
Carfield Commercial Building嘉兆商業大廈,/building/carfield-commercial-building/1968,shop,direct_link
Caribbean Square映灣薈,/building/caribbean-square/17801,shop,direct_link
Carnarvon Plaza加拿芬廣場,/building/carnarvon-plaza/5706,shop,direct_link
Carnarvon Plaza加拿芬廣場,/building/carnarvon-plaza/5686,shop,direct_link
Carnival Commercial Building嘉匯商業大廈,/building/carnival-commercial-building/1904,shop,direct_link
Carprio Mansion嘉業大廈,/building/carprio-mansion/7389,shop,direct_link
Casey Building啟時大廈,/building/casey-building/4260,shop,direct_link
Casio Mansion Shopping Arcade嘉兆大廈商場,/building/casio-mansion-shopping-arcade/13115,shop,direct_link
Cathay 88國泰88,/building/cathay-88/2206,shop,direct_link
Cathay City國泰城,/building/cathay-city/7268,shop,direct_link
Catic Plaza航空大廈,/building/catic-plaza/3174,shop,direct_link
Causeway Bay Apple Mall銅鑼灣蘋果商場,/building/causeway-bay-apple-mall/6346,shop,direct_link
Causeway Bay Centre銅鑼灣中心,/building/causeway-bay-centre/2547,shop,direct_link
Causeway Bay Commercial Building銅鑼灣商業大廈,/building/causeway-bay-commercial-building/2546,shop,direct_link
Causeway Bay Plaza 1銅鑼灣廣場1期,/building/causeway-bay-plaza-1/1384,shop,direct_link
Causeway Bay Plaza 1銅鑼灣廣場1期,/building/causeway-bay-plaza-1/1341,shop,direct_link
Causeway Bay Plaza 2銅鑼灣廣場2期,/building/causeway-bay-plaza-2/977,shop,direct_link
Causeway Place銅鑼灣地帶,/building/causeway-place/1625,shop,direct_link
Causeway Square銅鑼廣場,/building/causeway-square/2549,shop,direct_link
CDW Building中染大廈,/building/cdw-building/13711,shop,direct_link
Celebrity Commercial Centre名人商業中心,/building/celebrity-commercial-centre/3305,shop,direct_link
Celestial Place壹號名薈,/building/celestial-place/11137,shop,direct_link
Central 88中環88,/building/central-88/58,shop,direct_link
Central Building中建大廈,/building/central-building/1284,shop,direct_link
Central Building中建大廈,/building/central-building/1282,shop,direct_link
Central Commercial Tower中匯商業大廈,/building/central-commercial-tower/2961,shop,direct_link
Central Crossing匯中環,/building/central-crossing/1215,shop,direct_link
Central Market中環街市,/building/central-market/17319,shop,direct_link
Centre de Laguna城中薈,/building/centre-de-laguna/10658,shop,direct_link
Centre Mark II永業中心,/building/centre-mark-ii/173,shop,direct_link
Centre Point中怡大廈,/building/centre-point/1153,shop,direct_link
Centro城市娛樂中心,/building/centro/17107,shop,direct_link
Century House世紀商業大廈,/building/century-house/6852,shop,direct_link
Century Square世紀廣場,/building/century-square/650,shop,direct_link
CFC Tower中福商業大廈,/building/cfc-tower/2655,shop,direct_link
Chai Wan Cinema Building柴灣戲院大廈,/building/chai-wan-cinema-building/15608,shop,direct_link
Champagne Court香檳大廈,/building/champagne-court/5694,shop,direct_link
Champion Building嘉賓商業大廈,/building/champion-building/3007,shop,direct_link
Champion Building長達大廈,/building/champion-building/16,shop,direct_link
Chang Pao Ching Building張寶慶大廈,/building/chang-pao-ching-building/1412,shop,direct_link
Chanway Shopping Centre偉華商場,/building/chanway-shopping-centre/6483,shop,direct_link
Chao's Building趙氏大廈,/building/chao-s-building/13657,shop,direct_link
Charm View Shopping Arcade創景商場,/building/charm-view-shopping-arcade/7837,shop,direct_link
Charmhill Centre俊僑商業中心,/building/charmhill-centre/3226,shop,direct_link
Charming Garden Arcade富榮花園商場,/building/charming-garden-arcade/8856,shop,direct_link
Chasegold Tower金通商業大廈,/building/chasegold-tower/6376,shop,direct_link
Chatham Commercial Building東貿商業大廈,/building/chatham-commercial-building/7487,shop,direct_link
Chatham Place昇御商場,/building/chatham-place/7464,shop,direct_link
Chau's Commercial Centre周氏商業中心,/building/chau-s-commercial-centre/6422,shop,direct_link
Cheerful Commercial Building置富商業大廈,/building/cheerful-commercial-building/6401,shop,direct_link
Cheong Hing Building昌興大廈,/building/cheong-hing-building/2939,shop,direct_link
Cheong K Building章記大廈,/building/cheong-k-building/39,shop,direct_link
Cheong Sun Tower昌生商業大廈,/building/cheong-sun-tower/2541,shop,direct_link
Cheong Tai Building昌泰大廈,/building/cheong-tai-building/6931,shop,direct_link
Cheong Tai Commercial Building昌泰商業大廈,/building/cheong-tai-commercial-building/2536,shop,direct_link
Cheong Wah Commercial Building昌華商業大廈,/building/cheong-wah-commercial-building/2308,shop,direct_link
Cheuk Nang Centre卓能中心,/building/cheuk-nang-centre/3224,shop,direct_link
Cheung Fat Plaza長發廣場,/building/cheung-fat-plaza/12892,shop,direct_link
Cheung Fung Commercial Building長豐商業大廈,/building/cheung-fung-commercial-building/6305,shop,direct_link
Cheung Hang Shopping Centre長亨商場,/building/cheung-hang-shopping-centre/17109,shop,direct_link
Cheung Hing Commercial Building祥興商業大廈,/building/cheung-hing-commercial-building/5677,shop,direct_link
Cheung Kei Center Tower B祥祺中心B座,/building/cheung-kei-center-tower-b/17413,shop,direct_link
Cheung Lee Building長利大廈,/building/cheung-lee-building/6254,shop,direct_link
Cheung Lee Commercial Building長利商業大廈,/building/cheung-lee-commercial-building/6511,shop,direct_link
Cheung Sha Wan Plaza長沙灣廣場,/building/cheung-sha-wan-plaza/6332,shop,direct_link
Cheung Sha Wan Plaza Tower 1長沙灣廣場第1期,/building/cheung-sha-wan-plaza-tower-1/6311,shop,direct_link
Cheung Sha Wan Plaza Tower 2長沙灣廣場第2期,/building/cheung-sha-wan-plaza-tower-2/6312,shop,direct_link
Cheung Wah Commercial Building昌華商業大廈,/building/cheung-wah-commercial-building/5553,shop,direct_link
Cheung Wah Shopping Centre祥華商場,/building/cheung-wah-shopping-centre/6498,shop,direct_link
Cheung Ying Alley翔盈里,/building/cheung-ying-alley/12904,shop,direct_link
Cheung's Building世瑛大廈,/building/cheung-s-building/2531,shop,direct_link
Chevalier Commercial Centre其士商業中心,/building/chevalier-commercial-centre/4552,shop,direct_link
Chevalier House其士大廈,/building/chevalier-house/3207,shop,direct_link
Chi Fai Arcade置輝商場,/building/chi-fai-arcade/12066,shop,direct_link
Chi Fu Landmark置富南區廣場,/building/chi-fu-landmark/9409,shop,direct_link
Chi Wo Commercial Building志和商業大廈,/building/chi-wo-commercial-building/5554,shop,direct_link
Chic Corner威靈頓街26號,/building/chic-corner/1277,shop,direct_link
China Building華人行,/building/china-building/234,shop,direct_link
China Harbour Building振華大廈,/building/china-harbour-building/1690,shop,direct_link
China Hong Kong Centre中港中心,/building/china-hong-kong-centre/2302,shop,direct_link
China Hong Kong City中港城,/building/china-hong-kong-city/2326,shop,direct_link
China Hong Kong City Tower 1中港城 第1座,/building/china-hong-kong-city-tower-1/2291,shop,direct_link
China Hong Kong City Tower 2中港城 第2座,/building/china-hong-kong-city-tower-2/2292,shop,direct_link
China Hong Kong City Tower 3中港城 第3座,/building/china-hong-kong-city-tower-3/2293,shop,direct_link
China Hong Kong City Tower 5中港城 第5座,/building/china-hong-kong-city-tower-5/2300,shop,direct_link
China Hong Kong City Tower 6中港城 第6座,/building/china-hong-kong-city-tower-6/2294,shop,direct_link
China Hong Kong Tower中港大廈,/building/china-hong-kong-tower/1393,shop,direct_link
China Huarong Tower中國華融大廈,/building/china-huarong-tower/1155,shop,direct_link
China Insurance Building中國保險大廈,/building/china-insurance-building/3508,shop,direct_link
China Insurance Group Building中保集團大廈,/building/china-insurance-group-building/22,shop,direct_link
China Life Center Tower B中國人壽中心B座,/building/china-life-center-tower-b/17414,shop,direct_link
China Minmetals Tower中國五礦大廈,/building/china-minmetals-tower/3201,shop,direct_link
China Overseas Building中國海外大廈,/building/china-overseas-building/1382,shop,direct_link
China Taiping Tower 1中國太平大廈一期,/building/china-taiping-tower-1/3951,shop,direct_link
China Taiping Tower 2中國太平大廈二期,/building/china-taiping-tower-2/3952,shop,direct_link
China Travel Building中旅大廈,/building/china-travel-building/229,shop,direct_link
China United Centre華匯中心,/building/china-united-centre/6153,shop,direct_link
Chinachem 333 Plaza華懋333廣場,/building/chinachem-333-plaza/3303,shop,direct_link
Chinachem Cameron Centre華懋金馬倫中心,/building/chinachem-cameron-centre/3511,shop,direct_link
Chinachem Century Tower華懋世紀廣場,/building/chinachem-century-tower/1163,shop,direct_link
Chinachem Exchange Square華懋交易廣場,/building/chinachem-exchange-square/3565,shop,direct_link
Chinachem Golden Plaza華懋廣場,/building/chinachem-golden-plaza/2663,shop,direct_link
Chinachem Golden Plaza華懋廣場,/building/chinachem-golden-plaza/2654,shop,direct_link
Chinachem Hollywood Centre華懋荷里活中心,/building/chinachem-hollywood-centre/3611,shop,direct_link
Chinachem Johnston Plaza華懋莊士敦廣場,/building/chinachem-johnston-plaza/1574,shop,direct_link
Chinachem Leighton Plaza華懋禮頓廣場,/building/chinachem-leighton-plaza/1071,shop,direct_link
Chinachem Tower華懋大廈,/building/chinachem-tower/129,shop,direct_link
Chinachem Tsuen Wan Plaza華懋荃灣廣場,/building/chinachem-tsuen-wan-plaza/13712,shop,direct_link
Chinaweal Centre中望商業中心,/building/chinaweal-centre/1502,shop,direct_link
Chinese Club Building華商會所大廈,/building/chinese-club-building/111,shop,direct_link
Chinese General Chamber of Commerce Building中華總商會大廈,/building/chinese-general-chamber-of-commerce-building/110,shop,direct_link
Ching Lai Commercial Centre清麗商場,/building/ching-lai-commercial-centre/14448,shop,direct_link
Ching Long Shopping Centre晴朗商場,/building/ching-long-shopping-centre/16464,shop,direct_link
Chit Lee Commercial Building捷利商業大廈,/building/chit-lee-commercial-building/13083,shop,direct_link
Chiu Chow Association Building潮州會館,/building/chiu-chow-association-building/803,shop,direct_link
Chiu Lung Building昭隆大廈,/building/chiu-lung-building/4452,shop,direct_link
Chiyu Bank Building集友銀行大廈,/building/chiyu-bank-building/40,shop,direct_link
Choi Yuen Plaza彩園廣場,/building/choi-yuen-plaza/12899,shop,direct_link
Chong Fat Commercial Building昌發商業大廈,/building/chong-fat-commercial-building/17410,shop,direct_link
Chong Hing Bank Centre創興銀行中心,/building/chong-hing-bank-centre/41,shop,direct_link
Chong Hing Square創興廣場,/building/chong-hing-square/2949,shop,direct_link
Chou Chong Commercial Building秋創商業大廈,/building/chou-chong-commercial-building/3343,shop,direct_link
Chow Sang Sang Building周生生大廈,/building/chow-sang-sang-building/2836,shop,direct_link
Chow Shing Kee Commercial Building周勝記商業大廈,/building/chow-shing-kee-commercial-building/6800,shop,direct_link
Chow Tai Fook Centre周大福商業中心,/building/chow-tai-fook-centre/2968,shop,direct_link
Chu Kong Shipping Tower珠江船務大廈,/building/chu-kong-shipping-tower/122,shop,direct_link
Chuang's London Plaza莊士倫敦廣場,/building/chuang-s-london-plaza/2978,shop,direct_link
Chuang's Tower莊士大廈,/building/chuang-s-tower/118,shop,direct_link
Chuen Fai Centre全輝中心,/building/chuen-fai-centre/14367,shop,direct_link
Chuk On Building祝安商業中心,/building/chuk-on-building/2453,shop,direct_link
Chun Hoi Commercial Building鎮海商業大廈,/building/chun-hoi-commercial-building/5191,shop,direct_link
Chun Wah Commercial Building振華商業大廈,/building/chun-wah-commercial-building/5226,shop,direct_link
Chun Wo Commercial Centre俊和商業中心,/building/chun-wo-commercial-centre/3173,shop,direct_link
Chun Yee Building振宜大廈,/building/chun-yee-building/2938,shop,direct_link
Chung Fung Commercial Building松鳳商業大廈,/building/chung-fung-commercial-building/2309,shop,direct_link
Chung Hing Commercial Building中興商業大廈,/building/chung-hing-commercial-building/113,shop,direct_link
Chung Hwa Plaza中華商場,/building/chung-hwa-plaza/11954,shop,direct_link
Chung Kiu Commercial Building中僑商業大廈,/building/chung-kiu-commercial-building/15050,shop,direct_link
Chung Nam Building中南大廈,/building/chung-nam-building/973,shop,direct_link
Chung Nam House中南行,/building/chung-nam-house/38,shop,direct_link
Chung On Shopping Centre頌安商場,/building/chung-on-shopping-centre/9501,shop,direct_link
Chung Pont Commercial Building中邦商業大廈,/building/chung-pont-commercial-building/1413,shop,direct_link
Chung Sheung Art Building中商藝術大廈,/building/chung-sheung-art-building/3604,shop,direct_link
Chung Wai Commercial Building中威商業大廈,/building/chung-wai-commercial-building/998,shop,direct_link
Chung Wo Commercial Centre忠和商業中心,/building/chung-wo-commercial-centre/5193,shop,direct_link
Chung Ying Building中英大廈,/building/chung-ying-building/633,shop,direct_link
Circle Plaza永光商業大廈,/building/circle-plaza/1379,shop,direct_link
Circle Tower永光中心,/building/circle-tower/6133,shop,direct_link
Cite 33百匯軒,/building/cite-33/7394,shop,direct_link
CITIC Tower中信大廈,/building/citic-tower/6181,shop,direct_link
City Garden Shopping Center城市花園商場,/building/city-garden-shopping-center/2765,shop,direct_link
Citylink Plaza連城廣場,/building/citylink-plaza/7360,shop,direct_link
Cityplaza太古城中心,/building/cityplaza/2171,shop,direct_link
Citywalk荃新天地,/building/citywalk/7798,shop,direct_link
Citywalk 2荃新天地2,/building/citywalk-2/7803,shop,direct_link
Civic Commercial Building置域商業大廈,/building/civic-commercial-building/6691,shop,direct_link
Cke Shopping Mall重慶站購物商場,/building/cke-shopping-mall/2930,shop,direct_link
CKK Commercial Centre朱鈞記商業中心,/building/ckk-commercial-centre/1403,shop,direct_link
Club Lusitano西洋會所,/building/club-lusitano/1290,shop,direct_link
CMA Building香港中華廠商聯合會大廈,/building/cma-building/133,shop,direct_link
CMB Wing Lung Bank Building招商永隆銀行大廈,/building/cmb-wing-lung-bank-building/65,shop,direct_link
CMB Wing Lung Bank Centre招商永隆銀行中心,/building/cmb-wing-lung-bank-centre/2953,shop,direct_link
CNAC House中航大廈,/building/cnac-house/16882,shop,direct_link
CNT Commercial Building北海商業大廈,/building/cnt-commercial-building/189,shop,direct_link
CNT House宜興大廈,/building/cnt-house/1579,shop,direct_link
CNT Tower北海中心,/building/cnt-tower/1380,shop,direct_link
Coasia Building合亞大廈,/building/coasia-building/999,shop,direct_link
Coastal Skyline Shopping Arcade藍天海岸商場,/building/coastal-skyline-shopping-arcade/10112,shop,direct_link
Cochrane Commercial House國麟大廈,/building/cochrane-commercial-house/5676,shop,direct_link
Coda Commercial Centre科達商業大廈,/building/coda-commercial-centre/180,shop,direct_link
Coda Plaza科達中心,/building/coda-plaza/1291,shop,direct_link
Cofco Tower中糧大廈,/building/cofco-tower/1146,shop,direct_link
Comfort Building安樂大廈,/building/comfort-building/2833,shop,direct_link
Commerce Tower昌寶中心,/building/commerce-tower/6956,shop,direct_link
Commune Modern囍逸,/building/commune-modern/10674,shop,direct_link
Concord Commercial Building六合商業大廈,/building/concord-commercial-building/1640,shop,direct_link
Concordia Plaza康宏廣場,/building/concordia-plaza/3105,shop,direct_link
Connaught Commercial Building康樂商業大廈,/building/connaught-commercial-building/2248,shop,direct_link
Connaught Harbourfront House康諾維港大廈,/building/connaught-harbourfront-house/645,shop,direct_link
Connaught Marina干諾中心,/building/connaught-marina/582,shop,direct_link
Convention Plaza會展廣場,/building/convention-plaza/2025,shop,direct_link
Convex Building康威大廈,/building/convex-building/5467,shop,direct_link
Conwell House金禾大廈,/building/conwell-house/2043,shop,direct_link
Corinthia By The Sea帝景灣,/building/corinthia-by-the-sea/12920,shop,direct_link
Corn Yan Centre澤盈中心,/building/corn-yan-centre/3776,shop,direct_link
Coronation Circle中港薈,/building/coronation-circle/13347,shop,direct_link
Corporation Park企業中心,/building/corporation-park/8169,shop,direct_link
COS Centre中海日升中心,/building/cos-centre/7182,shop,direct_link
COS Centre中海日升中心,/building/cos-centre/7178,shop,direct_link
Cosmos Building昌隆商業大廈,/building/cosmos-building/2565,shop,direct_link
Crason Commercial Centre加盛商業中心,/building/crason-commercial-centre/2999,shop,direct_link
Crawford House卡佛大廈,/building/crawford-house/143,shop,direct_link
Crawford Tower嘉發商業中心,/building/crawford-tower/2456,shop,direct_link
Crocodile Center鱷魚恤中心,/building/crocodile-center/5597,shop,direct_link
Crocodile Centre鱷魚恤中心,/building/crocodile-centre/5588,shop,direct_link
CS Tower昌盛大廈,/building/cs-tower/2526,shop,direct_link
CTG House中旅集團大廈,/building/ctg-house/121,shop,direct_link
CTMA Centre兆萬中心,/building/ctma-centre/7284,shop,direct_link
CTMA Centre兆萬中心,/building/ctma-centre/7269,shop,direct_link
CUBUS,/building/cubus/11141,shop,direct_link
Cumberland House金百龍大廈,/building/cumberland-house/2835,shop,direct_link
D Park愉景新城,/building/d-park/3280,shop,direct_link
D' Hub,/building/d-hub/5432,shop,direct_link
D.J. Securities Building申新證券大廈,/building/d-j-securities-building/5360,shop,direct_link
D2 Place One長義街9號,/building/d2-place-one/6052,shop,direct_link
D2 Place Two長順街15號,/building/d2-place-two/8019,shop,direct_link
Dah Sing Life Building大新人壽大廈,/building/dah-sing-life-building/18,shop,direct_link
Daily House海利行,/building/daily-house/5385,shop,direct_link
Dairy Farm Shopping Centre牛奶公司購物中心,/building/dairy-farm-shopping-centre/18166,shop,direct_link
Dairy Farm Shopping Centre牛奶公司購物中心,/building/dairy-farm-shopping-centre/5915,shop,direct_link
Dannies House其康大廈,/building/dannies-house/2087,shop,direct_link
David House德惠行,/building/david-house/7228,shop,direct_link
Dawning House多寧大廈,/building/dawning-house/109,shop,direct_link
Dawning Views Shopping Plaza牽晴間購物廣場,/building/dawning-views-shopping-plaza/12969,shop,direct_link
DB North Office Block 1愉景北商場辦公室一期,/building/db-north-office-block-1/13064,shop,direct_link
DB North Office Block 2愉景北商場辦公室二期,/building/db-north-office-block-2/13065,shop,direct_link
DB North Plaza愉景北商場,/building/db-north-plaza/13063,shop,direct_link
De Novo Mall煥然壹居,/building/de-novo-mall/17650,shop,direct_link
Deerhill Bay Arcade鹿茵山莊商場,/building/deerhill-bay-arcade/16443,shop,direct_link
Deli2威達商業大廈,/building/deli2/4849,shop,direct_link
Delta House匯達大廈,/building/delta-house/7222,shop,direct_link
Denker Plaza駿佳廣場,/building/denker-plaza/16891,shop,direct_link
Des Voeux Building德輔大廈,/building/des-voeux-building/788,shop,direct_link
Discovery Bay Plaza愉景廣場,/building/discovery-bay-plaza/11619,shop,direct_link
DL Tower德林大廈,/building/dl-tower/17702,shop,direct_link
Domain Mall大本型,/building/domain-mall/16469,shop,direct_link
Dominion Centre東美中心,/building/dominion-centre/366,shop,direct_link
Don Shing Building敦成大廈,/building/don-shing-building/3541,shop,direct_link
Double Building登寶大廈,/building/double-building/2044,shop,direct_link
Double Cove Place迎海薈,/building/double-cove-place/16974,shop,direct_link
Double Set Commercial Centre德寶城商業中心,/building/double-set-commercial-centre/3548,shop,direct_link
Dragon Centre西九龍中心,/building/dragon-centre/12169,shop,direct_link
Duke Of Windsor Social Service Building溫莎公爵社會服務大廈,/building/duke-of-windsor-social-service-building/1431,shop,direct_link
Duke Wellington House威靈頓公爵大廈,/building/duke-wellington-house/1244,shop,direct_link
Dundas Square登打士廣場,/building/dundas-square/3084,shop,direct_link
E Plaza東廣場,/building/e-plaza/7011,shop,direct_link
E-Max,/building/e-max/7256,shop,direct_link
E-Trade Plaza東貿廣場,/building/e-trade-plaza/4439,shop,direct_link
Easey Commercial Building依時商業大廈,/building/easey-commercial-building/1392,shop,direct_link
East Exchange Tower東區機樓大廈,/building/east-exchange-tower/1079,shop,direct_link
East Ocean Centre東海商業中心,/building/east-ocean-centre/2632,shop,direct_link
East Ocean Centre東海商業中心,/building/east-ocean-centre/2619,shop,direct_link
East Pavilion東匯坊,/building/east-pavilion/1833,shop,direct_link
East Point Centre東角中心,/building/east-point-centre/1378,shop,direct_link
East Town Building東城大廈,/building/east-town-building/976,shop,direct_link
Eastcore觀塘道398號,/building/eastcore/4589,shop,direct_link
Eastern Commercial Centre海安商業中心,/building/eastern-commercial-centre/6047,shop,direct_link
Eastern Commercial Centre東區商業中心,/building/eastern-commercial-centre/1381,shop,direct_link
Eastern Flower Centre東麗中心,/building/eastern-flower-centre/3516,shop,direct_link
Eastern Plaza (Koway Plaza)東港城 (高威廣場),/building/eastern-plaza-koway-plaza/12371,shop,direct_link
Eastland Towers東蘭閣,/building/eastland-towers/7066,shop,direct_link
Eastmark常悅道21號,/building/eastmark/15088,shop,direct_link
Easy Tower永義廣場,/building/easy-tower/11453,shop,direct_link
EC Healthcare Tower (Central)醫思健康大樓 (中環),/building/ec-healthcare-tower-central/131,shop,direct_link
Edward Mansion長榮大廈,/building/edward-mansion/6891,shop,direct_link
Effectual Building宜發大廈,/building/effectual-building/1402,shop,direct_link
EGL Tower東瀛遊廣場,/building/egl-tower/4738,shop,direct_link
EIB Tower經信商業大廈,/building/eib-tower/2250,shop,direct_link
Eight Regency珀御,/building/eight-regency/14463,shop,direct_link
Elegant Garden翠然商場,/building/elegant-garden/403,shop,direct_link
Elements圓方,/building/elements/8256,shop,direct_link
Elizabeth House伊利莎伯大廈,/building/elizabeth-house/1173,shop,direct_link
Eltee Building誠興大廈,/building/eltee-building/4450,shop,direct_link
Emperor Commercial Centre英皇商業中心,/building/emperor-commercial-centre/59,shop,direct_link
Emperor Group Centre英皇集團中心,/building/emperor-group-centre/1342,shop,direct_link
Emperor Hollywood Centre英皇荷里活中心,/building/emperor-hollywood-centre/3633,shop,direct_link
Emperor Watch and Jewellery Centre英皇鐘錶珠寶中心,/building/emperor-watch-and-jewellery-centre/6011,shop,direct_link
Empire Centre帝國中心,/building/empire-centre/2653,shop,direct_link
Empress Plaza帝后廣場,/building/empress-plaza/3206,shop,direct_link
Energy Plaza幸福中心,/building/energy-plaza/17746,shop,direct_link
Energy Plaza幸福中心,/building/energy-plaza/2617,shop,direct_link
Enterprise Building聯業大廈,/building/enterprise-building/191,shop,direct_link
Enterprise Square One企業廣場一期,/building/enterprise-square-one/15081,shop,direct_link
Entertainment Building娛樂行,/building/entertainment-building/140,shop,direct_link
Entrepot Centre港貿中心,/building/entrepot-centre/4614,shop,direct_link
eResidence煥然懿居,/building/eresidence/4539,shop,direct_link
Esplanade Place弦坊,/building/esplanade-place/13407,shop,direct_link
Eton Building易通商業大廈,/building/eton-building/44,shop,direct_link
Eton Tower裕景商業中心,/building/eton-tower/6341,shop,direct_link
Eu Yan Sang Tower余仁生中心,/building/eu-yan-sang-tower/3202,shop,direct_link
Eurasia Building歐亞大廈,/building/eurasia-building/2037,shop,direct_link
Euro Trade Centre歐陸貿易中心,/building/euro-trade-centre/136,shop,direct_link
European Asian Bank Building歐亞銀行大廈,/building/european-asian-bank-building/3001,shop,direct_link
Everglory Centre恆港中心,/building/everglory-centre/7439,shop,direct_link
Evernew Commerical Centre百新商業大廈,/building/evernew-commerical-centre/17283,shop,direct_link
Everprofit Commercial Building恆利商業大廈,/building/everprofit-commercial-building/4158,shop,direct_link
Excellente Commercial Building拔萃商業大廈,/building/excellente-commercial-building/1499,shop,direct_link
Exchange Square交易廣場,/building/exchange-square/1200,shop,direct_link
Fa Yuen Commercial Building花園商業大廈,/building/fa-yuen-commercial-building/4999,shop,direct_link
Fai Man Building輝文大廈,/building/fai-man-building/4151,shop,direct_link
Fairmont House東昌大廈,/building/fairmont-house/2003,shop,direct_link
Fairview Mansion(CWB)華爾大廈,/building/fairview-mansion-cwb/1101,shop,direct_link
Fairview Park Town Centre錦綉花園市中心廣場,/building/fairview-park-town-centre/16945,shop,direct_link
Fanling Centre粉嶺中心,/building/fanling-centre/6499,shop,direct_link
Fanling Town Center粉嶺名都商場,/building/fanling-town-center/12910,shop,direct_link
Far East Consortium Building遠東發展大廈,/building/far-east-consortium-building/2954,shop,direct_link
Far East Consortium Building遠東發展大廈,/building/far-east-consortium-building/27,shop,direct_link
Far East Finance Centre遠東金融中心,/building/far-east-finance-centre/1128,shop,direct_link
Far East Mansion遠東大廈,/building/far-east-mansion/6502,shop,direct_link
Fashion Walk - Kingston名店坊 - Kingston,/building/fashion-walk-kingston/4039,shop,direct_link
Fashion Walk - Main Block名店坊 - Main Block,/building/fashion-walk-main-block/1111,shop,direct_link
Federal Plaza聯邦廣場,/building/federal-plaza/3259,shop,direct_link
Fee Tat Commercial Centre飛達商業中心,/building/fee-tat-commercial-centre/2977,shop,direct_link
Festival Walk又一城,/building/festival-walk/6786,shop,direct_link
Festival Walk Office Tower又一城商業大樓,/building/festival-walk-office-tower/6782,shop,direct_link
Fhp Shopping Centre,/building/fhp-shopping-centre/2671,shop,direct_link
Finance Building金融商業大廈,/building/finance-building/45,shop,direct_link
First Commercial Building第一商業大廈,/building/first-commercial-building/1069,shop,direct_link
Fitfort健威坊,/building/fitfort/1762,shop,direct_link
FLK Tower馮良記中心,/building/flk-tower/1594,shop,direct_link
Flora Plaza花都廣場,/building/flora-plaza/16545,shop,direct_link
Florence Plaza富華廣場,/building/florence-plaza/13225,shop,direct_link
FOCO閣麟街46-48號,/building/foco/17491,shop,direct_link
Fok On Shopping Centre福安花園商場,/building/fok-on-shopping-centre/12871,shop,direct_link
Fontaine Building建泉大廈,/building/fontaine-building/2668,shop,direct_link
Foo Hoo Centre富好中心,/building/foo-hoo-centre/2741,shop,direct_link
Foo Sang Building富生行,/building/foo-sang-building/2489,shop,direct_link
Foo Yik Commercial Building富益商業大廈,/building/foo-yik-commercial-building/11949,shop,direct_link
Food+匯富坊,/building/food/17269,shop,direct_link
Fortis Tower富通大廈,/building/fortis-tower/1159,shop,direct_link
Fortress Metro Tower康澤花園,/building/fortress-metro-tower/1783,shop,direct_link
Fortress Tower北角城中心,/building/fortress-tower/1785,shop,direct_link
Fortress Tower北角城中心,/building/fortress-tower/1679,shop,direct_link
Fortune Centre恩平中心,/building/fortune-centre/1636,shop,direct_link
Fortune City One置富第一城,/building/fortune-city-one/12855,shop,direct_link
Fortune Commercial Building全發商業大廈,/building/fortune-commercial-building/6424,shop,direct_link
Fortune House福興大廈,/building/fortune-house/105,shop,direct_link
Fortune Metropolis置富都會,/building/fortune-metropolis/7492,shop,direct_link
Fortune Shopping Centre幸福商場,/building/fortune-shopping-centre/12991,shop,direct_link
Four Seas Communications Bank Building四海通銀行大廈,/building/four-seas-communications-bank-building/2509,shop,direct_link
Four Seas Jade Centre四海玉器中心,/building/four-seas-jade-centre/2342,shop,direct_link
Fourseas Building四海大廈,/building/fourseas-building/2997,shop,direct_link
Franki Centre建新中心,/building/franki-centre/6754,shop,direct_link
Friendship Commercial Building友誼商業大廈,/building/friendship-commercial-building/3657,shop,direct_link
Fu Fai Commercial Centre富輝商業中心,/building/fu-fai-commercial-centre/2459,shop,direct_link
Fu Hing Building富興大廈,/building/fu-hing-building/4267,shop,direct_link
Fu Lee Commercial Building富利商業大廈,/building/fu-lee-commercial-building/8023,shop,direct_link
Fu Loy Shopping Arcade富來花園商場,/building/fu-loy-shopping-arcade/14582,shop,direct_link
Fu Tai Shopping Centre富泰商場,/building/fu-tai-shopping-centre/12953,shop,direct_link
Fu Tor Loy Shopping Centre Phase 1富多來商場第一期,/building/fu-tor-loy-shopping-centre-phase-1/10681,shop,direct_link
Fu Tor Loy Shopping Centre Phase 2富多來商場第二期,/building/fu-tor-loy-shopping-centre-phase-2/15428,shop,direct_link
Fu Tung Plaza富東廣場,/building/fu-tung-plaza/16567,shop,direct_link
Fu Wing House富永樓,/building/fu-wing-house/2137,shop,direct_link
Fubon Bank Building富邦銀行大廈,/building/fubon-bank-building/21,shop,direct_link
Fugro House - KCC2輝固大廈 - KCC2,/building/fugro-house-kcc2/6841,shop,direct_link
Fuk Shing Commercial Building福成商業大廈,/building/fuk-shing-commercial-building/16276,shop,direct_link
Full View Commercial Building富偉商業大廈,/building/full-view-commercial-building/52,shop,direct_link
Full Win Commercial Centre富運商業中心,/building/full-win-commercial-centre/2998,shop,direct_link
Full Wing Building富運大廈,/building/full-wing-building/7478,shop,direct_link
Fullerton Centre富登中心,/building/fullerton-centre/4736,shop,direct_link
Fullview Garden Shopping Centre富景商場,/building/fullview-garden-shopping-centre/9746,shop,direct_link
Fullytech Centre富利達中心,/building/fullytech-centre/12446,shop,direct_link
Fung King Court豐景閣,/building/fung-king-court/374,shop,direct_link
Fung Lok Commercial Building豐樂商業大廈,/building/fung-lok-commercial-building/2533,shop,direct_link
Fung Sang Trading Building豐生貿易大廈,/building/fung-sang-trading-building/3579,shop,direct_link
Fung Tak Shopping Centre鳳德商場,/building/fung-tak-shopping-centre/17697,shop,direct_link
Fung Woo Centre豐和商業大廈,/building/fung-woo-centre/64,shop,direct_link
Futura Plaza富利廣場,/building/futura-plaza/4601,shop,direct_link
Gala Place家樂坊,/building/gala-place/3085,shop,direct_link
Galaxy Plaza銀河廣場,/building/galaxy-plaza/12407,shop,direct_link
Galuxe Building紀利大廈,/building/galuxe-building/8170,shop,direct_link
Gaylord Commercial Building嘉洛商業大廈,/building/gaylord-commercial-building/1000,shop,direct_link
Gee Foo Commercial Building致富商業大廈,/building/gee-foo-commercial-building/6730,shop,direct_link
Gee Tuck Building至德大廈,/building/gee-tuck-building/13651,shop,direct_link
Gem Fair Commercial Building玉暉商業大廈,/building/gem-fair-commercial-building/2314,shop,direct_link
General Commercial Building通用商業大廈,/building/general-commercial-building/56,shop,direct_link
Get Nice Centre結好中心,/building/get-nice-centre/7486,shop,direct_link
GF Tower廣發大廈,/building/gf-tower/17492,shop,direct_link
Ginz 8銀八,/building/ginz-8/7187,shop,direct_link
Ginza Plaza銀城廣場,/building/ginza-plaza/7271,shop,direct_link
Ginza Square銀座廣場,/building/ginza-square/2994,shop,direct_link
Glassview Commercial Building豪景商業大廈,/building/glassview-commercial-building/13765,shop,direct_link
Global Trade Square環匯廣場,/building/global-trade-square/3829,shop,direct_link
Glory Centre高荔商業中心,/building/glory-centre/3227,shop,direct_link
Gofuku Tower幸福商業大廈,/building/gofuku-tower/6668,shop,direct_link
Gogo Mall雅都商場,/building/gogo-mall/16452,shop,direct_link
Gold & Silver Commercial Building金銀商業大廈,/building/gold-silver-commercial-building/4280,shop,direct_link
Gold Coast Piazza黃金海岸商場,/building/gold-coast-piazza/16440,shop,direct_link
Gold Field Commercial Building高富商業大廈,/building/gold-field-commercial-building/9296,shop,direct_link
Gold Shine Tower金煌行,/building/gold-shine-tower/182,shop,direct_link
Gold Swan Commercial Building金鵝商業大廈,/building/gold-swan-commercial-building/1396,shop,direct_link
Gold Union Commercial Building金祐商業大廈,/building/gold-union-commercial-building/619,shop,direct_link
Golden Bloom Centre金利隆中心,/building/golden-bloom-centre/858,shop,direct_link
Golden Centre金龍中心,/building/golden-centre/8,shop,direct_link
Golden Computer Arcade黃金電腦商場,/building/golden-computer-arcade/11850,shop,direct_link
Golden Computer Centre高登電腦中心,/building/golden-computer-centre/11897,shop,direct_link
Golden Digital黃金數碼廣場,/building/golden-digital/12168,shop,direct_link
Golden Dragon Centre金龍中心,/building/golden-dragon-centre/3512,shop,direct_link
Golden Dragon Commercial  Building金龍商業大廈,/building/golden-dragon-commercial-building/2969,shop,direct_link
Golden Era Plaza金雞廣場,/building/golden-era-plaza/7111,shop,direct_link
Golden Gate Commercial Building金門商業大廈,/building/golden-gate-commercial-building/2715,shop,direct_link
Golden Glory Mansion金輝大廈,/building/golden-glory-mansion/5700,shop,direct_link
Golden Hill Commercial Building金山商業中心,/building/golden-hill-commercial-building/3154,shop,direct_link
Golden Hill Commercial Mansion金軒商業大廈,/building/golden-hill-commercial-mansion/1424,shop,direct_link
Golden House金明行,/building/golden-house/2138,shop,direct_link
Golden Name Commercial Building鴻曙商業大廈,/building/golden-name-commercial-building/5434,shop,direct_link
Golden Plaza萬金中心,/building/golden-plaza/15106,shop,direct_link
Golden Plaza金都商場,/building/golden-plaza/2945,shop,direct_link
Golden Star Building金星大廈,/building/golden-star-building/991,shop,direct_link
Golden Sun Centre金日集團中心,/building/golden-sun-centre/3577,shop,direct_link
Goldfield Tower金輝行,/building/goldfield-tower/15673,shop,direct_link
Goldsland Building恒成大廈,/building/goldsland-building/5230,shop,direct_link
Good Dragon Building龍祥大廈,/building/good-dragon-building/12201,shop,direct_link
Good Harvest Commercial Building好收成商業大廈,/building/good-harvest-commercial-building/3020,shop,direct_link
Good Hope Building好望角大廈,/building/good-hope-building/2862,shop,direct_link
Goodfit Commercial Building好發商業大廈,/building/goodfit-commercial-building/2584,shop,direct_link
Goodrich Garden Shopping Arcade盈豐商場,/building/goodrich-garden-shopping-arcade/14464,shop,direct_link
Goodview Centre裕景中心,/building/goodview-centre/13073,shop,direct_link
Gough Plaza經富中心,/building/gough-plaza/10525,shop,direct_link
Grancastle Commercial Centre添置商業中心,/building/grancastle-commercial-centre/7320,shop,direct_link
Grand Building大昌大廈,/building/grand-building/124,shop,direct_link
Grand Central Plaza Tower 1新城市中央廣場1座,/building/grand-central-plaza-tower-1/7243,shop,direct_link
Grand Centre格蘭中心,/building/grand-centre/6025,shop,direct_link
Grand Century Place Tower 1新世紀廣場1期,/building/grand-century-place-tower-1/6926,shop,direct_link
Grand Century Place Tower 2新世紀廣場2期,/building/grand-century-place-tower-2/6925,shop,direct_link
Grand Metro都匯,/building/grand-metro/6876,shop,direct_link
Grand Millennium Plaza新紀元廣場,/building/grand-millennium-plaza/220,shop,direct_link
Grand Place譽發廣場,/building/grand-place/2952,shop,direct_link
Grand Plaza Office Tower One雅蘭中心一期,/building/grand-plaza-office-tower-one/3011,shop,direct_link
Grand Plaza Office Tower Two雅蘭中心二期,/building/grand-plaza-office-tower-two/3012,shop,direct_link
Grand Progress Building協興大廈,/building/grand-progress-building/2564,shop,direct_link
Grand Regentville Shopping Mall御庭軒購物商場,/building/grand-regentville-shopping-mall/15636,shop,direct_link
Grand Right Centre宏威中心,/building/grand-right-centre/3513,shop,direct_link
Grand Villa雅景軒,/building/grand-villa/7470,shop,direct_link
Grand Waterfront Plaza翔龍灣廣場,/building/grand-waterfront-plaza/9522,shop,direct_link
Grandeur Garden Shopping Arcade金禧商場,/building/grandeur-garden-shopping-arcade/13809,shop,direct_link
Grandmark加威中心,/building/grandmark/2622,shop,direct_link
Granville House嘉威大廈,/building/granville-house/2623,shop,direct_link
Great Eagle Centre鷹君中心,/building/great-eagle-centre/2019,shop,direct_link
Great Smart Tower佳誠大廈,/building/great-smart-tower/2244,shop,direct_link
Greatmany Centre智群商業中心,/building/greatmany-centre/364,shop,direct_link
Green Code Plaza逸峯廣場,/building/green-code-plaza/16446,shop,direct_link
Greenfield Garden翠怡花園,/building/greenfield-garden/14011,shop,direct_link
Greenwich Centre怡安中心,/building/greenwich-centre/1675,shop,direct_link
Guangdong Finance Building粵財大廈,/building/guangdong-finance-building/646,shop,direct_link
Guangdong Investment Tower粵海投資大廈,/building/guangdong-investment-tower/119,shop,direct_link
Guangdong Tours Centre廣旅集團大廈,/building/guangdong-tours-centre/3412,shop,direct_link
Guardian House愛群商業大廈,/building/guardian-house/2160,shop,direct_link
H Code High BlockH Code 高座,/building/h-code-high-block/2130,shop,direct_link
H Queen's,/building/h-queen-s/241,shop,direct_link
H Zentre中間道15號,/building/h-zentre/6506,shop,direct_link
H.A.N.D.S,/building/h-a-n-d-s/16454,shop,direct_link
Haleson Building喜訊大廈,/building/haleson-building/4268,shop,direct_link
Hampton Loft凱帆薈,/building/hampton-loft/8839,shop,direct_link
Hanford Commercial Centre恆福商業中心,/building/hanford-commercial-centre/3025,shop,direct_link
Hang Bong Commercial Centre恆邦商業中心,/building/hang-bong-commercial-centre/5185,shop,direct_link
Hang Fat Trading House恆發貿易大廈,/building/hang-fat-trading-house/3578,shop,direct_link
Hang King Shopping Arcade恆景商場,/building/hang-king-shopping-arcade/12344,shop,direct_link
Hang Lok Square行樂坊,/building/hang-lok-square/14991,shop,direct_link
Hang Lung Centre恒隆中心,/building/hang-lung-centre/1110,shop,direct_link
Hang Lung Centre恆隆中心,/building/hang-lung-centre/1104,shop,direct_link
Hang Lung House恒隆大廈,/building/hang-lung-house/208,shop,direct_link
Hang Pont Commercial Building恒邦商業大廈,/building/hang-pont-commercial-building/15441,shop,direct_link
Hang Seng 113恒生113,/building/hang-seng-113/3156,shop,direct_link
Hang Seng Castle Peak Road Building恒生青山道大廈,/building/hang-seng-castle-peak-road-building/3387,shop,direct_link
Hang Seng Causeway Bay Building恒生銅鑼灣大廈,/building/hang-seng-causeway-bay-building/1618,shop,direct_link
Hang Seng Kowloon City Building恒生九龍城大廈,/building/hang-seng-kowloon-city-building/6896,shop,direct_link
Hang Seng Mongkok Building恒生旺角大廈,/building/hang-seng-mongkok-building/2942,shop,direct_link
Hang Seng North Point Building恒生北角大廈,/building/hang-seng-north-point-building/1732,shop,direct_link
Hang Seng Tsim Sha Tsui Building恆生尖沙咀大廈,/building/hang-seng-tsim-sha-tsui-building/5704,shop,direct_link
Hang Seng Tsuen Wan Building恒生荃灣大廈,/building/hang-seng-tsuen-wan-building/6444,shop,direct_link
Hang Seng Wanchai Building恒生灣仔大廈,/building/hang-seng-wanchai-building/1422,shop,direct_link
Hang Seng Yuen Long Building恒生元朗大廈,/building/hang-seng-yuen-long-building/13727,shop,direct_link
Hang Shing Building恒成大廈,/building/hang-shing-building/2959,shop,direct_link
Hang Shun Building恒信大廈,/building/hang-shun-building/2000,shop,direct_link
Hang Shun Commercial Building恆信商業大廈,/building/hang-shun-commercial-building/3515,shop,direct_link
Hang Wai Commercial Building恆威商業大廈,/building/hang-wai-commercial-building/356,shop,direct_link
Hankow Centre漢口中心,/building/hankow-centre/3429,shop,direct_link
Hanley House恆利商業大廈,/building/hanley-house/3016,shop,direct_link
Hanway Commercial Centre恆威商業中心,/building/hanway-commercial-centre/3083,shop,direct_link
Harbour City海港城,/building/harbour-city/2331,shop,direct_link
Harbour Commercial Building海港商業大廈,/building/harbour-commercial-building/128,shop,direct_link
Harbour North Phase 1北角匯一期,/building/harbour-north-phase-1/17596,shop,direct_link
Harbour North Phase 2北角匯二期,/building/harbour-north-phase-2/17595,shop,direct_link
Harbour North Phase 3北角匯三期,/building/harbour-north-phase-3/1911,shop,direct_link
Harbour Place海濱南岸,/building/harbour-place/14809,shop,direct_link
Harbour Shopping Arcade海港商場,/building/harbour-shopping-arcade/2018,shop,direct_link
Harbourfront Landmark海名軒,/building/harbourfront-landmark/6457,shop,direct_link
Harilela House夏利里拉行,/building/harilela-house/1997,shop,direct_link
Hart Avenue Plaza德裕中心,/building/hart-avenue-plaza/6635,shop,direct_link
Hart House赫德大廈,/building/hart-house/6638,shop,direct_link
Harvard Commercial Building豪富商業大廈,/building/harvard-commercial-building/2580,shop,direct_link
Harvest Building恒豐大廈,/building/harvest-building/2559,shop,direct_link
Haven Commercial Building凱豐商業大廈,/building/haven-commercial-building/11220,shop,direct_link
HDH Centre亨利集團中心,/building/hdh-centre/6007,shop,direct_link
Health Aura,/building/health-aura/17496,shop,direct_link
Heath慶方,/building/heath/17757,shop,direct_link
Hecny Tower均輝大廈,/building/hecny-tower/3205,shop,direct_link
Heep Kee Commercial Building協基商業大廈,/building/heep-kee-commercial-building/2521,shop,direct_link
Henan Building豫港大廈,/building/henan-building/1504,shop,direct_link
Henan Electric Development Building豫港電力發展大廈,/building/henan-electric-development-building/1684,shop,direct_link
Henfa Commercial Building恒發商業大廈,/building/henfa-commercial-building/1023,shop,direct_link
Heng On Commercial Centre恆安商場,/building/heng-on-commercial-centre/12970,shop,direct_link
Heng Shan Centre恆山中心,/building/heng-shan-centre/360,shop,direct_link
Hennessy Plaza亨寧商業大廈,/building/hennessy-plaza/1421,shop,direct_link
Henry House亨利中心,/building/henry-house/1637,shop,direct_link
Hermes Commercial Centre恒貿商業中心,/building/hermes-commercial-centre/3220,shop,direct_link
Hermes House國際電信大廈,/building/hermes-house/6505,shop,direct_link
Heung Lam Building香林大廈,/building/heung-lam-building/103,shop,direct_link
Heya Aqua喜漾,/building/heya-aqua/17701,shop,direct_link
Heya Crystal喜薈商場,/building/heya-crystal/3354,shop,direct_link
Heya Delight喜盈,/building/heya-delight/3400,shop,direct_link
Heya Green喜雅,/building/heya-green/13004,shop,direct_link
Heya Star喜韻,/building/heya-star/3327,shop,direct_link
High Fashion Centre達利國際中心,/building/high-fashion-centre/7343,shop,direct_link
High Park曉珀,/building/high-park/13294,shop,direct_link
High Park Grand曉珀‧御,/building/high-park-grand/13295,shop,direct_link
High Park Square滙都廣場,/building/high-park-square/18061,shop,direct_link
Hillier Commercial Building喜利商業大廈,/building/hillier-commercial-building/13655,shop,direct_link
Hilltop Plaza鴻豐商業中心,/building/hilltop-plaza/3609,shop,direct_link
Hilton Place希爾頓大廈,/building/hilton-place/2612,shop,direct_link
Hilton Plaza希爾頓中心,/building/hilton-plaza/6478,shop,direct_link
Hin Keng Shopping Centre顯徑商場,/building/hin-keng-shopping-centre/12971,shop,direct_link
Hin Kwong Building顯光樓,/building/hin-kwong-building/246,shop,direct_link
Hing Kui Building慶渠樓,/building/hing-kui-building/6166,shop,direct_link
Hing Lee Building興利大廈,/building/hing-lee-building/836,shop,direct_link
Hing Lee Commercial Building興利大廈,/building/hing-lee-commercial-building/5150,shop,direct_link
Hing Loong Building興隆樓,/building/hing-loong-building/2527,shop,direct_link
Hing Lung Commercial Building興隆大廈,/building/hing-lung-commercial-building/13664,shop,direct_link
Hing Tai Commercial Building興泰商業大廈,/building/hing-tai-commercial-building/2525,shop,direct_link
Hing Tin Commercial Centre興田商場,/building/hing-tin-commercial-centre/17116,shop,direct_link
Hing Tung Shopping Centre興東商場,/building/hing-tung-shopping-centre/6075,shop,direct_link
Hing Wah Commercial Building慶華商業大廈,/building/hing-wah-commercial-building/5077,shop,direct_link
Hing Wah Plaza興華廣場,/building/hing-wah-plaza/15607,shop,direct_link
Hing Wai Building興瑋大廈,/building/hing-wai-building/169,shop,direct_link
Hing Wan Commercial Building慶雲商業大廈,/building/hing-wan-commercial-building/7120,shop,direct_link
Hing Yip Commercial Centre興業商業中心,/building/hing-yip-commercial-centre/46,shop,direct_link
Hip Kwan Commercial Building協群商業大廈,/building/hip-kwan-commercial-building/15801,shop,direct_link
Hip Shing Hong Centre協成行中心,/building/hip-shing-hong-centre/35,shop,direct_link
Hip Shing Hong Kowloon Centre協成行九龍中心,/building/hip-shing-hong-kowloon-centre/2951,shop,direct_link
HK Chinese Bank CWB Centre華人銀行東區大廈,/building/hk-chinese-bank-cwb-centre/1619,shop,direct_link
HKPC Building香港生產力促進局,/building/hkpc-building/6784,shop,direct_link
HKSC Tower香港商專大樓,/building/hksc-tower/2704,shop,direct_link
Ho Chuck Centre好爵中心,/building/ho-chuck-centre/14392,shop,direct_link
Ho Fai Commercial Centre Block One豪輝商業中心第一座,/building/ho-fai-commercial-centre-block-one/7170,shop,direct_link
Ho Fai Commercial Centre Block Two豪輝商業中心第二座,/building/ho-fai-commercial-centre-block-two/7168,shop,direct_link
Ho King Commercial Centre好景商業中心,/building/ho-king-commercial-centre/4972,shop,direct_link
Ho King Shopping Centre好景商場,/building/ho-king-shopping-centre/4986,shop,direct_link
Ho Lee Commercial Building好利商業大廈,/building/ho-lee-commercial-building/652,shop,direct_link
Ho Mong Kok Shopping Centre好旺角中心,/building/ho-mong-kok-shopping-centre/5407,shop,direct_link
Ho Shun Lee Shopping Centre好順利商場,/building/ho-shun-lee-shopping-centre/14025,shop,direct_link
Ho Shun Tai Shopping Arcade好順泰商場,/building/ho-shun-tai-shopping-arcade/14957,shop,direct_link
Hody Commercial Building好德商業大廈,/building/hody-commercial-building/6633,shop,direct_link
Hoi Fu Shopping Centre海富商場,/building/hoi-fu-shopping-centre/8857,shop,direct_link
Hoi Kiu Commercial Building開僑商業大廈,/building/hoi-kiu-commercial-building/112,shop,direct_link
Hoi Kwong Arcade海光商場,/building/hoi-kwong-arcade/11781,shop,direct_link
Hoi Lai Shopping Centre海麗商場,/building/hoi-lai-shopping-centre/7198,shop,direct_link
Hoi Ying Building凱英大廈,/building/hoi-ying-building/1821,shop,direct_link
Holford Shopping Centre海福商場,/building/holford-shopping-centre/16930,shop,direct_link
Hollywood Centre荷李活商業中心,/building/hollywood-centre/3714,shop,direct_link
Hollywood Centre荷李活商業中心,/building/hollywood-centre/3612,shop,direct_link
Hollywood Centre荷李活中心,/building/hollywood-centre/400,shop,direct_link
Hollywood Commercial House荷李活商業大廈,/building/hollywood-commercial-house/4134,shop,direct_link
Hollywood House活麟大廈,/building/hollywood-house/3638,shop,direct_link
Hollywood Plaza荷李活商業中心,/building/hollywood-plaza/3004,shop,direct_link
Hollywood Plaza荷李活商業中心,/building/hollywood-plaza/2921,shop,direct_link
Hollywood Shopping Center荷李活購物中心,/building/hollywood-shopping-center/7286,shop,direct_link
Homantin Plaza何文田廣場,/building/homantin-plaza/12883,shop,direct_link
HomeSquare家居廣場,/building/homesquare/7245,shop,direct_link
Hon Hing Commercial Building漢興商業大廈,/building/hon-hing-commercial-building/7965,shop,direct_link
Hon Kwok Jordan Centre漢國佐敦中心,/building/hon-kwok-jordan-centre/3225,shop,direct_link
Honest Building合誠大廈,/building/honest-building/1077,shop,direct_link
Hong King Plaza康景商場,/building/hong-king-plaza/14172,shop,direct_link
Hong Kong & Macau Building寶基大廈,/building/hong-kong-macau-building/108,shop,direct_link
Hong Kong Arts Centre香港藝術中心,/building/hong-kong-arts-centre/2011,shop,direct_link
Hong Kong Diamond Exchange Building香港鑽石會大廈,/building/hong-kong-diamond-exchange-building/1966,shop,direct_link
Hong Kong Garden Commercial Complex豪景花園商場,/building/hong-kong-garden-commercial-complex/17637,shop,direct_link
Hong Kong Health Check Tower香港體檢中心,/building/hong-kong-health-check-tower/2901,shop,direct_link
Hong Kong House香港工商大廈,/building/hong-kong-house/1245,shop,direct_link
Hong Kong Industrial Centre香港工業中心,/building/hong-kong-industrial-centre/3262,shop,direct_link
Hong Kong Jewellery Building香港珠寶大廈,/building/hong-kong-jewellery-building/179,shop,direct_link
Hong Kong Pacific Centre亞太中心,/building/hong-kong-pacific-centre/3431,shop,direct_link
Hong Kong Plaza香港商業中心,/building/hong-kong-plaza/641,shop,direct_link
Hong Kong Plaza香港商業中心,/building/hong-kong-plaza/598,shop,direct_link
Hong Kong Trade Centre香港貿易中心,/building/hong-kong-trade-centre/19,shop,direct_link
Hong Sing Garden Shopping Centre康盛花園購物中心,/building/hong-sing-garden-shopping-centre/16885,shop,direct_link
Hong Xiang Centre鴻翔中心,/building/hong-xiang-centre/357,shop,direct_link
Honland Building康齡大廈,/building/honland-building/6913,shop,direct_link
Honour House金勳大廈,/building/honour-house/2932,shop,direct_link
Honytex Building好利時大廈,/building/honytex-building/4673,shop,direct_link
Hop Shing Commercial Building合誠商業大廈,/building/hop-shing-commercial-building/5576,shop,direct_link
Hop Yick Commercial Centre合益商業中心,/building/hop-yick-commercial-centre/14188,shop,direct_link
Hop Ying Commercial Centre合盈商業中心,/building/hop-ying-commercial-centre/2956,shop,direct_link
Hop Yuen Centre合源中心,/building/hop-yuen-centre/247,shop,direct_link
Hopewell Centre合和中心,/building/hopewell-centre/335,shop,direct_link
Hopewell Mall合和商場,/building/hopewell-mall/17714,shop,direct_link
Horizon Plaza新海怡廣場,/building/horizon-plaza/6182,shop,direct_link
Hoseinee House賀善尼大廈,/building/hoseinee-house/1987,shop,direct_link
Hotel Hart,/building/hotel-hart/6630,shop,direct_link
Houng Sun Building宏生大廈,/building/houng-sun-building/5688,shop,direct_link
Houston Centre好時中心,/building/houston-centre/2660,shop,direct_link
HSBC Building Mongkok旺角匯豐大廈,/building/hsbc-building-mongkok/2981,shop,direct_link
HSBC Building Tsim Sha Tsui尖沙咀滙豐大廈,/building/hsbc-building-tsim-sha-tsui/2853,shop,direct_link
HSBC Building Yuen Long元朗匯豐大廈,/building/hsbc-building-yuen-long/13751,shop,direct_link
Hua Chiao Commercial Centre華僑商業中心,/building/hua-chiao-commercial-centre/2967,shop,direct_link
Hua Fu Commercial Building華富商業大廈,/building/hua-fu-commercial-building/368,shop,direct_link
Hua Qin International Building華秦國際大廈,/building/hua-qin-international-building/194,shop,direct_link
Hub 8八福匯,/building/hub-8/7976,shop,direct_link
Humphrey Plaza堪富利廣場,/building/humphrey-plaza/6027,shop,direct_link
Humphrey's Building堪富利士大廈,/building/humphrey-s-building/6028,shop,direct_link
Hung Hay Building鴻禧大廈,/building/hung-hay-building/4984,shop,direct_link
Hung Kei Mansion鴻基大廈,/building/hung-kei-mansion/3602,shop,direct_link
Hung Tak Building鴻德大廈,/building/hung-tak-building/61,shop,direct_link
Hung To Commercial Building鴻圖商業大廈,/building/hung-to-commercial-building/993,shop,direct_link
Hunghom Bay Centre紅磡灣中心,/building/hunghom-bay-centre/5626,shop,direct_link
Hunghom Commercial Centre A紅磡商業中心A座,/building/hunghom-commercial-centre-a/6374,shop,direct_link
Hunghom Commercial Centre B紅磡商業中心B座,/building/hunghom-commercial-centre-b/6375,shop,direct_link
Hunghom Square紅磡廣場,/building/hunghom-square/6400,shop,direct_link
Hutton Square恒通廣場,/building/hutton-square/13440,shop,direct_link
Hyde Centre海聯大廈,/building/hyde-centre/1175,shop,direct_link
Hysan Place希慎廣場,/building/hysan-place/1325,shop,direct_link
I Do Centre愛都婚紗中心,/building/i-do-centre/17292,shop,direct_link
I UniQ Grand譽東,/building/i-uniq-grand/13119,shop,direct_link
I UniQ Residence譽都,/building/i-uniq-residence/13118,shop,direct_link
IFC mall國際金融中心商場,/building/ifc-mall/10606,shop,direct_link
iHome Centre置家中心,/building/ihome-centre/1004,shop,direct_link
Imperial Building帝國大廈,/building/imperial-building/2305,shop,direct_link
Imperial Cullinan Commercial Podium瓏璽商業廣場,/building/imperial-cullinan-commercial-podium/8842,shop,direct_link
Imperial Terrace俊庭居,/building/imperial-terrace/399,shop,direct_link
In's Point現時點,/building/in-s-point/2854,shop,direct_link
IN-CITI嘉城廣場,/building/in-citi/14322,shop,direct_link
IndiHome Mall樂悠居商場,/building/indihome-mall/7797,shop,direct_link
Infinitus Plaza無限極廣場,/building/infinitus-plaza/69,shop,direct_link
Infinity 8匯八坊,/building/infinity-8/8614,shop,direct_link
Inter-Continental Plaza明輝中心,/building/inter-continental-plaza/2616,shop,direct_link
International Enterprise Centre I國際企業中心一期,/building/international-enterprise-centre-i/17296,shop,direct_link
International Gateway Centre,/building/international-gateway-centre/18023,shop,direct_link
Island Beverley金百利商場,/building/island-beverley/1857,shop,direct_link
Island Beverley金百利中心,/building/island-beverley/1856,shop,direct_link
Island Centre海島中心,/building/island-centre/6930,shop,direct_link
Island Place Tower港運大廈,/building/island-place-tower/1665,shop,direct_link
Island Resort Mall藍灣廣場,/building/island-resort-mall/9748,shop,direct_link
iSQUARE國際廣場,/building/isquare/2899,shop,direct_link
IUKI Tower耀基商業大廈,/building/iuki-tower/5965,shop,direct_link
IVY House愛雲大廈,/building/ivy-house/1988,shop,direct_link
IW Building愛得甫大廈,/building/iw-building/844,shop,direct_link
IW Centre荔枝角道93-95號,/building/iw-centre/7374,shop,direct_link
J Plus,/building/j-plus/13663,shop,direct_link
J Senses,/building/j-senses/1564,shop,direct_link
Jade Centre翡翠中心,/building/jade-centre/1251,shop,direct_link
Jade Commercial Building翠玉樓,/building/jade-commercial-building/2347,shop,direct_link
Jade Court翡翠商場,/building/jade-court/7779,shop,direct_link
Jardine Center渣甸中心,/building/jardine-center/857,shop,direct_link
Java Commercial Centre渣華商業中心,/building/java-commercial-centre/1899,shop,direct_link
Java Road 108 Commercial Centre渣華道108商業中心,/building/java-road-108-commercial-centre/1906,shop,direct_link
JCG Building日本信用大廈,/building/jcg-building/6555,shop,direct_link
JD Mall佐敦薈,/building/jd-mall/2979,shop,direct_link
Jie Yang Building掲陽大廈,/building/jie-yang-building/1020,shop,direct_link
Jing Long Commercial Building景隆商業大廈,/building/jing-long-commercial-building/6136,shop,direct_link
Johnson Centre祥順中心,/building/johnson-centre/7080,shop,direct_link
Johnson Place德昌廣場,/building/johnson-place/4436,shop,direct_link
Jonsim Place中華大廈,/building/jonsim-place/352,shop,direct_link
JOY@KCC悅@KCC,/building/joy-kcc/6825,shop,direct_link
Joyful Garden愉翠苑,/building/joyful-garden/11987,shop,direct_link
JP Plaza翡翠明珠廣場,/building/jp-plaza/1108,shop,direct_link
Jubilant Plaza欣榮商場,/building/jubilant-plaza/5200,shop,direct_link
Jubilee Centre捷利中心,/building/jubilee-centre/6001,shop,direct_link
Jubilee Square銀禧薈,/building/jubilee-square/11125,shop,direct_link
Julimount Garden Shopping Arcade瑞峰花園商場,/building/julimount-garden-shopping-arcade/13964,shop,direct_link
Jumbo Shopping Centre珍寶商場,/building/jumbo-shopping-centre/3945,shop,direct_link
Jupiter Tower永昇中心,/building/jupiter-tower/3780,shop,direct_link
Justen Centre聯美中心,/building/justen-centre/7164,shop,direct_link
K Plus富達廣場,/building/k-plus/14956,shop,direct_link
K-Point錦薈坊,/building/k-point/15520,shop,direct_link
K. Summit嘉峯匯,/building/k-summit/17652,shop,direct_link
K11 Art MallK11購物藝術館,/building/k11-art-mall/6847,shop,direct_link
K11 MuseaK11人文購物藝術館,/building/k11-musea/17700,shop,direct_link
K83,/building/k83/4519,shop,direct_link
Ka Fuk Shopping Centre嘉福商場,/building/ka-fuk-shopping-centre/12962,shop,direct_link
Ka Nin Wah Commercial Building嘉年華商業大廈,/building/ka-nin-wah-commercial-building/1388,shop,direct_link
Ka On Building嘉安大廈,/building/ka-on-building/634,shop,direct_link
Kai Centre百利佳中心,/building/kai-centre/4746,shop,direct_link
Kai Fat Building啟發大廈,/building/kai-fat-building/622,shop,direct_link
Kai Kwong Commercial Building啟光商業大廈,/building/kai-kwong-commercial-building/1028,shop,direct_link
Kai Kwong House啟光行,/building/kai-kwong-house/1991,shop,direct_link
Kai Seng Commercial Centre騏生商業中心,/building/kai-seng-commercial-centre/3432,shop,direct_link
Kai Tak Commercial Building佳德商業大廈,/building/kai-tak-commercial-building/2042,shop,direct_link
Kai Tak Commercial Building啟德商業大廈,/building/kai-tak-commercial-building/31,shop,direct_link
Kai Tak Cruise Terminal啟德郵輪碼頭,/building/kai-tak-cruise-terminal/17648,shop,direct_link
Kai Tak Sports Park啟德體育園,/building/kai-tak-sports-park/17945,shop,direct_link
Kai Tin Shopping Centre啟田商場,/building/kai-tin-shopping-centre/12884,shop,direct_link
Kai Wong Commercial Building啟煌商業大廈,/building/kai-wong-commercial-building/187,shop,direct_link
Kai Yue Commercial Building啟如商業大廈,/building/kai-yue-commercial-building/3112,shop,direct_link
Kailey Tower騏利大廈,/building/kailey-tower/2040,shop,direct_link
Kaiser Centre啟正中心,/building/kaiser-centre/4431,shop,direct_link
Kalok Building家樂樓,/building/kalok-building/2876,shop,direct_link
Kam Chung Building金鐘大廈,/building/kam-chung-building/1500,shop,direct_link
Kam Chung Commercial Building金鐘商業大廈,/building/kam-chung-commercial-building/1367,shop,direct_link
Kam Fai Commercial Building錦輝商業大廈,/building/kam-fai-commercial-building/11485,shop,direct_link
Kam Fung Commercial Building金豐商業大廈,/building/kam-fung-commercial-building/2576,shop,direct_link
Kam Hing Building錦興大廈,/building/kam-hing-building/3233,shop,direct_link
Kam Hong Building錦康樓,/building/kam-hong-building/76,shop,direct_link
Kam Lung Commercial Centre金麟商業中心,/building/kam-lung-commercial-centre/6631,shop,direct_link
Kam Ma Building金馬大廈,/building/kam-ma-building/3498,shop,direct_link
Kam On Building錦安大廈,/building/kam-on-building/205,shop,direct_link
Kam Sang Building錦甡大廈,/building/kam-sang-building/9,shop,direct_link
Kam Shek Commercial Building金石商業大廈,/building/kam-shek-commercial-building/6711,shop,direct_link
Kam Tai Shopping Centre錦泰商場,/building/kam-tai-shopping-centre/12974,shop,direct_link
Kam Tak Building金德樓,/building/kam-tak-building/17581,shop,direct_link
Kam Wing Commercial Building錦榮商業大廈,/building/kam-wing-commercial-building/5227,shop,direct_link
Kam Ying Shopping Centre錦英商場,/building/kam-ying-shopping-centre/12975,shop,direct_link
Kam Yuck Building金玉商場,/building/kam-yuck-building/15559,shop,direct_link
Kamming House金銘樓,/building/kamming-house/215,shop,direct_link
Katherine House嘉芙中心,/building/katherine-house/3196,shop,direct_link
KC100,/building/kc100/6824,shop,direct_link
Kee Shing Centre奇盛中心,/building/kee-shing-centre/6512,shop,direct_link
Kee Shing Commercial Building奇盛商業大廈,/building/kee-shing-commercial-building/6508,shop,direct_link
Keen Hung Commercial Building堅雄商業大廈,/building/keen-hung-commercial-building/354,shop,direct_link
Kelly Commercial Centre基利商業大廈,/building/kelly-commercial-centre/2960,shop,direct_link
Kenbo Commercial Building昆保商業大廈,/building/kenbo-commercial-building/434,shop,direct_link
Kennedy Town Centre Shopping Centre堅城中心商場,/building/kennedy-town-centre-shopping-centre/7778,shop,direct_link
Kennedy Town Commercial Centre堅城商業大廈,/building/kennedy-town-commercial-centre/7869,shop,direct_link
Kensington Plaza金威廣場,/building/kensington-plaza/7128,shop,direct_link
Kerry Centre嘉里中心,/building/kerry-centre/1647,shop,direct_link
Keybond Commercial Building建邦商業大廈,/building/keybond-commercial-building/6593,shop,direct_link
KF88葵芳匯,/building/kf88/3438,shop,direct_link
Khuan Ying Commercial Building群英商業大廈,/building/khuan-ying-commercial-building/1256,shop,direct_link
Kimberley 26,/building/kimberley-26/6542,shop,direct_link
Kimberley House金巴利中心,/building/kimberley-house/6510,shop,direct_link
Kimberley Plaza金巴利廣場,/building/kimberley-plaza/6509,shop,direct_link
Kimley Commercial Building金利商業大廈,/building/kimley-commercial-building/201,shop,direct_link
Kin Lee Building建利大廈,/building/kin-lee-building/1540,shop,direct_link
Kin On Commercial Building建安商業大廈,/building/kin-on-commercial-building/2448,shop,direct_link
Kin Sang Estate Shopping Centre建生商場,/building/kin-sang-estate-shopping-centre/12954,shop,direct_link
Kin Sun House建生樓,/building/kin-sun-house/17452,shop,direct_link
Kin Tak Fung Commercial Building建德豐商業大廈,/building/kin-tak-fung-commercial-building/1406,shop,direct_link
Kin Wing Commercial Building建榮商業大廈,/building/kin-wing-commercial-building/12494,shop,direct_link
King Centre嘉興商業中心,/building/king-centre/3087,shop,direct_link
King Fook Building景福大廈,/building/king-fook-building/66,shop,direct_link
King Lam Shopping Centre景林商場,/building/king-lam-shopping-centre/16884,shop,direct_link
King Star Commercial Centre星皇商業中心,/building/king-star-commercial-centre/6460,shop,direct_link
King Wah Centre瓊華中心,/building/king-wah-centre/2906,shop,direct_link
King's Commercial Building金時商業大廈,/building/king-s-commercial-building/3574,shop,direct_link
King's Commercial Centre景星中心,/building/king-s-commercial-centre/1687,shop,direct_link
King's Park Lane英皇栢麗大道商場,/building/king-s-park-lane/1765,shop,direct_link
Kingdom Power Commercial Building帝權商業大樓,/building/kingdom-power-commercial-building/845,shop,direct_link
Kingpower Commercial Building港佳商業大廈,/building/kingpower-commercial-building/1503,shop,direct_link
Kings Tower擎天廣場,/building/kings-tower/7788,shop,direct_link
Kings Wing Plaza 1京瑞廣場1期,/building/kings-wing-plaza-1/16559,shop,direct_link
Kings Wing Plaza 2京瑞廣場2期,/building/kings-wing-plaza-2/16560,shop,direct_link
Kingsfield Centre嘉昌商業中心,/building/kingsfield-centre/2810,shop,direct_link
Kingswell Commercial Tower金威商業大廈,/building/kingswell-commercial-tower/995,shop,direct_link
Kingswood Richly Plaza嘉湖新北江商場,/building/kingswood-richly-plaza/12938,shop,direct_link
Kinwick Centre建業榮基中心,/building/kinwick-centre/3610,shop,direct_link
Kiu Yin Commercial Building翹賢商業大廈,/building/kiu-yin-commercial-building/988,shop,direct_link
Knapwood Commercial Building世華商業大廈,/building/knapwood-commercial-building/7972,shop,direct_link
Knutsford Commercial Building東港商業大廈,/building/knutsford-commercial-building/6550,shop,direct_link
Ko's House高氏大樓,/building/ko-s-house/3082,shop,direct_link
Kolling Centre開麟中心,/building/kolling-centre/2625,shop,direct_link
KOLOUR荃灣千色匯,/building/kolour/3459,shop,direct_link
KOLOUR Tsuen Wan I荃灣千色匯一期,/building/kolour-tsuen-wan-i/3455,shop,direct_link
KOLOUR Tsuen Wan II荃灣千色匯二期,/building/kolour-tsuen-wan-ii/12287,shop,direct_link
KOLOUR Yuen Long元朗千色匯,/building/kolour-yuen-long/14319,shop,direct_link
Konnect凱聯,/building/konnect/1530,shop,direct_link
Koon Fook Centre冠福中心,/building/koon-fook-centre/6549,shop,direct_link
Kornhill Plaza North康怡廣場北座,/building/kornhill-plaza-north/3163,shop,direct_link
Kornhill Plaza Office Tower康怡廣場辦公大樓,/building/kornhill-plaza-office-tower/3161,shop,direct_link
Kornhill Plaza South康怡廣場南座,/building/kornhill-plaza-south/3165,shop,direct_link
Koshun House高信大廈,/building/koshun-house/2870,shop,direct_link
Kowloon Bay International Trade & Exhibition Centre九龍灣國際展貿中心,/building/kowloon-bay-international-trade-exhibition-centre/7257,shop,direct_link
Kowloon Building九龍行,/building/kowloon-building/2986,shop,direct_link
Kowloon Centre九龍中心,/building/kowloon-centre/4679,shop,direct_link
Kowloon City Plaza九龍城廣場,/building/kowloon-city-plaza/12396,shop,direct_link
Kowloon Investment Building九龍企業大廈,/building/kowloon-investment-building/13444,shop,direct_link
KP Tower錦平中心,/building/kp-tower/1816,shop,direct_link
KT ONE九龍東同創滙,/building/kt-one/4930,shop,direct_link
KTR350觀塘道350號,/building/ktr350/4577,shop,direct_link
Kundamal House金帝行,/building/kundamal-house/3477,shop,direct_link
Kuo Hwa Building國華大樓,/building/kuo-hwa-building/1418,shop,direct_link
Kwai Chung Fa Yuen Shopping Centre葵涌花園商場,/building/kwai-chung-fa-yuen-shopping-centre/7904,shop,direct_link
Kwai Chung Plaza葵涌廣場,/building/kwai-chung-plaza/14385,shop,direct_link
Kwai Fong Commercial Centre葵芳商業中心,/building/kwai-fong-commercial-centre/15099,shop,direct_link
Kwai Fong Plaza葵芳廣場,/building/kwai-fong-plaza/3439,shop,direct_link
Kwai Hung Holdings Centre桂洪集團中心,/building/kwai-hung-holdings-centre/1659,shop,direct_link
Kwai Shing East Shopping Centre葵盛東商場,/building/kwai-shing-east-shopping-centre/14387,shop,direct_link
Kwai Sing Shopping Centre葵星中心商場,/building/kwai-sing-shopping-centre/7903,shop,direct_link
Kwan Chart Tower群策大廈,/building/kwan-chart-tower/8149,shop,direct_link
Kwan Yick Building - Phase I均益大廈第一期,/building/kwan-yick-building-phase-i/778,shop,direct_link
Kwan Yick Building - Phase II均益大廈第二期,/building/kwan-yick-building-phase-ii/810,shop,direct_link
Kwan Yick Building - Phase III均益大廈第三期,/building/kwan-yick-building-phase-iii/596,shop,direct_link
Kwok Kee Group Centre國基集團中心,/building/kwok-kee-group-centre/4604,shop,direct_link
Kwok Kwong Building國光大廈,/building/kwok-kwong-building/3241,shop,direct_link
Kwong Fat Commercial Building廣發商業大廈,/building/kwong-fat-commercial-building/2285,shop,direct_link
Kwong Fat Hong Building廣發行大廈,/building/kwong-fat-hong-building/5713,shop,direct_link
Kwong Fuk Commercial Centre廣福商場,/building/kwong-fuk-commercial-centre/12946,shop,direct_link
Kwong Hing Building廣興大廈,/building/kwong-hing-building/2335,shop,direct_link
Kwong Kee Building廣記大廈,/building/kwong-kee-building/252,shop,direct_link
Kwong On Bank Mongkok Branch Building廣安銀行旺角分行大廈,/building/kwong-on-bank-mongkok-branch-building/2871,shop,direct_link
Kwong Wah Plaza光華廣場,/building/kwong-wah-plaza/11189,shop,direct_link
Kwong Yuen Shopping Centre廣源商場,/building/kwong-yuen-shopping-centre/10669,shop,direct_link
Kwun Tong Harbour Plaza觀塘碼頭廣場,/building/kwun-tong-harbour-plaza/4960,shop,direct_link
Kwun Tong Plaza觀塘廣場,/building/kwun-tong-plaza/5604,shop,direct_link
Kwun Tong Plaza觀塘廣場,/building/kwun-tong-plaza/5591,shop,direct_link
Kwun Tong View觀點中心,/building/kwun-tong-view/4582,shop,direct_link
Kyoei Commercial Building協榮商業大廈,/building/kyoei-commercial-building/3221,shop,direct_link
Kyoto Plaza京都廣場,/building/kyoto-plaza/974,shop,direct_link
La Cite Noble Shopping Arcade新寶城商場,/building/la-cite-noble-shopping-arcade/14783,shop,direct_link
La Verna維納大廈,/building/la-verna/7412,shop,direct_link
Laford Centre勵豐中心,/building/laford-centre/7362,shop,direct_link
Laforet東角,/building/laforet/8683,shop,direct_link
Laguna Arcade麗港中心商場,/building/laguna-arcade/10659,shop,direct_link
Laguna Plaza麗港城商場,/building/laguna-plaza/10661,shop,direct_link
Lai Kok Shopping Centre麗閣商場,/building/lai-kok-shopping-centre/15442,shop,direct_link
Lai Ming Building麗明大廈,/building/lai-ming-building/4859,shop,direct_link
Lai Sun Commercial Centre麗新商業中心,/building/lai-sun-commercial-centre/6309,shop,direct_link
Lai Sun Shopping Mall麗新商場,/building/lai-sun-shopping-mall/6260,shop,direct_link
Lam Kee Building林記大廈,/building/lam-kee-building/3589,shop,direct_link
Lamma Tower藍馬商業大廈,/building/lamma-tower/7078,shop,direct_link
Lan Fong House蘭芳樓,/building/lan-fong-house/2570,shop,direct_link
Lancashire Centre利嘉中心,/building/lancashire-centre/13107,shop,direct_link
Landmark Alexandra置地廣場歷山,/building/landmark-alexandra/1187,shop,direct_link
Landmark Atrium置地廣場中庭,/building/landmark-atrium/219,shop,direct_link
Landmark Chater置地廣場遮打,/building/landmark-chater/1189,shop,direct_link
Landmark North上水廣場,/building/landmark-north/6598,shop,direct_link
Landmark North上水廣場,/building/landmark-north/6594,shop,direct_link
Landmark North 2上水廣場二期,/building/landmark-north-2/17464,shop,direct_link
Landmark Prince's置地廣場太子,/building/landmark-prince-s/1188,shop,direct_link
Landwide Commercial Building業廣商業大廈,/building/landwide-commercial-building/2719,shop,direct_link
Lane Up,/building/lane-up/16358,shop,direct_link
Laneway聯薈,/building/laneway/15339,shop,direct_link
Langham Place朗豪坊,/building/langham-place/3145,shop,direct_link
Langham Place Office Tower朗豪坊辦公大樓,/building/langham-place-office-tower/3155,shop,direct_link
Lansing House聯成大廈,/building/lansing-house/181,shop,direct_link
Lap Fai Building立輝大廈,/building/lap-fai-building/2141,shop,direct_link
Lap Poon Building立本大廈,/building/lap-poon-building/599,shop,direct_link
Le Diamant金鑽壐,/building/le-diamant/2915,shop,direct_link
Leader Commercial Building利雅商業大廈,/building/leader-commercial-building/3232,shop,direct_link
Lee Bo Shopping Centre利寶商場,/building/lee-bo-shopping-centre/16987,shop,direct_link
Lee Chau Commercial Building利就商業大廈,/building/lee-chau-commercial-building/6637,shop,direct_link
Lee Garden Eight利園商場八期,/building/lee-garden-eight/18131,shop,direct_link
Lee Garden Five利園五期,/building/lee-garden-five/6343,shop,direct_link
Lee Garden One利園商場一期,/building/lee-garden-one/6339,shop,direct_link
Lee Garden Six利園六期,/building/lee-garden-six/1072,shop,direct_link
Lee Garden Three利園商場三期,/building/lee-garden-three/17608,shop,direct_link
Lee Garden Two利園二期,/building/lee-garden-two/1635,shop,direct_link
Lee Garden Two利園商場二期,/building/lee-garden-two/1634,shop,direct_link
Lee Kar Building利嘉大廈,/building/lee-kar-building/5709,shop,direct_link
Lee Kee Commercial Building利基商業大廈,/building/lee-kee-commercial-building/214,shop,direct_link
Lee Kiu Building利僑大廈,/building/lee-kiu-building/3547,shop,direct_link
Lee Kong Commercial Building利廣商業大廈,/building/lee-kong-commercial-building/6665,shop,direct_link
Lee Kum Kee Central中環李錦記,/building/lee-kum-kee-central/43,shop,direct_link
Lee Loong Building利隆大廈,/building/lee-loong-building/3605,shop,direct_link
Lee Man Commercial Building利文商業大廈,/building/lee-man-commercial-building/13662,shop,direct_link
Lee May Building利美大廈,/building/lee-may-building/3017,shop,direct_link
Lee Roy Commercial Building利來商業大廈,/building/lee-roy-commercial-building/3608,shop,direct_link
Lee Theatre Plaza利舞臺廣場,/building/lee-theatre-plaza/5757,shop,direct_link
Lee Tung Avenue囍匯商場,/building/lee-tung-avenue/273,shop,direct_link
Lee Wai Commercial Building利威商業大廈,/building/lee-wai-commercial-building/6634,shop,direct_link
Lee West Commercial Building利威商業大廈,/building/lee-west-commercial-building/1428,shop,direct_link
Lei Cheng Uk Shopping Centre李鄭屋商場,/building/lei-cheng-uk-shopping-centre/17537,shop,direct_link
Lei Tung Commercial Centre利東商場,/building/lei-tung-commercial-centre/13007,shop,direct_link
Leighton Centre禮頓中心,/building/leighton-centre/1076,shop,direct_link
Leighton Centre禮頓中心,/building/leighton-centre/1068,shop,direct_link
Leung King Plaza良景廣場,/building/leung-king-plaza/12955,shop,direct_link
Li Dong Building利東大廈,/building/li-dong-building/5663,shop,direct_link
Li Yuen Building利源大廈,/building/li-yuen-building/4152,shop,direct_link
Liberte昇悅居,/building/liberte/10444,shop,direct_link
Liberte Place昇悅商場,/building/liberte-place/7373,shop,direct_link
Liberty Mansion寶輝閣,/building/liberty-mansion/3537,shop,direct_link
Life@KCC活＠KCC,/building/life-kcc/6834,shop,direct_link
Light & Salt House,/building/light-salt-house/5642,shop,direct_link
Lime Stardom形品．星寓,/building/lime-stardom/17680,shop,direct_link
Lin Fook House蓮福商業大廈,/building/lin-fook-house/879,shop,direct_link
Lions Rise Mall現崇山商場,/building/lions-rise-mall/11565,shop,direct_link
Lippo Centre力寶中心,/building/lippo-centre/1117,shop,direct_link
Lippo Leighton Tower力寶禮頓大廈,/building/lippo-leighton-tower/1078,shop,direct_link
Lippo Sun Plaza力寶太陽廣場,/building/lippo-sun-plaza/2297,shop,direct_link
LKF 29雲咸街29號,/building/lkf-29/1975,shop,direct_link
LL Tower,/building/ll-tower/9612,shop,direct_link
Lloyds Commercial Centre萊德商業中心,/building/lloyds-commercial-centre/2523,shop,direct_link
Lockhart Centre洛克中心,/building/lockhart-centre/985,shop,direct_link
Loke Yew Building陸佑行,/building/loke-yew-building/193,shop,direct_link
Lokville Commercial Building樂輝商業大廈,/building/lokville-commercial-building/7241,shop,direct_link
Long Kee Mansion龍記大廈,/building/long-kee-mansion/3493,shop,direct_link
Long Ping Commercial Centre朗屏商場,/building/long-ping-commercial-centre/12932,shop,direct_link
Longfield Centre朗輝中心,/building/longfield-centre/17453,shop,direct_link
Loon Kee Building龍記大廈,/building/loon-kee-building/57,shop,direct_link
Loong Wan Building隆運大廈,/building/loong-wan-building/1098,shop,direct_link
Loyong Court Commercial Building洛洋閣商業大廈,/building/loyong-court-commercial-building/989,shop,direct_link
LT Tower,/building/lt-tower/7331,shop,direct_link
Lu Plaza振萬廣場,/building/lu-plaza/4847,shop,direct_link
Lucky Building六基大廈,/building/lucky-building/1238,shop,direct_link
Lucky Centre樂基中心,/building/lucky-centre/2249,shop,direct_link
Lucky Commercial Centre樂基商業中心,/building/lucky-commercial-centre/851,shop,direct_link
Lucky Plaza駱基中心,/building/lucky-plaza/1053,shop,direct_link
Lucky Plaza Shopping Centre好運中心商場,/building/lucky-plaza-shopping-centre/15611,shop,direct_link
Luen On House聯安樓,/building/luen-on-house/10258,shop,direct_link
Luk Yeung Galleria綠楊坊,/building/luk-yeung-galleria/15571,shop,direct_link
Luk Yu Building陸羽大廈,/building/luk-yu-building/2036,shop,direct_link
Lung Hang Commercial Centre隆亨商場,/building/lung-hang-commercial-centre/12046,shop,direct_link
Lyndhurst Tower一號廣場,/building/lyndhurst-tower/3735,shop,direct_link
Ma On Shan Centre Arcade馬鞍山中心商場,/building/ma-on-shan-centre-arcade/12870,shop,direct_link
Ma On Shan Plaza馬鞍山廣場,/building/ma-on-shan-plaza/9502,shop,direct_link
Macau Yat Yuen Centre澳門逸園中心,/building/macau-yat-yuen-centre/1414,shop,direct_link
MacPherson Place麥花臣匯,/building/macpherson-place/14740,shop,direct_link
Mainslit Building萬事利大廈,/building/mainslit-building/2033,shop,direct_link
Maintown Plaza名都廣場,/building/maintown-plaza/12037,shop,direct_link
Mainway Court明威閣,/building/mainway-court/12502,shop,direct_link
Majestic Square旺角方,/building/majestic-square/14690,shop,direct_link
Malahon Centre萬利豐中心,/building/malahon-centre/2041,shop,direct_link
Malaysia Building馬來西亞大廈,/building/malaysia-building/1151,shop,direct_link
Mall Plus,/building/mall-plus/1434,shop,direct_link
Man Cheung Building萬祥大廈,/building/man-cheung-building/1978,shop,direct_link
Man Fung Building萬豐大廈,/building/man-fung-building/16947,shop,direct_link
Man Hing Commercial Building萬興商業大廈,/building/man-hing-commercial-building/178,shop,direct_link
Man Kee Mansion萬基大廈,/building/man-kee-mansion/6709,shop,direct_link
Man Lok Building文樂商業大廈,/building/man-lok-building/13665,shop,direct_link
Man Man Mansion人人大廈,/building/man-man-mansion/855,shop,direct_link
Man On Commercial Building萬安商業大廈,/building/man-on-commercial-building/4269,shop,direct_link
Man Yee Arcade萬宜大廈商場,/building/man-yee-arcade/71,shop,direct_link
Mandarin Commercial House文華商業大廈,/building/mandarin-commercial-house/2256,shop,direct_link
Manhattan Mid-Town曼坊,/building/manhattan-mid-town/16428,shop,direct_link
Manley Tower萬利中心,/building/manley-tower/6317,shop,direct_link
Manly Commercial Building萬利商業大廈,/building/manly-commercial-building/11407,shop,direct_link
Manly Plaza萬利廣場,/building/manly-plaza/1773,shop,direct_link
Manning House萬年大廈,/building/manning-house/238,shop,direct_link
Manning House萬年大廈,/building/manning-house/141,shop,direct_link
Manor Centre Shopping Arcade美居中心商場,/building/manor-centre-shopping-arcade/7037,shop,direct_link
Manson House文遜大廈,/building/manson-house/2881,shop,direct_link
Mansun House萬新大廈,/building/mansun-house/5431,shop,direct_link
Manulife Financial Centre宏利金融中心,/building/manulife-financial-centre/4942,shop,direct_link
Marbella Mall迎濤灣商場,/building/marbella-mall/12873,shop,direct_link
Marble 33馬寶學林,/building/marble-33/6144,shop,direct_link
Marina House海天廣場,/building/marina-house/6048,shop,direct_link
Marina Square East Centre海怡東廣場,/building/marina-square-east-centre/9774,shop,direct_link
Marina Square West海怡廣場西翼,/building/marina-square-west/9773,shop,direct_link
Maritime Square青衣城,/building/maritime-square/12488,shop,direct_link
Mary Building誠信大廈,/building/mary-building/6869,shop,direct_link
Mass Resources Development Building宏貿發展大廈,/building/mass-resources-development-building/6026,shop,direct_link
Mau Lam Commercial Building茂林商業大廈,/building/mau-lam-commercial-building/10627,shop,direct_link
Max Commercial Centre名成商業中心,/building/max-commercial-centre/5435,shop,direct_link
Max Share Centre上潤中心,/building/max-share-centre/1686,shop,direct_link
Maxgrand Plaza萬廸廣場,/building/maxgrand-plaza/7919,shop,direct_link
Maxi Base城市金庫,/building/maxi-base/2803,shop,direct_link
Maxi Mall城市中心商場,/building/maxi-mall/2770,shop,direct_link
Maxwell Centre麥仕維中心,/building/maxwell-centre/3430,shop,direct_link
May Gar Commercial Building美嘉商業大廈,/building/may-gar-commercial-building/6934,shop,direct_link
May May Building美美大廈,/building/may-may-building/2937,shop,direct_link
Maya曦臺,/building/maya/4689,shop,direct_link
Mayfair Gardens美景花園,/building/mayfair-gardens/16976,shop,direct_link
Mayfair Lane逸瓏坊,/building/mayfair-lane/16258,shop,direct_link
McDonald's Building麥當勞大廈,/building/mcdonald-s-building/1620,shop,direct_link
MCP Central新都城中心二期商場,/building/mcp-central/11560,shop,direct_link
MCP Discovery新都城中心三期商場,/building/mcp-discovery/11561,shop,direct_link
MCP One新都城中心一期商場,/building/mcp-one/15596,shop,direct_link
MediLink Square美迪寧廣場,/building/medilink-square/2927,shop,direct_link
Mega Cube創豪坊,/building/mega-cube/4499,shop,direct_link
Mega Cube創豪坊,/building/mega-cube/4498,shop,direct_link
MegaBox,/building/megabox/5244,shop,direct_link
Mei Foo Sun Chuen Stage 4 Shopping Centre美孚新邨四期商場,/building/mei-foo-sun-chuen-stage-4-shopping-centre/13672,shop,direct_link
Mei Lam Commercial Centre美林商場,/building/mei-lam-commercial-centre/11501,shop,direct_link
Mei Shing Mansion美城大廈,/building/mei-shing-mansion/511,shop,direct_link
Mei Sun Lau美新樓商場,/building/mei-sun-lau/777,shop,direct_link
Melbourne Plaza萬邦行,/building/melbourne-plaza/237,shop,direct_link
Melbourne Plaza萬邦行,/building/melbourne-plaza/147,shop,direct_link
Memoir Centre民華中心,/building/memoir-centre/17408,shop,direct_link
Mercer 9孖沙街9號,/building/mercer-9/4275,shop,direct_link
Merlin Building美輪樓,/building/merlin-building/5680,shop,direct_link
Merlin Centre美寧中心,/building/merlin-centre/13003,shop,direct_link
Mert Commercial Building紀華商業大廈,/building/mert-commercial-building/17585,shop,direct_link
Methodist House循道衛理大廈,/building/methodist-house/1404,shop,direct_link
Metro 6城中匯,/building/metro-6/11931,shop,direct_link
Metro Harbour Plaza港灣豪庭廣場,/building/metro-harbour-plaza/11196,shop,direct_link
Metro Sham Shui深之都,/building/metro-sham-shui/6259,shop,direct_link
Metro South Tower 1都會中心1座,/building/metro-south-tower-1/17718,shop,direct_link
Metro Town都會駅,/building/metro-town/16462,shop,direct_link
Metroplaza新都會廣場,/building/metroplaza/3442,shop,direct_link
Metroplaza Tower 1新都會廣場1座,/building/metroplaza-tower-1/3440,shop,direct_link
Metropole新都城百貨,/building/metropole/1784,shop,direct_link
Metropole Building國都大廈,/building/metropole-building/6868,shop,direct_link
Metropolis Plaza新都廣場,/building/metropolis-plaza/12911,shop,direct_link
Metropolitan Rise金都豪苑,/building/metropolitan-rise/5204,shop,direct_link
MG 162偉業街162號,/building/mg-162/17402,shop,direct_link
Michaelson House萬高商業大廈,/building/michaelson-house/7293,shop,direct_link
Midland Financial Building美聯金融大廈,/building/midland-financial-building/3151,shop,direct_link
Midland Plaza中源廣場,/building/midland-plaza/183,shop,direct_link
Mikiki,/building/mikiki/6909,shop,direct_link
Millennium City 1 - Tower 1創紀之城1期 - 第一座,/building/millennium-city-1-tower-1/4580,shop,direct_link
Millennium City 2創紀之城2期,/building/millennium-city-2/4585,shop,direct_link
Millennium City 3創紀之城3期,/building/millennium-city-3/4583,shop,direct_link
Millennium City 5 - BEA Tower創紀之城5期 - 東亞銀行中心,/building/millennium-city-5-bea-tower/4584,shop,direct_link
Millennium City 6創紀之城6期,/building/millennium-city-6/4581,shop,direct_link
Millennium Trade Centre貿易之都,/building/millennium-trade-centre/6827,shop,direct_link
Minden House棉登大廈,/building/minden-house/5228,shop,direct_link
Ming Fat Building明發大廈,/building/ming-fat-building/1257,shop,direct_link
Ming Tak Shopping Centre明德商場,/building/ming-tak-shopping-centre/17230,shop,direct_link
Mira Place I美麗華廣場一期,/building/mira-place-i/2972,shop,direct_link
Mira Place II美麗華廣場二期,/building/mira-place-ii/2857,shop,direct_link
Mira Place Tower A美麗華廣場A座,/building/mira-place-tower-a/2991,shop,direct_link
Mirador Arcade美麗都大廈商場,/building/mirador-arcade/3028,shop,direct_link
Mirage Tower萬利中心,/building/mirage-tower/2577,shop,direct_link
MOD 595,/building/mod-595/6953,shop,direct_link
Mody House麼地大廈,/building/mody-house/2667,shop,direct_link
MOKO新世紀廣場,/building/moko/6906,shop,direct_link
Monarch House II大華商業大廈,/building/monarch-house-ii/1419,shop,direct_link
Mong Kok New Town Mall旺角新之城,/building/mong-kok-new-town-mall/17720,shop,direct_link
Mongkok City Centre旺角城市中心,/building/mongkok-city-centre/7272,shop,direct_link
Mongkok Commercial Centre旺角商業大廈,/building/mongkok-commercial-centre/3153,shop,direct_link
Mongkok Computer Centre旺角電腦中心,/building/mongkok-computer-centre/14746,shop,direct_link
Mongkok Harbour Centre旺角海景中心,/building/mongkok-harbour-centre/5187,shop,direct_link
Mongkok Metro旺角新城,/building/mongkok-metro/2995,shop,direct_link
Monterey Place,/building/monterey-place/12864,shop,direct_link
Morecrown Commercial Building冠貿商業大廈,/building/morecrown-commercial-building/2781,shop,direct_link
Morrison Commercial Building摩利臣商業大廈,/building/morrison-commercial-building/2254,shop,direct_link
Morrison Place駿逸峰,/building/morrison-place/10320,shop,direct_link
Morrison Plaza天樂廣場,/building/morrison-plaza/2252,shop,direct_link
MOSTown (Phase 5)新港城中心5期,/building/mostown-phase-5/9503,shop,direct_link
MOSTown Street (Phase 1)新港城中心大街1期,/building/mostown-street-phase-1/12366,shop,direct_link
MOSTown Street (Phase 2)新港城中心大街2期,/building/mostown-street-phase-2/12365,shop,direct_link
MOSTown Street (Phase 3)新港城中心大街3期,/building/mostown-street-phase-3/12367,shop,direct_link
Mount Sterling Mall萬事達廣場,/building/mount-sterling-mall/14443,shop,direct_link
MPM Plaza旺角文華商場,/building/mpm-plaza/5440,shop,direct_link
Multifield Centre萬事昌中心,/building/multifield-centre/5190,shop,direct_link
Multifield Plaza萬事昌廣場,/building/multifield-plaza/3481,shop,direct_link
MW Plaza金巴利道40號,/building/mw-plaza/6536,shop,direct_link
MW Tower,/building/mw-tower/13661,shop,direct_link
MW Tower II,/building/mw-tower-ii/7441,shop,direct_link
N.S.K. Centre成坤廣場,/building/n-s-k-centre/10501,shop,direct_link
Nam Cheong Place Market南昌薈,/building/nam-cheong-place-market/12992,shop,direct_link
Nam Hing Fong南慶坊,/building/nam-hing-fong/6064,shop,direct_link
Nam Pak Hong Building南北行大廈,/building/nam-pak-hong-building/3583,shop,direct_link
Nam Wo Hong Building南和行大廈,/building/nam-wo-hong-building/2535,shop,direct_link
Nan Dao Commercial Building南島商業大廈,/building/nan-dao-commercial-building/176,shop,direct_link
Nan Fung Centre南豐中心,/building/nan-fung-centre/13714,shop,direct_link
Nan Fung Centre南豐中心,/building/nan-fung-centre/13709,shop,direct_link
Nan Fung Commercial Centre南豐商業中心,/building/nan-fung-commercial-centre/6565,shop,direct_link
Nan Fung Place,/building/nan-fung-place/94,shop,direct_link
Nan Fung Plaza南豐廣場,/building/nan-fung-plaza/12847,shop,direct_link
Nan On Commercial Building南安商業大廈,/building/nan-on-commercial-building/15670,shop,direct_link
Nanyang Commercial Bank Building南洋商業銀行大廈,/building/nanyang-commercial-bank-building/77,shop,direct_link
Nathan Centre彌敦中心,/building/nathan-centre/2992,shop,direct_link
Nathan Commercial Building彌敦商業大廈,/building/nathan-commercial-building/3022,shop,direct_link
Nathan Hill銀座38,/building/nathan-hill/3217,shop,direct_link
Nathan Tower彌敦行,/building/nathan-tower/2950,shop,direct_link
Neich Tower祥豐大廈,/building/neich-tower/1154,shop,direct_link
New Capital Computer Plaza新高登電腦廣埸,/building/new-capital-computer-plaza/7038,shop,direct_link
New Century Plaza新世紀廣場,/building/new-century-plaza/2209,shop,direct_link
New City又一新城,/building/new-city/15713,shop,direct_link
New Hennessy Tower新軒尼詩大廈,/building/new-hennessy-tower/1427,shop,direct_link
New Henry House新顯利大廈,/building/new-henry-house/1288,shop,direct_link
New Jade Shopping Arcade新翠商場,/building/new-jade-shopping-arcade/12375,shop,direct_link
New Kowloon Plaza新九龍廣場,/building/new-kowloon-plaza/4795,shop,direct_link
New Kowloon Plaza新九龍廣場,/building/new-kowloon-plaza/4789,shop,direct_link
New Landwide Commercial Building新業廣商業大廈,/building/new-landwide-commercial-building/6513,shop,direct_link
New Mandarin Plaza新文華中心,/building/new-mandarin-plaza/3106,shop,direct_link
New Town Commercial Arcade新都商場,/building/new-town-commercial-arcade/15517,shop,direct_link
New Town Plaza Phase 1新城市廣場 (第一期),/building/new-town-plaza-phase-1/6479,shop,direct_link
New Town Plaza Phase 2新城市廣場 (第二期),/building/new-town-plaza-phase-2/6480,shop,direct_link
New Town Plaza Phase 3新城市廣場 (第三期),/building/new-town-plaza-phase-3/6481,shop,direct_link
New Town Tower新城市商業大廈,/building/new-town-tower/6487,shop,direct_link
New Trend Centre新時代工貿商業中心,/building/new-trend-centre/6239,shop,direct_link
New World Tower新世界大廈,/building/new-world-tower/228,shop,direct_link
New World Tower 1新世界大廈一座,/building/new-world-tower-1/149,shop,direct_link
New World Tower 2新世界大廈二座,/building/new-world-tower-2/150,shop,direct_link
New York House紐約行,/building/new-york-house/127,shop,direct_link
Nexxus Building盈置大廈,/building/nexxus-building/95,shop,direct_link
Ngai Wong Commercial Building藝旺商業大廈,/building/ngai-wong-commercial-building/14684,shop,direct_link
Ngan House顏氏大廈,/building/ngan-house/53,shop,direct_link
Nina Mall 1如心廣場1,/building/nina-mall-1/7795,shop,direct_link
Nina Mall 2如心廣場2,/building/nina-mall-2/7219,shop,direct_link
Nob Hill Square盈暉薈,/building/nob-hill-square/14347,shop,direct_link
Noble Square華貴坊,/building/noble-square/13014,shop,direct_link
North Cape Commercial Building北港商業大廈,/building/north-cape-commercial-building/1689,shop,direct_link
North East Commercial Building東北商業大廈,/building/north-east-commercial-building/13634,shop,direct_link
North Point Asia-Pac Centre北角亞太廣場,/building/north-point-asia-pac-centre/1097,shop,direct_link
novi逸新,/building/novi/12207,shop,direct_link
No Image Available,/building/novo-walk/17638,shop,direct_link
O.T.B. Building海外銀行大廈,/building/o-t-b-building/49,shop,direct_link
Oasis Place,/building/oasis-place/17044,shop,direct_link
OCBC Wing Hang Tower華橋永亨大廈,/building/ocbc-wing-hang-tower/160,shop,direct_link
Ocean Building華海廣場,/building/ocean-building/5186,shop,direct_link
Ocean Centre海洋中心,/building/ocean-centre/2286,shop,direct_link
Ocean Shores維景灣畔,/building/ocean-shores/16615,shop,direct_link
Oceania Heights海典軒,/building/oceania-heights/16955,shop,direct_link
Odeon Plaza國賓商場,/building/odeon-plaza/4398,shop,direct_link
OfficePlus @Mong Kok協成行旺角中心,/building/officeplus-mong-kok/2333,shop,direct_link
OfficePlus @Prince Edward協成行太子中心,/building/officeplus-prince-edward/3005,shop,direct_link
OfficePlus @Sheung Wan協成行上環中心,/building/officeplus-sheung-wan/2539,shop,direct_link
OfficePlus @Wan Chai協成行灣仔中心,/building/officeplus-wan-chai/1399,shop,direct_link
Oi Man Plaza愛民商場,/building/oi-man-plaza/8588,shop,direct_link
Oi Tung Shopping Centre愛東商場,/building/oi-tung-shopping-centre/16421,shop,direct_link
OLIV,/building/oliv/2065,shop,direct_link
Olympia Plaza國都廣場,/building/olympia-plaza/1790,shop,direct_link
Olympia Plaza國都廣場,/building/olympia-plaza/1669,shop,direct_link
Olympian City 1奧海城1期,/building/olympian-city-1/8812,shop,direct_link
Olympian City 2奧海城2期,/building/olympian-city-2/8845,shop,direct_link
Olympian City 3奧海城3期,/building/olympian-city-3/11557,shop,direct_link
Omega Plaza歐美廣場,/building/omega-plaza/3088,shop,direct_link
On Building皇后大道中158-164號,/building/on-building/263,shop,direct_link
On Hing Building安慶大廈,/building/on-hing-building/2142,shop,direct_link
On Hong Commercial Building安康商業大廈,/building/on-hong-commercial-building/1390,shop,direct_link
On Hong Ning Commercial Building安康寧商業大廈,/building/on-hong-ning-commercial-building/2890,shop,direct_link
On Lan Centre中安大廈,/building/on-lan-centre/8174,shop,direct_link
On Lee Building安利大廈,/building/on-lee-building/2962,shop,direct_link
On Lok Yuen Building安樂園大廈,/building/on-lok-yuen-building/33,shop,direct_link
On Loong Commercial Building安隆商業大廈,/building/on-loong-commercial-building/1022,shop,direct_link
On Tin Centre安田中心,/building/on-tin-centre/5399,shop,direct_link
On Yip Commercial Building安業商業大廈,/building/on-yip-commercial-building/5136,shop,direct_link
One Capital Place海德中心,/building/one-capital-place/2089,shop,direct_link
One Chinachem Central華懋中心I期,/building/one-chinachem-central/92,shop,direct_link
One Continental恒匯中心,/building/one-continental/2187,shop,direct_link
One Humphreys堪富利士道1號,/building/one-humphreys/6031,shop,direct_link
One Hysan Avenue希慎道一號,/building/one-hysan-avenue/6344,shop,direct_link
One Knutsford諾士佛臺一號,/building/one-knutsford/6547,shop,direct_link
One Mong Kok Road Commercial Centre旺角道壹號商業中心,/building/one-mong-kok-road-commercial-centre/6554,shop,direct_link
One New York,/building/one-new-york/3398,shop,direct_link
One North朗壹廣場,/building/one-north/17455,shop,direct_link
One North Tower 1朗壹廣場第一座,/building/one-north-tower-1/17751,shop,direct_link
One North Tower 2朗壹廣場第二座,/building/one-north-tower-2/17752,shop,direct_link
One Peking北京道一號,/building/one-peking/6870,shop,direct_link
One Portside宏基中心一期,/building/one-portside/7920,shop,direct_link
One Sky Mall天一商城,/building/one-sky-mall/16775,shop,direct_link
One Vista Summit匯賢一號．雋峰,/building/one-vista-summit/16368,shop,direct_link
One Vista Supreme匯賢一號．雋朗,/building/one-vista-supreme/17483,shop,direct_link
Onshine Commercial Building朗盈商業大廈,/building/onshine-commercial-building/10512,shop,direct_link
Onward Building康佑大廈,/building/onward-building/3051,shop,direct_link
OP Mall海之戀商場,/building/op-mall/7220,shop,direct_link
Optimall百悅坊,/building/optimall/6752,shop,direct_link
Opulent Building德興大廈,/building/opulent-building/1371,shop,direct_link
Ori豐連,/building/ori/14465,shop,direct_link
Oriental 188 Shopping Centre東方188商場,/building/oriental-188-shopping-centre/2227,shop,direct_link
Oriental Centre安年大廈,/building/oriental-centre/3199,shop,direct_link
Oriental Crystal Finance Centre中晶金融中心,/building/oriental-crystal-finance-centre/3198,shop,direct_link
Oriental House東方大廈,/building/oriental-house/3150,shop,direct_link
Overseas Trust Bank Building海外信託銀行大廈,/building/overseas-trust-bank-building/1179,shop,direct_link
Overseas Trust Bank Building海外信託銀行大廈,/building/overseas-trust-bank-building/754,shop,direct_link
OVEST永樂街77號,/building/ovest/2540,shop,direct_link
Oxford Commercial Building晉利商業大廈,/building/oxford-commercial-building/2947,shop,direct_link
Pacific House太平行,/building/pacific-house/151,shop,direct_link
Pacific Place太古廣場,/building/pacific-place/1119,shop,direct_link
Pacific Plaza太平洋廣場,/building/pacific-plaza/848,shop,direct_link
Pacific Plaza太平洋廣場,/building/pacific-plaza/774,shop,direct_link
Pacific Star Building海星大廈,/building/pacific-star-building/2324,shop,direct_link
Pak Shing Building百誠大廈,/building/pak-shing-building/3540,shop,direct_link
Pak Tin Shopping Centre白田購物中心,/building/pak-tin-shopping-centre/15558,shop,direct_link
Pakpolee Commercial Centre百寶利商業中心,/building/pakpolee-commercial-centre/7270,shop,direct_link
Palm Springs Plaza加州花園廣場,/building/palm-springs-plaza/17619,shop,direct_link
Pan Asia Centre泛亞中心,/building/pan-asia-centre/4964,shop,direct_link
Panda Place悅來坊,/building/panda-place/12930,shop,direct_link
Papillons Square翩匯坊,/building/papillons-square/12863,shop,direct_link
Paradise Mall杏花新城,/building/paradise-mall/12845,shop,direct_link
Paradise Square百利達廣場,/building/paradise-square/12501,shop,direct_link
Parekh House巴力大廈,/building/parekh-house/1995,shop,direct_link
Paris London New York Cinema Shopping Centre巴黎倫敦紐約戲院購物中心,/building/paris-london-new-york-cinema-shopping-centre/16456,shop,direct_link
Park 15百達行,/building/park-15/2720,shop,direct_link
Park Aura亨環·天后,/building/park-aura/2756,shop,direct_link
Park Avenue Tower百富中心,/building/park-avenue-tower/1845,shop,direct_link
Park Central將軍澳中心,/building/park-central/12877,shop,direct_link
Park Commercial Centre百樂商業中心,/building/park-commercial-centre/1868,shop,direct_link
Park Hovan Commercial Building栢豪商業大廈,/building/park-hovan-commercial-building/3229,shop,direct_link
Park Ivy奧朗‧御峯,/building/park-ivy/13210,shop,direct_link
Park Summit Shopping Centre奧柏．御峰購物商場,/building/park-summit-shopping-centre/17687,shop,direct_link
Park Tsuen Commercial Building百萬行商業大廈,/building/park-tsuen-commercial-building/13713,shop,direct_link
Parker 33柏匯,/building/parker-33/12386,shop,direct_link
Parker House百佳大廈,/building/parker-house/174,shop,direct_link
Parkes Commercial Building嘉士商業大廈,/building/parkes-commercial-building/7134,shop,direct_link
Parkes Commercial Centre柏嘉商業中心,/building/parkes-commercial-centre/7122,shop,direct_link
Parklane Building柏聯樓,/building/parklane-building/253,shop,direct_link
Parklane Shoppers Boulevard栢麗購物大道,/building/parklane-shoppers-boulevard/2893,shop,direct_link
Parkside Mall,/building/parkside-mall/12859,shop,direct_link
Parkvale Commercial Podium柏惠苑購物商場,/building/parkvale-commercial-podium/17647,shop,direct_link
Parkview Centre柏景中心,/building/parkview-centre/6220,shop,direct_link
Parkview Commercial Building百威商業大廈,/building/parkview-commercial-building/3101,shop,direct_link
Parkview House百匯行,/building/parkview-house/17462,shop,direct_link
Pearl House Shopping Centre龍珠商場,/building/pearl-house-shopping-centre/6922,shop,direct_link
Pearl Oriental House明珠行,/building/pearl-oriental-house/2039,shop,direct_link
Pearl Oriental Tower明珠廣場,/building/pearl-oriental-tower/2985,shop,direct_link
Pedder Building畢打行,/building/pedder-building/1280,shop,direct_link
Peninsula Centre半島中心,/building/peninsula-centre/2657,shop,direct_link
Peninsula East,/building/peninsula-east/17079,shop,direct_link
Peninsula Square半島廣場,/building/peninsula-square/6490,shop,direct_link
Pennington Commercial Building邊寧頓商業大廈,/building/pennington-commercial-building/3414,shop,direct_link
Perfect Commercial Building必發商業大廈,/building/perfect-commercial-building/4376,shop,direct_link
Perfect Commercial Building保發商業大廈,/building/perfect-commercial-building/2740,shop,direct_link
Perfect Mount Garden峻峰花園,/building/perfect-mount-garden/14927,shop,direct_link
Peter Building振邦大廈,/building/peter-building/177,shop,direct_link
Phoenix Apartments鳳嗚大廈,/building/phoenix-apartments/885,shop,direct_link
Pico Tower筆克大廈,/building/pico-tower/1161,shop,direct_link
Pilkem Commercial Centre百利金商業中心,/building/pilkem-commercial-centre/8022,shop,direct_link
Ping Lam Commercial Building平霖商業大廈,/building/ping-lam-commercial-building/1019,shop,direct_link
Pioneer Centre始創中心,/building/pioneer-centre/2982,shop,direct_link
Pioneer Centre始創中心,/building/pioneer-centre/2925,shop,direct_link
Place 1818廣場,/building/place-18/7191,shop,direct_link
Playwell Commercial Building仲威商業大廈,/building/playwell-commercial-building/1219,shop,direct_link
Plaza 20002000廣場,/building/plaza-2000/3738,shop,direct_link
Plaza 328328廣場,/building/plaza-328/6441,shop,direct_link
Plaza 88楊屋道88號,/building/plaza-88/7810,shop,direct_link
Plaza Hollywood荷里活廣場,/building/plaza-hollywood/12912,shop,direct_link
PLOVER COVE Shopping Arcade寶湖商場,/building/plover-cove-shopping-arcade/12949,shop,direct_link
Po Cheong Commercial Building寶昌商業大廈,/building/po-cheong-commercial-building/3474,shop,direct_link
Po Hei Court Commercial Centre寶熙苑商場,/building/po-hei-court-commercial-centre/12998,shop,direct_link
Po Lam Shopping Centre寶林商場,/building/po-lam-shopping-centre/16883,shop,direct_link
Po On Commercial Building寶安商業大廈,/building/po-on-commercial-building/2941,shop,direct_link
Po Tin Shopping Centre寶田商場,/building/po-tin-shopping-centre/17068,shop,direct_link
Po Wah Commercial Centre寶華商業中心,/building/po-wah-commercial-centre/1410,shop,direct_link
Po Yick Building普益商會大廈,/building/po-yick-building/2464,shop,direct_link
Po Yip Building布業大廈,/building/po-yip-building/12267,shop,direct_link
Po Yip Commercial Building寶業商業大廈,/building/po-yip-commercial-building/6670,shop,direct_link
Podium Plaza普基商業中心,/building/podium-plaza/6851,shop,direct_link
PopCorn,/building/popcorn/12918,shop,direct_link
PopCorn 2,/building/popcorn-2/12857,shop,direct_link
PopWalk天晉滙,/building/popwalk/12861,shop,direct_link
PopWalk 2天晉滙 2,/building/popwalk-2/12921,shop,direct_link
Port Centre利港商場,/building/port-centre/13786,shop,direct_link
Portland 180+砵蘭 180+,/building/portland-180/5466,shop,direct_link
Pottinger House寶城大廈,/building/pottinger-house/2134,shop,direct_link
Prat Commercial Building寶勒商業大廈,/building/prat-commercial-building/3483,shop,direct_link
President Commercial Centre總統商業大廈,/building/president-commercial-centre/2983,shop,direct_link
Prestige Tower彩星中心,/building/prestige-tower/2993,shop,direct_link
Prince Commercial Building太子商業大廈,/building/prince-commercial-building/6928,shop,direct_link
Prince Edward The Lamma City太子藍馬之城,/building/prince-edward-the-lamma-city/3018,shop,direct_link
Prince Tower太子集團大廈,/building/prince-tower/3418,shop,direct_link
Prince's Building太子大廈,/building/prince-s-building/1194,shop,direct_link
Printing House印刷行,/building/printing-house/1965,shop,direct_link
Professional Building建康大廈,/building/professional-building/1869,shop,direct_link
Progress Commercial Building欣榮商業大廈,/building/progress-commercial-building/6006,shop,direct_link
Prosper Commercial Building興發商業大廈,/building/prosper-commercial-building/13175,shop,direct_link
Prosperity Building德發商場,/building/prosperity-building/14736,shop,direct_link
Prosperity Centre嘉富商業中心,/building/prosperity-centre/2303,shop,direct_link
Prosperity Commercial Building中興商業大廈,/building/prosperity-commercial-building/2966,shop,direct_link
Prosperity Place泓富廣場,/building/prosperity-place/7015,shop,direct_link
Prosperous Building裕昌大廈,/building/prosperous-building/11,shop,direct_link
Prosperous Commercial Building富盛商業大廈,/building/prosperous-commercial-building/853,shop,direct_link
Prosperous Garden Shopping Centre駿發花園商場,/building/prosperous-garden-shopping-centre/14951,shop,direct_link
Prudential Centre恒豐中心,/building/prudential-centre/2923,shop,direct_link
Public Bank Centre大眾銀行中心,/building/public-bank-centre/55,shop,direct_link
Punfet Building番發大廈,/building/punfet-building/17745,shop,direct_link
Punfet Building番發大廈,/building/punfet-building/2934,shop,direct_link
QRE Plaza皇后大道東202,/building/qre-plaza/355,shop,direct_link
Qualipak Tower確利達中心,/building/qualipak-tower/631,shop,direct_link
Queen's Centre帝后商業中心,/building/queen-s-centre/358,shop,direct_link
Queen's Tower皇后商業大廈,/building/queen-s-tower/4259,shop,direct_link
Queensway Plaza金鐘廊,/building/queensway-plaza/1118,shop,direct_link
R&T Centre納東中心,/building/r-t-centre/8072,shop,direct_link
Radio City電業城,/building/radio-city/1383,shop,direct_link
Rammon House金德行,/building/rammon-house/7280,shop,direct_link
Real Sight Commercial Building利際商業大廈,/building/real-sight-commercial-building/6692,shop,direct_link
Redana Centre丹納中心,/building/redana-centre/6057,shop,direct_link
Redhill Plaza紅山廣場,/building/redhill-plaza/11098,shop,direct_link
Regal Airport Hotel富豪機場酒店,/building/regal-airport-hotel/16967,shop,direct_link
Regal Dragon Centre龍匯商業大廈,/building/regal-dragon-centre/6689,shop,direct_link
Regent Centre勵精中心,/building/regent-centre/142,shop,direct_link
Regentville Shopping Mall帝庭軒購物商場,/building/regentville-shopping-mall/15635,shop,direct_link
Remex Centre利美中心,/building/remex-centre/3836,shop,direct_link
Remington Centre利登中心,/building/remington-centre/4739,shop,direct_link
Rhine Garden海韻花園商場,/building/rhine-garden/13701,shop,direct_link
Rice Merchants Building米行大廈,/building/rice-merchants-building/618,shop,direct_link
Rich China Center中富中心,/building/rich-china-center/4699,shop,direct_link
Rich Towers富峰行,/building/rich-towers/7115,shop,direct_link
Richland Gardens Shopping Centre麗晶花園購物中心,/building/richland-gardens-shopping-centre/4494,shop,direct_link
Richmake Commercial Building致富商業大廈,/building/richmake-commercial-building/206,shop,direct_link
Richmond Commercial Building皆旺商業大廈,/building/richmond-commercial-building/3157,shop,direct_link
Richmond Plaza金利文廣場,/building/richmond-plaza/1488,shop,direct_link
Rife House賚孚商廈,/building/rife-house/8176,shop,direct_link
Righteous Centre富時中心,/building/righteous-centre/2964,shop,direct_link
Rightful Centre興富中心,/building/rightful-centre/6567,shop,direct_link
Rise Commercial Building利時商業大廈,/building/rise-commercial-building/7488,shop,direct_link
Rise Shopping Mall利時商場,/building/rise-shopping-mall/17744,shop,direct_link
Ritz Plaza麗斯中心,/building/ritz-plaza/2717,shop,direct_link
RIVA Shopping Arcade爾巒商場,/building/riva-shopping-arcade/16984,shop,direct_link
Royal Commercial Centre凱豪商業中心,/building/royal-commercial-centre/7121,shop,direct_link
Ruby Commercial Building鴻寶商業大廈,/building/ruby-commercial-building/2970,shop,direct_link
S. B. Commercial Building森基商業大廈,/building/s-b-commercial-building/3002,shop,direct_link
Sai Sha GO PARK西沙GO PARK,/building/sai-sha-go-park/17994,shop,direct_link
Sai Wan Ho Plaza西灣河中心,/building/sai-wan-ho-plaza/13084,shop,direct_link
Sam Shing Shopping Centre三聖商場,/building/sam-shing-shopping-centre/12957,shop,direct_link
San Kei Tower新基商業中心,/building/san-kei-tower/1626,shop,direct_link
San Po Kong Plaza新蒲崗廣場,/building/san-po-kong-plaza/15129,shop,direct_link
San Toi Building三台大廈,/building/san-toi-building/106,shop,direct_link
Sands Building新聲大廈,/building/sands-building/3433,shop,direct_link
Sang Fat Commercial House生發商業大廈,/building/sang-fat-commercial-house/7953,shop,direct_link
Sang Woo Building生和大廈,/building/sang-woo-building/1165,shop,direct_link
Sau Mau Ping Shopping Centre秀茂坪商場,/building/sau-mau-ping-shopping-centre/16470,shop,direct_link
Savannah Place,/building/savannah-place/16877,shop,direct_link
Saxon Tower西頓中心,/building/saxon-tower/8020,shop,direct_link
Sceneway Plaza匯景廣場,/building/sceneway-plaza/15025,shop,direct_link
Sea Bird House四寶大廈,/building/sea-bird-house/1969,shop,direct_link
Seabright Plaza秀明中心,/building/seabright-plaza/2809,shop,direct_link
Season Commercial Building時財商業大廈,/building/season-commercial-building/6024,shop,direct_link
Seaview Commercial Building海景商業大廈,/building/seaview-commercial-building/640,shop,direct_link
Seaview Plaza海景廣場,/building/seaview-plaza/13108,shop,direct_link
Sen Fat Building順發樓,/building/sen-fat-building/13631,shop,direct_link
Shan King Shopping Centre山景商場,/building/shan-king-shopping-centre/12958,shop,direct_link
Shanghai Centre上海中心,/building/shanghai-centre/5188,shop,direct_link
Shanghai Commercial Bank Building上海商業銀行大廈,/building/shanghai-commercial-bank-building/17463,shop,direct_link
Shanghai Industrial Investment Building上海實業大廈,/building/shanghai-industrial-investment-building/1385,shop,direct_link
Shatin Centre沙田中心,/building/shatin-centre/15610,shop,direct_link
Shatin Fun City沙田娛樂城,/building/shatin-fun-city/11349,shop,direct_link
Shatin Galleria沙田商業中心,/building/shatin-galleria/7258,shop,direct_link
Shatin Park Stage 1花園城第一期商場,/building/shatin-park-stage-1/12984,shop,direct_link
Shatin Park Stage 2花園城第二期商場,/building/shatin-park-stage-2/14368,shop,direct_link
Shatin Park Stage 3花園城第三期商場,/building/shatin-park-stage-3/14369,shop,direct_link
Shatin Plaza沙田廣場,/building/shatin-plaza/6485,shop,direct_link
Shek Lei Shopping Centre Phase I石籬商場一期,/building/shek-lei-shopping-centre-phase-i/17112,shop,direct_link
Shek Lei Shopping Centre Phase II石籬商場二期,/building/shek-lei-shopping-centre-phase-ii/15252,shop,direct_link
Shek Pai Wan Shopping Centre石排灣商場,/building/shek-pai-wan-shopping-centre/16427,shop,direct_link
Shek Wai Kok Shopping Centre石圍角商場,/building/shek-wai-kok-shopping-centre/17121,shop,direct_link
Shek Yam Shopping Centre石蔭商場,/building/shek-yam-shopping-centre/7627,shop,direct_link
Sheung Shui Centre Shopping Arcade上水中心,/building/sheung-shui-centre-shopping-arcade/12868,shop,direct_link
Sheung Shui Town Shopping Centre上水名都商場,/building/sheung-shui-town-shopping-centre/12865,shop,direct_link
Shin Yat Tong Centre善一堂中心,/building/shin-yat-tong-centre/10625,shop,direct_link
Shing Hing Commercial Building誠興商業大廈,/building/shing-hing-commercial-building/2560,shop,direct_link
Shing Lee Commercial Building誠利商業大廈,/building/shing-lee-commercial-building/2561,shop,direct_link
Shing Lee Shopping Arcade誠利商場,/building/shing-lee-shopping-arcade/17432,shop,direct_link
Shing Shun Building誠信商業大廈,/building/shing-shun-building/13730,shop,direct_link
Shinyam Commercial Building勝任商業大廈,/building/shinyam-commercial-building/1577,shop,direct_link
Shiu Fung Commercial Building兆豐商業大廈,/building/shiu-fung-commercial-building/1576,shop,direct_link
Shiu Fung Hong Building兆豐行大廈,/building/shiu-fung-hong-building/2524,shop,direct_link
Shouson Place壽臣山廣場,/building/shouson-place/9720,shop,direct_link
Shui Sing Building瑞星商業大樓,/building/shui-sing-building/6269,shop,direct_link
Shum Tower岑氏商業大廈,/building/shum-tower/29,shop,direct_link
Shun Feng International Centre順豐國際中心,/building/shun-feng-international-centre/359,shop,direct_link
Shun Fook Barn順福糧倉,/building/shun-fook-barn/17819,shop,direct_link
Shun Hei Causeway Bay Centre順禧銅鑼灣中心,/building/shun-hei-causeway-bay-centre/992,shop,direct_link
Shun Ho Tower順豪商業大廈,/building/shun-ho-tower/1289,shop,direct_link
Shun Kwong Commercial Building信光商業大廈,/building/shun-kwong-commercial-building/847,shop,direct_link
Shun Lee Commercial Building順利商業大廈,/building/shun-lee-commercial-building/3326,shop,direct_link
Shun On Commercial Building順安商業大廈,/building/shun-on-commercial-building/47,shop,direct_link
Shun Pont Commercial Building信邦商業大廈,/building/shun-pont-commercial-building/2579,shop,direct_link
Shun Tak Centre信德中心商場,/building/shun-tak-centre/100,shop,direct_link
Shun Tak Centre China Merchants Tower信德中心招商局大廈,/building/shun-tak-centre-china-merchants-tower/120,shop,direct_link
Si Toi Commercial Building時代商業大廈,/building/si-toi-commercial-building/630,shop,direct_link
Siberian Building西伯利亞大廈,/building/siberian-building/87,shop,direct_link
Siki Centre兆基商業中心,/building/siki-centre/861,shop,direct_link
Silicon Lane優景里,/building/silicon-lane/17892,shop,direct_link
Silver Commercial Building銀都商業大廈,/building/silver-commercial-building/2914,shop,direct_link
Silver Fortune Plaza荊威廣場,/building/silver-fortune-plaza/1239,shop,direct_link
Silvercord新港中心,/building/silvercord/2319,shop,direct_link
Silvercord Tower 1新港中心第一座,/building/silvercord-tower-1/2298,shop,direct_link
Silvercord Tower 2新港中心第二座,/building/silvercord-tower-2/2299,shop,direct_link
Silvercorp International Tower銀高國際大廈,/building/silvercorp-international-tower/2990,shop,direct_link
SilverSea Place銀海坊,/building/silversea-place/8841,shop,direct_link
Silverstrand Mart銀線灣廣場,/building/silverstrand-mart/10863,shop,direct_link
SIM City星際城市,/building/sim-city/15046,shop,direct_link
Simsons Commercial Building新盛商業大廈,/building/simsons-commercial-building/1582,shop,direct_link
Sin Tat Plaza先達廣場,/building/sin-tat-plaza/3130,shop,direct_link
Sing Ho Finance Building信和財務大廈,/building/sing-ho-finance-building/1168,shop,direct_link
Sing Kui Commercial Building星衢商業大廈,/building/sing-kui-commercial-building/758,shop,direct_link
Sing Shun Centre誠信中心,/building/sing-shun-centre/3297,shop,direct_link
Singga Commercial Centre成基商業中心,/building/singga-commercial-centre/642,shop,direct_link
Singwa Commercial Building盛華商業大廈,/building/singwa-commercial-building/7126,shop,direct_link
Sino Centre信和中心,/building/sino-centre/2984,shop,direct_link
Sino Centre信和中心,/building/sino-centre/2926,shop,direct_link
Sino Cheer Plaza新寶廣場,/building/sino-cheer-plaza/3550,shop,direct_link
Sino Plaza信和廣場,/building/sino-plaza/1142,shop,direct_link
Sitoy Tower時代中心,/building/sitoy-tower/4913,shop,direct_link
Siu On Building兆安大廈,/building/siu-on-building/814,shop,direct_link
Siu On Centre兆安中心,/building/siu-on-centre/981,shop,direct_link
Siu On Plaza兆安廣場,/building/siu-on-plaza/1508,shop,direct_link
Siu Sai Wan Plaza小西灣廣場,/building/siu-sai-wan-plaza/9741,shop,direct_link
Siu Ying Commercial Building兆英商業大廈,/building/siu-ying-commercial-building/175,shop,direct_link
Skyline Plaza灣景廣場,/building/skyline-plaza/7210,shop,direct_link
Skyline Tower嘉禮大廈,/building/skyline-tower/6805,shop,direct_link
Skyway Centre天威中心,/building/skyway-centre/438,shop,direct_link
SL Ginza樹林銀座,/building/sl-ginza/2786,shop,direct_link
Smart A田灣商場,/building/smart-a/13008,shop,direct_link
Smart A薈學坊,/building/smart-a/6920,shop,direct_link
Smartland荃薈,/building/smartland/5337,shop,direct_link
Smiling Plaza天悅廣場,/building/smiling-plaza/3311,shop,direct_link
Smiling Shau Kei Wan Plaza天悅筲箕灣廣場,/building/smiling-shau-kei-wan-plaza/11797,shop,direct_link
So Hong Commercial Building蘇杭商業大廈,/building/so-hong-commercial-building/2450,shop,direct_link
SOGO崇光百貨,/building/sogo/2681,shop,direct_link
SOGO (CWB)銅鑼灣崇光百貨,/building/sogo-cwb/1352,shop,direct_link
Soho 77文咸東街77號,/building/soho-77/13666,shop,direct_link
Soho Tower尊豪坊,/building/soho-tower/6639,shop,direct_link
SOHO West,/building/soho-west/18063,shop,direct_link
SOLO Building匯理商業大廈,/building/solo-building/5707,shop,direct_link
SOMPTUEUX AUSTIN,/building/somptueux-austin/2734,shop,direct_link
Somptueux Central,/building/somptueux-central/1250,shop,direct_link
Soundwill Plaza金朝陽中心,/building/soundwill-plaza/6010,shop,direct_link
Soundwill Plaza II Midtown金朝陽中心二期,/building/soundwill-plaza-ii-midtown/6129,shop,direct_link
South Asia Commercial Centre南益商業中心,/building/south-asia-commercial-centre/7181,shop,direct_link
South China Building南華大廈,/building/south-china-building/1982,shop,direct_link
South Seas Centre南洋中心,/building/south-seas-centre/2669,shop,direct_link
Southern Commercial Building修頓商業大廈,/building/southern-commercial-building/2085,shop,direct_link
Southgate Commercial Centre信基商業中心,/building/southgate-commercial-centre/2626,shop,direct_link
Southland Building南源大廈,/building/southland-building/104,shop,direct_link
Southmark Tower A南匯廣場A座,/building/southmark-tower-a/3790,shop,direct_link
Southmark Tower B南匯廣場B座,/building/southmark-tower-b/3791,shop,direct_link
Southorn Centre修頓中心,/building/southorn-centre/1423,shop,direct_link
SPA Centre恆澤商業中心,/building/spa-centre/978,shop,direct_link
Spark City俊薈,/building/spark-city/17593,shop,direct_link
Spark City Mong Kok俊薈旺角,/building/spark-city-mong-kok/17891,shop,direct_link
Spark City To Kwa Wan俊薈土瓜灣,/building/spark-city-to-kwa-wan/6384,shop,direct_link
Spot上水滙,/building/spot/6601,shop,direct_link
Springdale Villas御庭居,/building/springdale-villas/17663,shop,direct_link
Springfield Garden春暉花園,/building/springfield-garden/17621,shop,direct_link
Square Mile利奧坊,/building/square-mile/14468,shop,direct_link
St John's Building聖約翰大廈,/building/st-john-s-building/1292,shop,direct_link
Stanley Plaza赤柱廣場,/building/stanley-plaza/10940,shop,direct_link
Star Ferry Pier (Central)天星渡輪碼頭（中環）,/building/star-ferry-pier-central/17853,shop,direct_link
Star Ferry Pier (Wanchai)天星渡輪碼頭（灣仔）,/building/star-ferry-pier-wanchai/17854,shop,direct_link
Star House星光行,/building/star-house/2684,shop,direct_link
Star House星光行,/building/star-house/2683,shop,direct_link
Star Ruby寶御,/building/star-ruby/15015,shop,direct_link
Station 21豉油街21C號,/building/station-21/11413,shop,direct_link
Stelux House寶光商業中心,/building/stelux-house/6240,shop,direct_link
Stone Rise二百昊,/building/stone-rise/3057,shop,direct_link
Strand 50,/building/strand-50/13658,shop,direct_link
Strand 71,/building/strand-71/3593,shop,direct_link
Style House - The Park Lane前線觸覺-柏寧酒店,/building/style-house-the-park-lane/17628,shop,direct_link
Success Centre成功中心‎,/building/success-centre/11475,shop,direct_link
Success Commercial Building守時商業大廈,/building/success-commercial-building/1405,shop,direct_link
Suen Yue Building信裕大廈,/building/suen-yue-building/3584,shop,direct_link
Sugar+糖+,/building/sugar/17289,shop,direct_link
Sui Tai Wai Kee Plaza瑞泰偉基商業廣場,/building/sui-tai-wai-kee-plaza/4752,shop,direct_link
Sui Wo Court Commercial Centre穗禾苑商場,/building/sui-wo-court-commercial-centre/12985,shop,direct_link
Summit Insurance Building健峰保險大廈,/building/summit-insurance-building/2955,shop,direct_link
Sun Chui Shopping Centre新翠商場,/building/sun-chui-shopping-centre/12986,shop,direct_link
Sun Fai Commercial Centre新輝商業中心,/building/sun-fai-commercial-centre/6929,shop,direct_link
Sun Hing Building新興大廈,/building/sun-hing-building/2996,shop,direct_link
Sun Hing Steel Furniture Commercial Building新興鋼具商業大廈,/building/sun-hing-steel-furniture-commercial-building/6796,shop,direct_link
Sun House大新行,/building/sun-house/12,shop,direct_link
Sun Hung Kai Centre新鴻基中心,/building/sun-hung-kai-centre/2023,shop,direct_link
Sun Shine Centre長盛中心,/building/sun-shine-centre/5411,shop,direct_link
Sun Tin Wai Commercial Centre新田圍商場,/building/sun-tin-wai-commercial-centre/12988,shop,direct_link
Sunbeam Commercial Building新光商業大廈,/building/sunbeam-commercial-building/2989,shop,direct_link
Sunbeam Plaza日升廣場,/building/sunbeam-plaza/2357,shop,direct_link
Sunny House永盛大廈,/building/sunny-house/4148,shop,direct_link
Sunshine Plaza陽光廣場,/building/sunshine-plaza/6491,shop,direct_link
Sunshine Plaza三湘大廈,/building/sunshine-plaza/983,shop,direct_link
Sunward Commercial Building朝光商業大廈,/building/sunward-commercial-building/17888,shop,direct_link
SUP Tower聯合出版大廈,/building/sup-tower/1680,shop,direct_link
Supreme Commercial Building榮馳商業大廈,/building/supreme-commercial-building/1650,shop,direct_link
Supreme House首邦行,/building/supreme-house/6632,shop,direct_link
Surson Commercial Building瑞信集團大廈,/building/surson-commercial-building/2721,shop,direct_link
Sze Lai Building詩禮大廈,/building/sze-lai-building/1417,shop,direct_link
T.O.P,/building/t-o-p/3070,shop,direct_link
Tack Building德享大廈,/building/tack-building/3575,shop,direct_link
Tai Hing Commercial Centre大興商場,/building/tai-hing-commercial-centre/12960,shop,direct_link
Tai Hung Fai (Tsuen Wan) Centre大鴻輝(荃灣)中心,/building/tai-hung-fai-tsuen-wan-centre/3458,shop,direct_link
Tai Kwun大館,/building/tai-kwun/17602,shop,direct_link
Tai Nam Commercial Building大南商業大廈,/building/tai-nam-commercial-building/15308,shop,direct_link
Tai On Building (Sai Wan Ho)太安樓商場,/building/tai-on-building-sai-wan-ho/13090,shop,direct_link
Tai Po Commercial Centre大埔商業中心,/building/tai-po-commercial-centre/14426,shop,direct_link
Tai Po Mega Mall大埔超級城,/building/tai-po-mega-mall/12852,shop,direct_link
Tai Po Plaza大埔廣場,/building/tai-po-plaza/14854,shop,direct_link
Tai Sang Bank Building大生銀行大廈,/building/tai-sang-bank-building/2946,shop,direct_link
Tai Sang Bank Building大生銀行大廈,/building/tai-sang-bank-building/50,shop,direct_link
Tai Shing Commercial (Yaumatei) Building泰盛商業(油麻地)大樓,/building/tai-shing-commercial-yaumatei-building/2958,shop,direct_link
Tai Wo Commercial Building泰和商業大廈,/building/tai-wo-commercial-building/2900,shop,direct_link
Tai Wo Hau Shopping Centre大窩口商場,/building/tai-wo-hau-shopping-centre/15358,shop,direct_link
Tai Wo Plaza太和廣場,/building/tai-wo-plaza/12897,shop,direct_link
Tai Wong Commercial Building大皇商業大廈,/building/tai-wong-commercial-building/383,shop,direct_link
Tai Yau Plaza大有廣場,/building/tai-yau-plaza/1565,shop,direct_link
Tai Yip Building大業大廈,/building/tai-yip-building/2581,shop,direct_link
Tai Yuen Commercial Centre大元商場,/building/tai-yuen-commercial-centre/7710,shop,direct_link
Tak Fung Building德豐大廈,/building/tak-fung-building/606,shop,direct_link
Tak Lee Commercial Building得利商業大廈,/building/tak-lee-commercial-building/2245,shop,direct_link
Tak Sing Alliance Building達成商業大廈,/building/tak-sing-alliance-building/3210,shop,direct_link
Tak Tin Plaza德田廣場,/building/tak-tin-plaza/16468,shop,direct_link
Tak Woo House德和大廈,/building/tak-woo-house/654,shop,direct_link
TAL Building聯業大廈,/building/tal-building/2714,shop,direct_link
Tat Lee Commercial Building達利商業大廈,/building/tat-lee-commercial-building/3090,shop,direct_link
Taurus Building德立大廈,/building/taurus-building/2621,shop,direct_link
TBG Mall得寶商場,/building/tbg-mall/11584,shop,direct_link
Teda Building泰達大廈,/building/teda-building/2543,shop,direct_link
Telecom Digital Tower電訊數碼大樓,/building/telecom-digital-tower/7180,shop,direct_link
Telecom House電訊大廈,/building/telecom-house/1164,shop,direct_link
Telford House德福大廈,/building/telford-house/4551,shop,direct_link
Telford Plaza德福廣場,/building/telford-plaza/4956,shop,direct_link
Temple Mall黃大仙中心,/building/temple-mall/12909,shop,direct_link
Teng Fuh Commercial Building登富商業大廈,/building/teng-fuh-commercial-building/159,shop,direct_link
Terminal 1 - Hong Kong International Airport香港國際機場一號客運大樓,/building/terminal-1-hong-kong-international-airport/11537,shop,direct_link
Tern Centre Tower 1太興中心第一座,/building/tern-centre-tower-1/157,shop,direct_link
Tern Centre Tower 2太興中心第二座,/building/tern-centre-tower-2/155,shop,direct_link
Tern Commercial Building太興商業大廈,/building/tern-commercial-building/2628,shop,direct_link
Tern Plaza太興廣場,/building/tern-plaza/3509,shop,direct_link
Tesbury Centre金鐘匯中心,/building/tesbury-centre/363,shop,direct_link
TG Place電訊一代廣場,/building/tg-place/7018,shop,direct_link
The 388 Place肇如大廈,/building/the-388-place/7030,shop,direct_link
The 80I20偉業街161號,/building/the-80i20/4963,shop,direct_link
The Addition家壹,/building/the-addition/7073,shop,direct_link
The Aperture皓日,/building/the-aperture/17631,shop,direct_link
The Arcade Cyberport數碼港商場,/building/the-arcade-cyberport/7501,shop,direct_link
The Arles星凱‧堤岸,/building/the-arles/11166,shop,direct_link
The Broadway博匯大廈,/building/the-broadway/984,shop,direct_link
The Burrow彩虹道212號,/building/the-burrow/17793,shop,direct_link
The Cameron金馬倫道33號,/building/the-cameron/3501,shop,direct_link
The Campton,/building/the-campton/18120,shop,direct_link
The Capital首都廣場,/building/the-capital/3213,shop,direct_link
The Chelsea蘇杭街69號,/building/the-chelsea/2457,shop,direct_link
The Chinese Bank Building華人銀行大廈,/building/the-chinese-bank-building/24,shop,direct_link
The Dairy Farm Beach Shopping Mall牛奶公司購物商場,/building/the-dairy-farm-beach-shopping-mall/10884,shop,direct_link
The Elegance at Sheraton喜來登典雅坊,/building/the-elegance-at-sheraton/2826,shop,direct_link
The Forest,/building/the-forest/14742,shop,direct_link
The Forum渣打財富管理中心,/building/the-forum/1201,shop,direct_link
The Galleria嘉軒廣場,/building/the-galleria/236,shop,direct_link
No Image Available,/building/the-golden-gate/12948,shop,direct_link
The Goldmark黃金廣場,/building/the-goldmark/1377,shop,direct_link
The Goldmark黃金廣場,/building/the-goldmark/1351,shop,direct_link
The Harvest豐怡中心,/building/the-harvest/3046,shop,direct_link
The Hedon,/building/the-hedon/17505,shop,direct_link
The Henley,/building/the-henley/17887,shop,direct_link
The Hennessy軒尼詩道256號,/building/the-hennessy/1369,shop,direct_link
The Hub業勤街23號,/building/the-hub/6789,shop,direct_link
The Jade Plaza玉器交易廣場,/building/the-jade-plaza/2360,shop,direct_link
The L.Place,/building/the-l-place/200,shop,direct_link
The L.Plaza,/building/the-l-plaza/199,shop,direct_link
The L.Square,/building/the-l-square/1048,shop,direct_link
The Laguna Mall海逸坊,/building/the-laguna-mall/9007,shop,direct_link
the Link Wellington威靈頓街108-110號,/building/the-link-wellington/1235,shop,direct_link
The LohasThe LOHAS康城,/building/the-lohas/16260,shop,direct_link
The Long Beach Commerical Podium浪澄灣商業廣場,/building/the-long-beach-commerical-podium/8840,shop,direct_link
The Loop威靈頓街33號,/building/the-loop/1240,shop,direct_link
The Mangan萬勤商業大廈,/building/the-mangan/3506,shop,direct_link
The Millennity,/building/the-millennity/17683,shop,direct_link
The Mills,/building/the-mills/11571,shop,direct_link
The Nate,/building/the-nate/10368,shop,direct_link
The One,/building/the-one/2898,shop,direct_link
The Pacifica Mall宇晴滙,/building/the-pacifica-mall/10872,shop,direct_link
The Parkville天生樓,/building/the-parkville/16455,shop,direct_link
The Peak Galleria山頂廣場,/building/the-peak-galleria/9281,shop,direct_link
The Peak Tower凌霄閣,/building/the-peak-tower/9284,shop,direct_link
The Pemberton柏廷坊,/building/the-pemberton/13656,shop,direct_link
The Phoenix,/building/the-phoenix/2088,shop,direct_link
The Plaza LKF,/building/the-plaza-lkf/648,shop,direct_link
The Pulse,/building/the-pulse/10885,shop,direct_link
The Rainbow虹方,/building/the-rainbow/17004,shop,direct_link
The Rays瀝洋,/building/the-rays/4756,shop,direct_link
The Repulse Bay Arcade影灣園商場,/building/the-repulse-bay-arcade/7587,shop,direct_link
The Rockpool石塘坊,/building/the-rockpool/775,shop,direct_link
The Sharp,/building/the-sharp/2064,shop,direct_link
The Southside港島南岸,/building/the-southside/17866,shop,direct_link
The Sparkle星匯居,/building/the-sparkle/12107,shop,direct_link
The Steps H CodeH Code 低座,/building/the-steps-h-code/2129,shop,direct_link
The Sun Arcade新太陽廣場,/building/the-sun-arcade/2332,shop,direct_link
The Sun's Group Centre新銀集團中心,/building/the-sun-s-group-centre/1171,shop,direct_link
The Tonnochy,/building/the-tonnochy/1531,shop,direct_link
The Toy House彩星集團大廈,/building/the-toy-house/2301,shop,direct_link
The Twin Peaks嘉悅,/building/the-twin-peaks/16875,shop,direct_link
The Vertex Arcade睿峰商場,/building/the-vertex-arcade/18067,shop,direct_link
No Image Available,/building/the-visionary/16671,shop,direct_link
The Voeux德輔道中心,/building/the-voeux/63,shop,direct_link
The Wai圍方,/building/the-wai/17889,shop,direct_link
The Waterside Shopping Mall雅濤居購物商場,/building/the-waterside-shopping-mall/12872,shop,direct_link
The Wave興業街4號,/building/the-wave/7886,shop,direct_link
The Wave彌敦道184號,/building/the-wave/3023,shop,direct_link
The Wellington威靈頓街184-198號,/building/the-wellington/1234,shop,direct_link
The Westwood西寶城,/building/the-westwood/7843,shop,direct_link
The WOL和安里4-5號,/building/the-wol/10259,shop,direct_link
The Workstation擺花街43號,/building/the-workstation/3734,shop,direct_link
THF (Yuen Long) Commercial Building大鴻輝(元朗)商廈,/building/thf-yuen-long-commercial-building/7075,shop,direct_link
THF Mall大鴻輝(香港仔)中心,/building/thf-mall/13784,shop,direct_link
Thomson Centre卓信商業大廈,/building/thomson-centre/2578,shop,direct_link
Thomson Commercial Building威利商業大廈,/building/thomson-commercial-building/2583,shop,direct_link
Thyrse House太富商業大廈,/building/thyrse-house/2140,shop,direct_link
Tien Chu Commercial Building天廚商業大廈,/building/tien-chu-commercial-building/1170,shop,direct_link
Tiffan Tower天輝中心,/building/tiffan-tower/2234,shop,direct_link
Times Media Centre卓凌中心,/building/times-media-centre/2246,shop,direct_link
Times Square時代廣場,/building/times-square/6160,shop,direct_link
Times Tower時代中心,/building/times-tower/6306,shop,direct_link
Times Tower新時代中心,/building/times-tower/1507,shop,direct_link
Tin On Sing Commercial Building天安城商業大廈,/building/tin-on-sing-commercial-building/5944,shop,direct_link
Tin Ping Shopping Centre天平商場,/building/tin-ping-shopping-centre/17125,shop,direct_link
Tin Tsz Shopping Centre天慈商場,/building/tin-tsz-shopping-centre/12942,shop,direct_link
Tin Wan Shopping Centre田灣商場,/building/tin-wan-shopping-centre/17933,shop,direct_link
Tin Yiu Plaza天耀廣場,/building/tin-yiu-plaza/12941,shop,direct_link
TKO Gateway,/building/tko-gateway/12896,shop,direct_link
TKO Spot,/building/tko-spot/12895,shop,direct_link
Toi Shan Association Building台山商會大廈,/building/toi-shan-association-building/1368,shop,direct_link
Toi Shan Centre台山中心,/building/toi-shan-centre/1578,shop,direct_link
Top Hit Plaza名店廣場,/building/top-hit-plaza/776,shop,direct_link
Topside Residences高臨,/building/topside-residences/17666,shop,direct_link
Tower 188軒尼詩道188-190號,/building/tower-188/1337,shop,direct_link
Tower 535謝斐道535號,/building/tower-535/1480,shop,direct_link
Tower 535謝斐道535號,/building/tower-535/1479,shop,direct_link
Tower Jordan佐敦中心,/building/tower-jordan/13475,shop,direct_link
Toyo Mall尖東廣場,/building/toyo-mall/2605,shop,direct_link
Trade Square貿易廣場,/building/trade-square/6310,shop,direct_link
Trend Plaza屯門時代廣場,/building/trend-plaza/15519,shop,direct_link
Trendy Zone潮流特區,/building/trendy-zone/2920,shop,direct_link
Trium Hub,/building/trium-hub/4653,shop,direct_link
Tropicana Gardens豪苑商場,/building/tropicana-gardens/12903,shop,direct_link
TS Tower香葉道43號,/building/ts-tower/17500,shop,direct_link
Tseung Kwan O Plaza將軍澳廣場,/building/tseung-kwan-o-plaza/12875,shop,direct_link
Tsim Sha Tsui Centre尖沙咀中心,/building/tsim-sha-tsui-centre/2676,shop,direct_link
Tsing Yi Commercial Complex青衣商場,/building/tsing-yi-commercial-complex/14012,shop,direct_link
Tsing Yi Square青怡薈,/building/tsing-yi-square/15473,shop,direct_link
Tsuen Cheong Center Cheong Ning Plaza荃昌中心昌寧商場,/building/tsuen-cheong-center-cheong-ning-plaza/7174,shop,direct_link
Tsuen Cheong Centre Cheong On Plaza荃昌中心昌安商場,/building/tsuen-cheong-centre-cheong-on-plaza/7176,shop,direct_link
Tsuen Fung Shopping Arcade荃豐中心商場,/building/tsuen-fung-shopping-arcade/7172,shop,direct_link
Tsuen Kam Centre荃錦中心,/building/tsuen-kam-centre/13710,shop,direct_link
Tsuen Wan Centre Phase 1 Shopping Arcade荃灣中心一期商場,/building/tsuen-wan-centre-phase-1-shopping-arcade/17568,shop,direct_link
Tsuen Wan Centre Phase II Shopping Arcade荃灣中心二期商場,/building/tsuen-wan-centre-phase-ii-shopping-arcade/17656,shop,direct_link
Tsuen Wan Garden荃灣花園,/building/tsuen-wan-garden/13705,shop,direct_link
Tsuen Wan Plaza荃灣廣場,/building/tsuen-wan-plaza/12834,shop,direct_link
Tsui Lam Shopping Centre翠林新城,/building/tsui-lam-shopping-centre/16817,shop,direct_link
Tsz Ching Shopping Centre慈正商場,/building/tsz-ching-shopping-centre/17113,shop,direct_link
Tuen Mun Central Square屯門中央廣場,/building/tuen-mun-central-square/11760,shop,direct_link
Tuen Mun Parklane Square屯門栢麗廣場,/building/tuen-mun-parklane-square/7112,shop,direct_link
Tuen Mun Town Plaza屯門市廣場,/building/tuen-mun-town-plaza/12825,shop,direct_link
Tung Chai Building通濟大廈,/building/tung-chai-building/1274,shop,direct_link
Tung Che Commercial Centre東慈商業中心,/building/tung-che-commercial-centre/832,shop,direct_link
Tung Chiong Commercial Building同昌商業大廈,/building/tung-chiong-commercial-building/3024,shop,direct_link
Tung Chiu Commercial Centre東超商業中心,/building/tung-chiu-commercial-centre/1005,shop,direct_link
Tung Chun Commercial Centre同珍商業中心,/building/tung-chun-commercial-centre/5194,shop,direct_link
Tung Hip Commercial Building東協商業大廈,/building/tung-hip-commercial-building/15,shop,direct_link
Tung Kong Building東江大廈,/building/tung-kong-building/637,shop,direct_link
Tung Lee Commercial Building東利商業大廈,/building/tung-lee-commercial-building/2458,shop,direct_link
Tung Ming Building通明大廈,/building/tung-ming-building/17,shop,direct_link
Tung Ning Building東寧大廈,/building/tung-ning-building/126,shop,direct_link
Tung Seng Commercial Building統生商業大廈,/building/tung-seng-commercial-building/2455,shop,direct_link
Tung Wah Tower東華大廈,/building/tung-wah-tower/18201,shop,direct_link
Tung Wai Commercial Building東惠商業大廈,/building/tung-wai-commercial-building/2158,shop,direct_link
Tung Wui Building東匯大廈,/building/tung-wui-building/6518,shop,direct_link
Tung Wui Commercial Building東匯商業大廈,/building/tung-wui-commercial-building/3478,shop,direct_link
Tung Yick Arcade同益商場,/building/tung-yick-arcade/15745,shop,direct_link
Tung Yiu Commercial Building東耀商業大廈,/building/tung-yiu-commercial-building/1985,shop,direct_link
TusPark啟迪中心,/building/tuspark/4965,shop,direct_link
Two ArtLane藝里坊2號,/building/two-artlane/17645,shop,direct_link
Two Chinachem Central華懋中心2期,/building/two-chinachem-central/93,shop,direct_link
Two Chinachem Exchange Square華懋交易廣場2期,/building/two-chinachem-exchange-square/1662,shop,direct_link
Two Chinachem Plaza華懋廣場II期,/building/two-chinachem-plaza/132,shop,direct_link
Two Portside宏基中心二期,/building/two-portside/12438,shop,direct_link
Two Sky Parc,/building/two-sky-parc/4733,shop,direct_link
U Corner,/building/u-corner/17817,shop,direct_link
U PLACE,/building/u-place/17804,shop,direct_link
Ultragrace Commercial Building至秀商業大廈,/building/ultragrace-commercial-building/3551,shop,direct_link
Un Chau Shopping Centre元州商場,/building/un-chau-shopping-centre/7024,shop,direct_link
Unicorn Trade Centre有餘貿易中心,/building/unicorn-trade-centre/13,shop,direct_link
Union Commercial Building合成商業大廈,/building/union-commercial-building/3736,shop,direct_link
Union Park Centre柏宜中心,/building/union-park-centre/2987,shop,direct_link
Union Plaza海聯廣場,/building/union-plaza/16546,shop,direct_link
Unionway Commercial Centre聯威商業中心,/building/unionway-commercial-centre/168,shop,direct_link
United Building順聯大廈,/building/united-building/4270,shop,direct_link
United Building合群大廈,/building/united-building/1398,shop,direct_link
United Centre統一中心,/building/united-centre/1120,shop,direct_link
United Chinese Bank Building中國聯合銀行大廈,/building/united-chinese-bank-building/12068,shop,direct_link
United Overseas Plaza聯僑廣場,/building/united-overseas-plaza/11443,shop,direct_link
United Success Commercial Centre聯成商業中心,/building/united-success-commercial-centre/1505,shop,direct_link
Universal Commercial Building環球商業大廈,/building/universal-commercial-building/6867,shop,direct_link
Universal Commercial House宇宙商業大廈,/building/universal-commercial-house/2807,shop,direct_link
Universal House宇宙商業大廈,/building/universal-house/1169,shop,direct_link
Universal Trade Centre環貿中心,/building/universal-trade-centre/2281,shop,direct_link
Upper East環海東岸,/building/upper-east/6495,shop,direct_link
Uptify千望,/building/uptify/18024,shop,direct_link
Uptown Plaza新達廣場,/building/uptown-plaza/12914,shop,direct_link
Uwa Building祐華大廈,/building/uwa-building/638,shop,direct_link
V City,/building/v-city/16450,shop,direct_link
V Heun Building威享大廈,/building/v-heun-building/137,shop,direct_link
V Point登龍街2號,/building/v-point/6134,shop,direct_link
V Walk,/building/v-walk/17673,shop,direct_link
Valiant Commercial Building雲龍商業大廈,/building/valiant-commercial-building/3475,shop,direct_link
Valley Centre柏餘中心,/building/valley-centre/2255,shop,direct_link
Vantage Row啟岸巷子,/building/vantage-row/6399,shop,direct_link
Vastkin House華威大廈,/building/vastkin-house/2420,shop,direct_link
Vau Residence,/building/vau-residence/17953,shop,direct_link
VC House安皇商業大廈,/building/vc-house/8173,shop,direct_link
Venice Gardens Shopping Mall海麗花園購物商場,/building/venice-gardens-shopping-mall/14466,shop,direct_link
Victoria Building維多利亞大廈,/building/victoria-building/5418,shop,direct_link
Victoria Mall港景匯商場,/building/victoria-mall/2320,shop,direct_link
Vincent Commercial Centre永勝商業中心,/building/vincent-commercial-centre/3223,shop,direct_link
Vincent House永勝大廈,/building/vincent-house/987,shop,direct_link
VIP Commercial Centre海威商業中心,/building/vip-commercial-centre/2307,shop,direct_link
Virtus Medical Tower尚至醫療大樓,/building/virtus-medical-tower/162,shop,direct_link
Vogue Building立健商業大廈,/building/vogue-building/1980,shop,direct_link
Vulcan House均峰商業大廈,/building/vulcan-house/1073,shop,direct_link
W Business Centre北角好景中心,/building/w-business-centre/11718,shop,direct_link
W Luxe安耀街5-9號,/building/w-luxe/7221,shop,direct_link
W Place得怡坊,/building/w-place/1990,shop,direct_link
Waga Commercial Centre威基商業中心,/building/waga-commercial-centre/1243,shop,direct_link
Wah Fu (I) Shopping Centre華富(一)商場,/building/wah-fu-i-shopping-centre/10228,shop,direct_link
Wah Fu (II) Commercial Complex華富(二)商場,/building/wah-fu-ii-commercial-complex/10227,shop,direct_link
Wah Hen Commercial Centre華軒商業中心,/building/wah-hen-commercial-centre/1416,shop,direct_link
Wah Hing Commercial Building華興商業大廈,/building/wah-hing-commercial-building/971,shop,direct_link
Wah Hing Commercial Center華興商業中心,/building/wah-hing-commercial-center/5192,shop,direct_link
Wah Hing House華興大廈,/building/wah-hing-house/2133,shop,direct_link
Wah Kit Commercial Centre華傑商業中心,/building/wah-kit-commercial-centre/32,shop,direct_link
Wah Koon Building華冠大廈,/building/wah-koon-building/3632,shop,direct_link
Wah Ming Shopping Centre華明商場,/building/wah-ming-shopping-centre/12964,shop,direct_link
Wah Sum Shopping Centre華心商場,/building/wah-sum-shopping-centre/12966,shop,direct_link
Wah Yuen Building華源大廈,/building/wah-yuen-building/154,shop,direct_link
Wai Ching Commercial Building偉程商業大廈,/building/wai-ching-commercial-building/7163,shop,direct_link
Wai Fung Plaza惠豐中心,/building/wai-fung-plaza/2980,shop,direct_link
Wai Hing Commercial Building偉興商業大廈,/building/wai-hing-commercial-building/3171,shop,direct_link
Wai Lee Commercial Building威利商業大廈,/building/wai-lee-commercial-building/3306,shop,direct_link
Wai Ming Commercial Building威明商業大廈,/building/wai-ming-commercial-building/2944,shop,direct_link
Wai Wah Commercial Building偉華商業大廈,/building/wai-wah-commercial-building/5437,shop,direct_link
Wai Yip Commercial Building偉業商業樓,/building/wai-yip-commercial-building/62,shop,direct_link
Waitex House威特商業大廈,/building/waitex-house/14691,shop,direct_link
Waldorf Centre華都中心商場,/building/waldorf-centre/7175,shop,direct_link
Waldorf Garden華都花園,/building/waldorf-garden/15518,shop,direct_link
Wan Chai Central Building灣仔中匯大廈,/building/wan-chai-central-building/967,shop,direct_link
Wanchai Commercial Centre灣仔商業中心,/building/wanchai-commercial-centre/1573,shop,direct_link
Wanchai Computer Centre灣仔電腦城,/building/wanchai-computer-centre/1400,shop,direct_link
Wang Cheong Commercial Building宏昌商業大廈,/building/wang-cheong-commercial-building/6951,shop,direct_link
Wanthorpe House第一宏豐中心,/building/wanthorpe-house/10472,shop,direct_link
Wardley Centre和益中心,/building/wardley-centre/3476,shop,direct_link
Waterloo Plaza匯達中心,/building/waterloo-plaza/6696,shop,direct_link
Waterside Plaza海灣花園購物商場,/building/waterside-plaza/15628,shop,direct_link
Way On Commercial Building維安商業大廈,/building/way-on-commercial-building/1497,shop,direct_link
Wayland House匯賢大廈,/building/wayland-house/5988,shop,direct_link
Wayson Commercial Building威勝商業大廈,/building/wayson-commercial-building/635,shop,direct_link
Wayson Commercial House偉信商業大廈,/building/wayson-commercial-house/980,shop,direct_link
We Go Mall,/building/we-go-mall/9404,shop,direct_link
Wealth Commercial Centre廣發商業中心,/building/wealth-commercial-centre/12498,shop,direct_link
Wealthy Plaza富裕中心,/building/wealthy-plaza/13085,shop,direct_link
Well View Commercial Building宏基商業大廈,/building/well-view-commercial-building/7873,shop,direct_link
Wellable Commercial Building維寶商業大廈,/building/wellable-commercial-building/1415,shop,direct_link
Welland Building偉利大廈,/building/welland-building/192,shop,direct_link
Welland House威蘭樓,/building/welland-house/17320,shop,direct_link
Welland Plaza偉利廣場,/building/welland-plaza/233,shop,direct_link
Wellborne Commercial Centre威邦商業中心,/building/wellborne-commercial-centre/1905,shop,direct_link
Wellington Place威靈頓廣場,/building/wellington-place/1248,shop,direct_link
Wellington Plaza威寧大廈,/building/wellington-plaza/1255,shop,direct_link
Wellington Square威靈頓街35B號,/building/wellington-square/1253,shop,direct_link
Wellpoint House藝邦中心,/building/wellpoint-house/4258,shop,direct_link
West 9 Zone西九匯,/building/west-9-zone/10682,shop,direct_link
West Coast International Building西岸國際大廈,/building/west-coast-international-building/7039,shop,direct_link
West Coast Shopping Centre西岸商場,/building/west-coast-shopping-centre/17662,shop,direct_link
West Exchange Tower西區電訊大廈,/building/west-exchange-tower/23,shop,direct_link
West Gate Tower西港都會中心,/building/west-gate-tower/5558,shop,direct_link
West Kowloon Place西九龍薈,/building/west-kowloon-place/7379,shop,direct_link
Western Centre西區中心大廈,/building/western-centre/698,shop,direct_link
Western Commercial Building西區商業大廈,/building/western-commercial-building/827,shop,direct_link
Western Market西港城,/building/western-market/68,shop,direct_link
Weswick Commercial Building威利商業大廈,/building/weswick-commercial-building/345,shop,direct_link
Wi Wi Commercial Building威威商業大廈,/building/wi-wi-commercial-building/13667,shop,direct_link
Will Strong Development Building健能發展大廈,/building/will-strong-development-building/7117,shop,direct_link
Willy Commercial Building永吉利商業大廈,/building/willy-commercial-building/2556,shop,direct_link
Wilson House威信大廈,/building/wilson-house/1970,shop,direct_link
Win Century Centre琪恆中心,/building/win-century-centre/6553,shop,direct_link
Win Plaza匯達商業中心,/building/win-plaza/5406,shop,direct_link
Winbase Centre勝基中心,/building/winbase-centre/186,shop,direct_link
Windsor House皇室堡,/building/windsor-house/1182,shop,direct_link
Windsor House - Chubb Tower皇室大廈 - 安達人壽大樓,/building/windsor-house-chubb-tower/1150,shop,direct_link
Winfield Commercial Building盈豐商業大廈,/building/winfield-commercial-building/3479,shop,direct_link
Winfull Commercial Building永富商業大廈,/building/winfull-commercial-building/2544,shop,direct_link
Wing Cheong House永昌樓,/building/wing-cheong-house/158,shop,direct_link
Wing Fat Building榮發樓,/building/wing-fat-building/17787,shop,direct_link
Wing Fat Commercial Building永發商業大廈,/building/wing-fat-commercial-building/3928,shop,direct_link
Wing Fok Shopping Arcade榮福中心商場,/building/wing-fok-shopping-arcade/14525,shop,direct_link
Wing Fu Building永富大廈,/building/wing-fu-building/2557,shop,direct_link
Wing Hang Insurance Building永亨保險大廈,/building/wing-hang-insurance-building/2558,shop,direct_link
Wing Hing Commercial Building榮興商業大廈,/building/wing-hing-commercial-building/13161,shop,direct_link
Wing Hing Commercial Building永興商業大廈,/building/wing-hing-commercial-building/2538,shop,direct_link
Wing Kee Commercial Building永基商業大廈,/building/wing-kee-commercial-building/3258,shop,direct_link
Wing Kwok Centre榮國中心,/building/wing-kwok-centre/6690,shop,direct_link
Wing Lock House永樂大樓,/building/wing-lock-house/7238,shop,direct_link
Wing On Cheong Building永安祥大廈,/building/wing-on-cheong-building/2542,shop,direct_link
Wing On Department Store永安百貨,/building/wing-on-department-store/96,shop,direct_link
Wing On House永安集團大廈,/building/wing-on-house/1,shop,direct_link
Wing On Kowloon Centre永安九龍中心,/building/wing-on-kowloon-centre/2940,shop,direct_link
Wing On Kowloon Centre永安九龍中心,/building/wing-on-kowloon-centre/2885,shop,direct_link
Wing On Plaza永安廣場,/building/wing-on-plaza/2670,shop,direct_link
Wing Shing House榮成樓,/building/wing-shing-house/2503,shop,direct_link
Wing Sing Commercial Building永星商業大廈,/building/wing-sing-commercial-building/6458,shop,direct_link
Wing Sing Commercial Centre永昇商業中心,/building/wing-sing-commercial-centre/2532,shop,direct_link
Wing Tat Commercial Building永達商業大廈,/building/wing-tat-commercial-building/2520,shop,direct_link
Wing Tuck Commercial Centre永德商業中心,/building/wing-tuck-commercial-centre/3582,shop,direct_link
Wing Wong Commercial Building永旺行,/building/wing-wong-commercial-building/3009,shop,direct_link
Wing Yee Commercial Building永宜商業大廈,/building/wing-yee-commercial-building/2562,shop,direct_link
Wing Yip Commercial Building榮業商業大廈,/building/wing-yip-commercial-building/12174,shop,direct_link
Wings Building永恆商業大廈,/building/wings-building/171,shop,direct_link
Winhong Building永康樓,/building/winhong-building/5649,shop,direct_link
Winland House永倫大廈,/building/winland-house/3307,shop,direct_link
Winland Square永倫立方,/building/winland-square/1411,shop,direct_link
Winner Centre永利中心購物商場,/building/winner-centre/12374,shop,direct_link
Winner Commercial Building榮華商業大廈,/building/winner-commercial-building/990,shop,direct_link
Winning Centre雲明行,/building/winning-centre/1973,shop,direct_link
Winning Commercial Building運通商業大廈,/building/winning-commercial-building/3219,shop,direct_link
Winning House致發大廈,/building/winning-house/5675,shop,direct_link
Winning House永寧大廈,/building/winning-house/3634,shop,direct_link
Winsan Tower運盛大廈,/building/winsan-tower/2582,shop,direct_link
Winsing Building永勝大廈,/building/winsing-building/841,shop,direct_link
Winsome House雲山大廈,/building/winsome-house/1976,shop,direct_link
Winway Building華威大廈,/building/winway-building/1249,shop,direct_link
Wo Hing Commercial Building和興商業大廈,/building/wo-hing-commercial-building/3172,shop,direct_link
Wo Yi Shopping Centre和宜商場,/building/wo-yi-shopping-centre/7898,shop,direct_link
Wofoo Commercial Building和富商業大廈,/building/wofoo-commercial-building/2943,shop,direct_link
Wonder Digital福仁大廈,/building/wonder-digital/11857,shop,direct_link
Wonderful Worlds of Whampoa - Cotton Tree (Site 7)黃埔新天地-紅棉苑 (第七期),/building/wonderful-worlds-of-whampoa-cotton-tree-site-7/10030,shop,direct_link
Wonderful Worlds of Whampoa - Deli Place (Site 4)黃埔新天地-享膳坊 (第四期),/building/wonderful-worlds-of-whampoa-deli-place-site-4/15126,shop,direct_link
Wonderful Worlds of Whampoa - Fashion World (Site 2)黃埔新天地-時尚坊 (第二期),/building/wonderful-worlds-of-whampoa-fashion-world-site-2/15124,shop,direct_link
Wonderful Worlds of Whampoa - Gourmet Place (Site 8)黃埔新天地-美食坊 (第八期),/building/wonderful-worlds-of-whampoa-gourmet-place-site-8/10032,shop,direct_link
Wonderful Worlds of Whampoa - Home World (Site 12)黃埔新天地-家居庭 (第十二期),/building/wonderful-worlds-of-whampoa-home-world-site-12/15371,shop,direct_link
Wonderful Worlds of Whampoa - Lily Mansion (Site 9)黃埔新天地-百合苑 (第九期),/building/wonderful-worlds-of-whampoa-lily-mansion-site-9/5620,shop,direct_link
Wonderful Worlds of Whampoa - Pebbles World (Site 3)黃埔新天地-百寶坊 (第三期),/building/wonderful-worlds-of-whampoa-pebbles-world-site-3/5627,shop,direct_link
Wonderful Worlds of Whampoa - The Whampoa (Site 5&6)黃埔新天地-黃埔號 (第五至六期),/building/wonderful-worlds-of-whampoa-the-whampoa-site-5-6/15125,shop,direct_link
Wonderful Worlds of Whampoa - Treasure World (Site11)黃埔新天地-聚寶坊 (第十一期),/building/wonderful-worlds-of-whampoa-treasure-world-site11/15370,shop,direct_link
Wonderful Worlds of Whampoa - Wiz Zone (Site 10)黃埔新天地-尖子坊 (第十期),/building/wonderful-worlds-of-whampoa-wiz-zone-site-10/6456,shop,direct_link
Wonderland Villas Commerical Complex華景商場,/building/wonderland-villas-commerical-complex/17688,shop,direct_link
Wong Chung Ming Commercial House王仲銘商業大廈,/building/wong-chung-ming-commercial-house/1984,shop,direct_link
Wong Tze Building王子大廈,/building/wong-tze-building/5600,shop,direct_link
Woon Lee Commercial Building煥利商業大廈,/building/woon-lee-commercial-building/2737,shop,direct_link
WORFU和富,/building/worfu/6204,shop,direct_link
Workingberg Commercial Building華寶商業大廈,/building/workingberg-commercial-building/6149,shop,direct_link
Workingbond Commercial Centre華邦商業中心,/building/workingbond-commercial-centre/6924,shop,direct_link
Workingfield Commercial Building華斐商業大廈,/building/workingfield-commercial-building/1498,shop,direct_link
Workingport Commercial Building華博商業大廈,/building/workingport-commercial-building/7081,shop,direct_link
Workington Tower華東商業大廈,/building/workington-tower/13654,shop,direct_link
Workingview Commercial Building華耀商業大廈,/building/workingview-commercial-building/6058,shop,direct_link
World Commerce Centre世界商業中心,/building/world-commerce-centre/2288,shop,direct_link
World Trade Centre世貿中心,/building/world-trade-centre/1166,shop,direct_link
World Trust Tower信誠廣場,/building/world-trust-tower/2038,shop,direct_link
World Wide Commercial Building世界商業大廈,/building/world-wide-commercial-building/1994,shop,direct_link
World-Wide House環球大廈,/building/world-wide-house/6,shop,direct_link
World-Wide Plaza環球商場,/building/world-wide-plaza/70,shop,direct_link
Wu Chung House胡忠大廈,/building/wu-chung-house/318,shop,direct_link
Wui Tat Centre會達中心,/building/wui-tat-centre/632,shop,direct_link
WWWTC世貿中心,/building/wwwtc/1141,shop,direct_link
Wyndham Place雲咸商業中心,/building/wyndham-place/1979,shop,direct_link
Xing Hua Centre興華中心,/building/xing-hua-centre/5184,shop,direct_link
Xiu Hua Commercial Building秀華商業大廈,/building/xiu-hua-commercial-building/1496,shop,direct_link
Xiu Ping Commercial Building秀屏商業大廈,/building/xiu-ping-commercial-building/2451,shop,direct_link
Y Centre白加士街13-15號,/building/y-centre/7118,shop,direct_link
Yam Tze Commercial Building壬子商業大廈,/building/yam-tze-commercial-building/2585,shop,direct_link
Yan Fook Centre恩福中心,/building/yan-fook-centre/6304,shop,direct_link
Yardley Commercial Building億利商業大廈,/building/yardley-commercial-building/628,shop,direct_link
Yat Chau Building一洲大廈,/building/yat-chau-building/28,shop,direct_link
Yat Fat Building日發大廈,/building/yat-fat-building/82,shop,direct_link
Yat Fu Lane日富里,/building/yat-fu-lane/429,shop,direct_link
Yat Tung Shopping Centre逸東商場,/building/yat-tung-shopping-centre/17698,shop,direct_link
Yau Shing Commercial Centre友誠商業中心,/building/yau-shing-commercial-centre/14747,shop,direct_link
Yau Shun Building友信大廈,/building/yau-shun-building/655,shop,direct_link
Yau Sing Building有成大廈,/building/yau-sing-building/2530,shop,direct_link
Yee On 168怡安168,/building/yee-on-168/60,shop,direct_link
Yes & Right House德拓大廈,/building/yes-right-house/2656,shop,direct_link
Yeung Iu Chi Commercial Building楊耀熾商業大廈,/building/yeung-iu-chi-commercial-building/1495,shop,direct_link
YHC Tower恩浩國際中心,/building/yhc-tower/15094,shop,direct_link
Ying Kong Mansion英光大廈,/building/ying-kong-mansion/1616,shop,direct_link
Yip Fung Building業豐大廈,/building/yip-fung-building/651,shop,direct_link
Yiu On Shopping Centre耀安商場,/building/yiu-on-shopping-centre/12989,shop,direct_link
YM²裕民坊,/building/ym/17677,shop,direct_link
Yoho Mall I形點一期,/building/yoho-mall-i/16461,shop,direct_link
Yoho Mall II形點二期,/building/yoho-mall-ii/12836,shop,direct_link
Yoho Mix元點,/building/yoho-mix/17984,shop,direct_link
Yoho Plus加點,/building/yoho-plus/14003,shop,direct_link
Yook Ming House沃明樓,/building/yook-ming-house/5664,shop,direct_link
Yu Sung Boon Building余崇本行,/building/yu-sung-boon-building/30,shop,direct_link
Yu To Sang Building余道生行,/building/yu-to-sang-building/185,shop,direct_link
Yu Yuet Lai Building余悅禮行,/building/yu-yuet-lai-building/1971,shop,direct_link
Yuccie Avenue世宙商場,/building/yuccie-avenue/14850,shop,direct_link
Yue Fai Commercial Centre裕輝商業中心,/building/yue-fai-commercial-centre/3946,shop,direct_link
Yue Hing Building越興大廈,/building/yue-hing-building/1372,shop,direct_link
Yue Hwa International Building裕華國際大廈,/building/yue-hwa-international-building/4677,shop,direct_link
Yue Man Shopping Centre裕民中心購物中心,/building/yue-man-shopping-centre/11581,shop,direct_link
Yue On Commercial Building裕安商業大廈,/building/yue-on-commercial-building/968,shop,direct_link
Yue Shing Commercial Building裕成商業大廈,/building/yue-shing-commercial-building/3603,shop,direct_link
Yue Xiu Building越秀大廈,/building/yue-xiu-building/972,shop,direct_link
Yue Xiu Plaza越秀廣場,/building/yue-xiu-plaza/14792,shop,direct_link
Yue's House余氏大廈,/building/yue-s-house/83,shop,direct_link
Yuen Kee Building源記大廈,/building/yuen-kee-building/3601,shop,direct_link
Yuen Long Centre元朗中心,/building/yuen-long-centre/15018,shop,direct_link
Yuen Long Commercial Centre元朗商業中心,/building/yuen-long-commercial-centre/14321,shop,direct_link
Yuen Long Landmark開心廣場,/building/yuen-long-landmark/13767,shop,direct_link
Yuen Long Plaza元朗廣場,/building/yuen-long-plaza/13769,shop,direct_link
Yuen Long Trade Centre元朗貿易中心,/building/yuen-long-trade-centre/13766,shop,direct_link
Yuen Yick Building元益大廈,/building/yuen-yick-building/1254,shop,direct_link
Yuey Kong Centre銳光中心,/building/yuey-kong-centre/11929,shop,direct_link
Yun Kei Commercial Building潤基商業大廈,/building/yun-kei-commercial-building/5089,shop,direct_link
Yun Tat Commercial Building潤達商業大廈,/building/yun-tat-commercial-building/6844,shop,direct_link
Yung Kee Building鏞記大廈,/building/yung-kee-building/1236,shop,direct_link
Zhongcai Centre中財中心,/building/zhongcai-centre/204,shop,direct_link
Zhongda Building中達大廈,/building/zhongda-building/5386,shop,direct_link
ZING!,/building/zing/6063,shop,direct_link
ZJ 300浙江興業大廈,/building/zj-300/1001,shop,direct_link
Zoroastrian Building善樂施大廈,/building/zoroastrian-building/1074,shop,direct_link
Zhongda Building中達大廈,/building/zhongda-building/5386,shop,direct_link
ZING!,/building/zing/6063,shop,direct_link
ZJ 300浙江興業大廈,/building/zj-300/1001,shop,direct_link
Zoroastrian Building善樂施大廈,/building/zoroastrian-building/1074,shop,direct_link
