name,url,property_type,source
1 Hong Yip Street康業街1號,/building/1-hong-yip-street/8185,industrial,direct_link
1 Hung To Road鴻圖道一號,/building/1-hung-to-road/4737,industrial,direct_link
1 Wang Wo Tsai Street橫窩仔街1號,/building/1-wang-wo-tsai-street/16380,industrial,direct_link
100 Texaco Road德士古道100號,/building/100-texaco-road/16377,industrial,direct_link
107-109 Wai Yip Street偉業街107-109號,/building/107-109-wai-yip-street/4923,industrial,direct_link
111 Lee Nam Road利南道111號,/building/111-lee-nam-road/11341,industrial,direct_link
113-117 Tung Chau Street祝齡大廈,/building/113-117-tung-chau-street/12118,industrial,direct_link
13 On Kui Street安居街13號,/building/13-on-kui-street/17470,industrial,direct_link
14-15 Yip Shing Street業成街14-15號,/building/14-15-yip-shing-street/17322,industrial,direct_link
14-18 Ma Kok Street馬角街14-18號,/building/14-18-ma-kok-street/17426,industrial,direct_link
143 Wai Yip Street偉業街143號,/building/143-wai-yip-street/4939,industrial,direct_link
15 Wang Chiu Road宏照道15號,/building/15-wang-chiu-road/5236,industrial,direct_link
16 On Lok Mun Street安樂門街16號,/building/16-on-lok-mun-street/16282,industrial,direct_link
167-169 Hoi Bun Road海濱道167-169號,/building/167-169-hoi-bun-road/5356,industrial,direct_link
2 Hung To Road鴻圖道2號,/building/2-hung-to-road/4720,industrial,direct_link
2-10 Tai Yuen Street大圓街2-10號,/building/2-10-tai-yuen-street/17717,industrial,direct_link
20 Wing Hong Street永康街20號,/building/20-wing-hong-street/17675,industrial,direct_link
24-28 Wing Lap Street葵涌永立街24至28號,/building/24-28-wing-lap-street/17357,industrial,direct_link
28 Hung To Road鴻圖道28號,/building/28-hung-to-road/4761,industrial,direct_link
3 Luk Hop Street六合街3號,/building/3-luk-hop-street/17842,industrial,direct_link
3 Yuk Yat Street旭日街3號,/building/3-yuk-yat-street/4833,industrial,direct_link
30 On Lok Mun Street安樂門街30號,/building/30-on-lok-mun-street/16279,industrial,direct_link
31A Ma Liu Shui San Tsuen馬料水新村31A號,/building/31a-ma-liu-shui-san-tsuen/17053,industrial,direct_link
32 On Lok Mun Street安樂門街32號,/building/32-on-lok-mun-street/16278,industrial,direct_link
350-360 Fuk Wing Street福榮街350-360號,/building/350-360-fuk-wing-street/11376,industrial,direct_link
38 Wing Kei Road永基路38號,/building/38-wing-kei-road/17828,industrial,direct_link
45 Wong Chuk Hang Road黃竹坑道45號,/building/45-wong-chuk-hang-road/3818,industrial,direct_link
47-51 Kwai Fung Crescent葵豐街47-51號,/building/47-51-kwai-fung-crescent/17358,industrial,direct_link
4S City,/building/4s-city/16996,industrial,direct_link
52 Hung To Road鴻圖道52號,/building/52-hung-to-road/4727,industrial,direct_link
5A On Chuen Street安全街5A號,/building/5a-on-chuen-street/16312,industrial,direct_link
6 Luk Hop Street六合街6號,/building/6-luk-hop-street/17430,industrial,direct_link
64 Hung To Road鴻圖道64號,/building/64-hung-to-road/17382,industrial,direct_link
67 Bedford Road必發道67號,/building/67-bedford-road/12312,industrial,direct_link
69 Bedford Road必發道69號,/building/69-bedford-road/12311,industrial,direct_link
75 Bedford Road必發道75號,/building/75-bedford-road/12318,industrial,direct_link
78 Hung To Road鴻圖道78號,/building/78-hung-to-road/4730,industrial,direct_link
78-78A Larch Street洋松街78-78A號,/building/78-78a-larch-street/8083,industrial,direct_link
792-794 Cheung Sha Wan Road長沙灣道792-794號,/building/792-794-cheung-sha-wan-road/6336,industrial,direct_link
822 Lai Chi Kok Road荔枝角道822號,/building/822-lai-chi-kok-road/7363,industrial,direct_link
88 Kwai Cheong Road癸昌路88號,/building/88-kwai-cheong-road/6835,industrial,direct_link
9 Wing Hong Street永康街九號,/building/9-wing-hong-street/5555,industrial,direct_link
90 Hung To Road鴻圖道90號,/building/90-hung-to-road/4750,industrial,direct_link
99 COMMONS杯渡路99號,/building/99-commons/17476,industrial,direct_link
Aberdeen Industrial Building香港仔工業大廈,/building/aberdeen-industrial-building/3937,industrial,direct_link
Acefield Ltd冠田工業大廈,/building/acefield-ltd/15398,industrial,direct_link
Acro Industrial Building雅高工業大樓,/building/acro-industrial-building/4830,industrial,direct_link
ADP Pentagon Centre五方集團中心,/building/adp-pentagon-centre/5336,industrial,direct_link
Air Goal Cargo Building威力貨運大廈,/building/air-goal-cargo-building/4593,industrial,direct_link
Airport Freight Forwarding Centre機場空運中心,/building/airport-freight-forwarding-centre/7246,industrial,direct_link
Aji Ichiban Centre優之良品中心,/building/aji-ichiban-centre/16484,industrial,direct_link
Ajisen Group Tower味千集團大廈,/building/ajisen-group-tower/4690,industrial,direct_link
Alexandra Industrial Building安泰工業大廈,/building/alexandra-industrial-building/5565,industrial,direct_link
Allied and Associated Enterprises (HK) Ltd德邦貨倉,/building/allied-and-associated-enterprises-hk-ltd/16349,industrial,direct_link
Allied Cargo Centre聯合貨運中心,/building/allied-cargo-centre/5325,industrial,direct_link
Alpha Appliances Building第一電業大廈,/building/alpha-appliances-building/16283,industrial,direct_link
Amiata Industrial Building萬美達工業大廈,/building/amiata-industrial-building/7625,industrial,direct_link
Annking Industrial Building安勁工業大廈,/building/annking-industrial-building/11285,industrial,direct_link
Apec Plaza創貿廣場,/building/apec-plaza/5601,industrial,direct_link
Arran Tower環亞中心,/building/arran-tower/13421,industrial,direct_link
Arvato Logistics Centre歐唯特物流中心,/building/arvato-logistics-centre/16366,industrial,direct_link
Asia Logistics Hub-SF Centre亞洲物流中心 - 順豐大廈,/building/asia-logistics-hub-sf-centre/17099,industrial,direct_link
Asia One Tower宏亞大廈,/building/asia-one-tower/17460,industrial,direct_link
Asia Trade Centre亞洲貿易中心,/building/asia-trade-centre/7618,industrial,direct_link
Assun Pacific Centre日昇亞太中心,/building/assun-pacific-centre/7184,industrial,direct_link
"ATL Logistics Centre, Block A亞洲貨櫃物流中心A座",/building/atl-logistics-centre-block-a/7019,industrial,direct_link
"ATL Logistics Centre, Block B亞洲貨櫃物流中心B座",/building/atl-logistics-centre-block-b/7020,industrial,direct_link
Bedford Factory Mansion必發工廠大廈,/building/bedford-factory-mansion/12306,industrial,direct_link
Benefit Industrial Factory Building本利發工業大廈,/building/benefit-industrial-factory-building/3841,industrial,direct_link
Bhotai Industrial Building寶泰工業大廈,/building/bhotai-industrial-building/11944,industrial,direct_link
Big Orange橙色空間,/building/big-orange/17302,industrial,direct_link
Billion Trade Centre鴻貿中心,/building/billion-trade-centre/4740,industrial,direct_link
Blue Box Factory Building大生工業大廈,/building/blue-box-factory-building/10493,industrial,direct_link
Bold Win Industrial Building保盈工業大廈,/building/bold-win-industrial-building/12148,industrial,direct_link
Bonjour Tower卓悅大廈,/building/bonjour-tower/17299,industrial,direct_link
Bonsun Industrial Building萬象工業大廈,/building/bonsun-industrial-building/6448,industrial,direct_link
Brilliant Cold Storage Tower 1光輝凍倉一期,/building/brilliant-cold-storage-tower-1/17359,industrial,direct_link
Brilliant Cold Storage Tower 2光輝凍倉二期,/building/brilliant-cold-storage-tower-2/4846,industrial,direct_link
Broadway Tower百老滙中心,/building/broadway-tower/8161,industrial,direct_link
C & C Building中華商務印刷大廈,/building/c-c-building/17466,industrial,direct_link
Cable TV Tower有線電視大樓,/building/cable-tv-tower/8180,industrial,direct_link
Cafe de Coral Centre大家樂中心,/building/cafe-de-coral-centre/12468,industrial,direct_link
Cainiao Hong Kong Smart Gateway菜鳥香港智慧港,/building/cainiao-hong-kong-smart-gateway/17732,industrial,direct_link
Cambridge Plaza劍橋廣場,/building/cambridge-plaza/6496,industrial,direct_link
Camelpaint Building Block I駱駝漆大廈第一座,/building/camelpaint-building-block-i/5592,industrial,direct_link
Camelpaint Building Block II駱駝漆大廈第二座,/building/camelpaint-building-block-ii/5593,industrial,direct_link
Camelpaint Building Block III駱駝漆大廈第三座,/building/camelpaint-building-block-iii/5596,industrial,direct_link
Cameron Sino Technology Centre金岸科技中心,/building/cameron-sino-technology-centre/8049,industrial,direct_link
Canny Industrial Building佳力工業大廈,/building/canny-industrial-building/7917,industrial,direct_link
Cantake Factory Building堅德工業大廈,/building/cantake-factory-building/4951,industrial,direct_link
Capella HTR嘉鴻中心,/building/capella-htr/4723,industrial,direct_link
Capital Trade Centre京貿中心,/building/capital-trade-centre/7188,industrial,direct_link
Cardinal Industrial Building基力工業大廈,/building/cardinal-industrial-building/16270,industrial,direct_link
Career and Kenson Industrial Mansion金凱工業大廈,/building/career-and-kenson-industrial-mansion/4702,industrial,direct_link
Cargo Consolidation Complex集運中心,/building/cargo-consolidation-complex/17360,industrial,direct_link
CCT Telecom Building中建電訊大廈,/building/cct-telecom-building/7004,industrial,direct_link
Central Industrial Building中央工業大廈,/building/central-industrial-building/11471,industrial,direct_link
Centre 600陸佰中心,/building/centre-600/7783,industrial,direct_link
Centro Sound Industrial Building新高聲工業大廈,/building/centro-sound-industrial-building/13558,industrial,direct_link
Century Centre世紀中心,/building/century-centre/16395,industrial,direct_link
Century Centre世紀工商中心,/building/century-centre/4719,industrial,direct_link
Century Industrial Building世紀城市工業大廈,/building/century-industrial-building/16325,industrial,direct_link
Century Industrial Centre世紀工業大廈,/building/century-industrial-centre/11178,industrial,direct_link
CEO Tower環薈中心,/building/ceo-tower/5560,industrial,direct_link
Chai Wan Factory Estate柴灣工廠邨大廈,/building/chai-wan-factory-estate/13254,industrial,direct_link
Chai Wan Industrial Centre柴灣中心工業大廈,/building/chai-wan-industrial-centre/4445,industrial,direct_link
Chai Wan Industrial City Phase I柴灣工業城1座,/building/chai-wan-industrial-city-phase-i/4402,industrial,direct_link
Chai Wan Industrial City Phase II柴灣工業城2座,/building/chai-wan-industrial-city-phase-ii/4403,industrial,direct_link
Chao's Industrial Building鴻文工業大廈,/building/chao-s-industrial-building/16352,industrial,direct_link
Charm Centre時運中心,/building/charm-centre/3378,industrial,direct_link
Che Wah Industrial Building致華工業大廈,/building/che-wah-industrial-building/17323,industrial,direct_link
Chen Yip Industrial Building振業工業大廈,/building/chen-yip-industrial-building/11445,industrial,direct_link
Cheong Fat Factory Building昌發工廠大廈,/building/cheong-fat-factory-building/7046,industrial,direct_link
Cheong Lee Building昌利大廈,/building/cheong-lee-building/11729,industrial,direct_link
Cheong Shing Industrial Building昌盛工業大廈,/building/cheong-shing-industrial-building/13500,industrial,direct_link
Cheong Tai Factory Building昌泰工廠大廈,/building/cheong-tai-factory-building/17423,industrial,direct_link
Cheong Tai Industrial Building昌泰工業大廈,/building/cheong-tai-industrial-building/12153,industrial,direct_link
Cheong Wah Factory Building昌華工廠大廈,/building/cheong-wah-factory-building/4502,industrial,direct_link
Cheong Wei Industrial Building長匯工業大廈,/building/cheong-wei-industrial-building/14457,industrial,direct_link
Cheung Fat Building長發大廈,/building/cheung-fat-building/8776,industrial,direct_link
Cheung Fat Industrial Building長發工業大廈,/building/cheung-fat-industrial-building/8081,industrial,direct_link
Cheung Fung Industrial Building長豐工業大廈,/building/cheung-fung-industrial-building/11572,industrial,direct_link
Cheung Hing Industrial Building長慶工業大廈,/building/cheung-hing-industrial-building/17931,industrial,direct_link
Cheung Hing Industrial Building祥興工業大廈,/building/cheung-hing-industrial-building/4382,industrial,direct_link
Cheung Hing Shing Centre昌興盛中心,/building/cheung-hing-shing-centre/6408,industrial,direct_link
Cheung Kong Factory Building長江工廠大廈,/building/cheung-kong-factory-building/8016,industrial,direct_link
Cheung Lee Industrial Building祥利工業大廈,/building/cheung-lee-industrial-building/4405,industrial,direct_link
Cheung Lung Industrial Building昌隆工業大廈,/building/cheung-lung-industrial-building/6051,industrial,direct_link
Cheung Tak Industrial Building長德工業大廈,/building/cheung-tak-industrial-building/3850,industrial,direct_link
Cheung Tat Centre祥達中心,/building/cheung-tat-centre/4408,industrial,direct_link
Cheung Wah Industrial Building長華工業大廈,/building/cheung-wah-industrial-building/11271,industrial,direct_link
Cheung Wing Industrial Building長榮工業大廈,/building/cheung-wing-industrial-building/7891,industrial,direct_link
Cheung Yick Industrial Building長益工業大廈,/building/cheung-yick-industrial-building/5652,industrial,direct_link
Chevalier Cold Storage Building其士冷藏倉庫,/building/chevalier-cold-storage-building/17324,industrial,direct_link
Chevalier Industrial Building其士工業大廈,/building/chevalier-industrial-building/13603,industrial,direct_link
Chevalier Warehouse Building其士貨倉大廈,/building/chevalier-warehouse-building/16299,industrial,direct_link
Chi Ko Industrial Building致高工業大廈,/building/chi-ko-industrial-building/4410,industrial,direct_link
Chiap King Industrial Building捷景工業大廈,/building/chiap-king-industrial-building/13277,industrial,direct_link
Chiap Luen Industrial Building捷聯工業大廈,/building/chiap-luen-industrial-building/7345,industrial,direct_link
Chiaphua Centre捷和中心,/building/chiaphua-centre/10668,industrial,direct_link
Chiaphua Industrial Building捷和實業有限公司,/building/chiaphua-industrial-building/16277,industrial,direct_link
Chilcott Industrial Building榮韶工業大廈,/building/chilcott-industrial-building/4948,industrial,direct_link
Chin Fat Factory Building振發工廠大廈,/building/chin-fat-factory-building/16431,industrial,direct_link
China Aerospace Centre航天科技中心,/building/china-aerospace-centre/5369,industrial,direct_link
China Fen Hin Building中國宏興大廈,/building/china-fen-hin-building/7428,industrial,direct_link
China Industrial Building中華工業大廈,/building/china-industrial-building/5278,industrial,direct_link
China Merchants Godown招商局貨倉,/building/china-merchants-godown/16868,industrial,direct_link
China Merchants Godown B招商局第二貨倉,/building/china-merchants-godown-b/16869,industrial,direct_link
China Merchants Logistics Centre招商局物流中心,/building/china-merchants-logistics-centre/17098,industrial,direct_link
China Pacific Industrial Building中太工業大廈,/building/china-pacific-industrial-building/5567,industrial,direct_link
China Paint Building中華漆廠大廈,/building/china-paint-building/2397,industrial,direct_link
China Resources Chai Wan Warehouse華潤柴灣貨倉,/building/china-resources-chai-wan-warehouse/3788,industrial,direct_link
China Resources Int'l Logistics Centre華潤國際物流中心,/building/china-resources-int-l-logistics-centre/16959,industrial,direct_link
China Resources Logistics East Asia Industrial Building華潤物流東亞工業大廈,/building/china-resources-logistics-east-asia-industrial-building/11286,industrial,direct_link
China Resources Logistics Kader Centre華潤物流開達中心,/building/china-resources-logistics-kader-centre/11519,industrial,direct_link
China Resources Logistics Sheung Shui Warehouse華潤物流上水貨倉,/building/china-resources-logistics-sheung-shui-warehouse/16286,industrial,direct_link
China Resources Sha Tin Warehouse華潤沙田貨倉,/building/china-resources-sha-tin-warehouse/7261,industrial,direct_link
China Trade Centre華貿中心,/building/china-trade-centre/4961,industrial,direct_link
China Travel Hip Kee Godown 2中旅協記貨倉二倉,/building/china-travel-hip-kee-godown-2/17895,industrial,direct_link
China United Plaza華匯廣場,/building/china-united-plaza/11452,industrial,direct_link
Chinabest International Centre中信國際中心,/building/chinabest-international-centre/6840,industrial,direct_link
Chinachem Industrial Mansion華懋工業大廈,/building/chinachem-industrial-mansion/13843,industrial,direct_link
Chinachem Wah Yiu Industrial Centre華懋華耀工業中心,/building/chinachem-wah-yiu-industrial-centre/11170,industrial,direct_link
Ching Cheong Industrial Building禎昌工業大廈,/building/ching-cheong-industrial-building/6833,industrial,direct_link
Ching Hing Industrial Building正興工業大廈,/building/ching-hing-industrial-building/17332,industrial,direct_link
Chiu Tat Factory Building超達工廠大廈,/building/chiu-tat-factory-building/6229,industrial,direct_link
Chu Kong Godown Block 1珠江貨倉1倉,/building/chu-kong-godown-block-1/16899,industrial,direct_link
Chu Kong Godown Block 2珠江貨倉2倉,/building/chu-kong-godown-block-2/16898,industrial,direct_link
Chuan Kei Factory Building泉基工業大廈,/building/chuan-kei-factory-building/11540,industrial,direct_link
Chuan Yuan Factory Building泉源工業大廈,/building/chuan-yuan-factory-building/4591,industrial,direct_link
Chung Dah Godown Building中大貨倉大廈,/building/chung-dah-godown-building/7785,industrial,direct_link
Chung Hing Industrial Mansions中興工業大廈,/building/chung-hing-industrial-mansions/4651,industrial,direct_link
Chung Kiu Godown Building中僑貨倉大廈,/building/chung-kiu-godown-building/17325,industrial,direct_link
"Chung Mei Centre, Block A中美中心A座",/building/chung-mei-centre-block-a/7883,industrial,direct_link
"Chung Mei Centre, Block B中美中心B座",/building/chung-mei-centre-block-b/7884,industrial,direct_link
Chung On Industrial Building中安工業大廈,/building/chung-on-industrial-building/4447,industrial,direct_link
Chung Pak Health Care Services Complex松柏康健服務大樓,/building/chung-pak-health-care-services-complex/4688,industrial,direct_link
Chung Shun Knitting Centre忠信針織中心,/building/chung-shun-knitting-centre/17326,industrial,direct_link
CITIC  Telecom Tower中信電訊大廈,/building/citic-telecom-tower/7628,industrial,direct_link
City Industrial Complex城市工業中心,/building/city-industrial-complex/12435,industrial,direct_link
CKK Industrial Building朱鈞記工貿大廈,/building/ckk-industrial-building/16274,industrial,direct_link
Clifford Centre香港中心,/building/clifford-centre/6301,industrial,direct_link
Co-Tack Industrial Building同德工業大廈,/building/co-tack-industrial-building/16347,industrial,direct_link
Coda Designer Centre科達設計中心,/building/coda-designer-centre/3842,industrial,direct_link
Comweb Plaza經達廣場,/building/comweb-plaza/7436,industrial,direct_link
Continental Electric Building康大電業大廈,/building/continental-electric-building/5240,industrial,direct_link
CORE45創匯廣場,/building/core45/7179,industrial,direct_link
Cornell Centre港利中心,/building/cornell-centre/4401,industrial,direct_link
Corporation Square商業廣場,/building/corporation-square/6566,industrial,direct_link
CPL Aromas (Far East) LtdCPL香料(遠東)有限公司,/building/cpl-aromas-far-east-ltd/8183,industrial,direct_link
CRE Centre華創中心,/building/cre-centre/6313,industrial,direct_link
Crown Data Centre I嘉栢中心I,/building/crown-data-centre-i/17478,industrial,direct_link
Crown Data Centre II嘉栢中心II,/building/crown-data-centre-ii/17448,industrial,direct_link
Crown Data Centre III嘉栢中心III,/building/crown-data-centre-iii/13027,industrial,direct_link
Crown Industrial Building冠力工業大廈,/building/crown-industrial-building/4596,industrial,direct_link
Crown Pacific Building嘉柏大廈,/building/crown-pacific-building/4842,industrial,direct_link
D.J. Building申新大廈,/building/d-j-building/5352,industrial,direct_link
Dah Chong Hong Group Building大昌行集團大廈,/building/dah-chong-hong-group-building/4615,industrial,direct_link
Dah Keung Godown大強貨倉,/building/dah-keung-godown/5355,industrial,direct_link
Dan6,/building/dan6/12162,industrial,direct_link
Darton Tower達通大廈,/building/darton-tower/17671,industrial,direct_link
Decca Industrial Centre達藝工業中心,/building/decca-industrial-centre/13253,industrial,direct_link
Delya Industrial Centre Block A德雅工業中心A座,/building/delya-industrial-centre-block-a/15065,industrial,direct_link
Delya Industrial Centre Block B德雅工業中心B座,/building/delya-industrial-centre-block-b/17479,industrial,direct_link
Delya Industrial Centre Block C德雅工業中心C座,/building/delya-industrial-centre-block-c/17480,industrial,direct_link
Derrick Industrial Building得力工業大廈,/building/derrick-industrial-building/3819,industrial,direct_link
Digital Realty Kin ChuenDigital Realty健全街數據中心,/building/digital-realty-kin-chuen/17327,industrial,direct_link
Dormind Industrial Building多利工業大廈,/building/dormind-industrial-building/10644,industrial,direct_link
Draco Industrial Building天輝工業大廈,/building/draco-industrial-building/11444,industrial,direct_link
Dragon Industrial Building龍翔工業大廈,/building/dragon-industrial-building/7789,industrial,direct_link
DSL Warehouse清甜街8-12號,/building/dsl-warehouse/17760,industrial,direct_link
E-Commerce Logistics Centre網豐物流中心,/building/e-commerce-logistics-centre/4558,industrial,direct_link
E. Tat Factory Building怡達工業大廈,/building/e-tat-factory-building/11528,industrial,direct_link
E. Wah Factory Building怡華工業大廈,/building/e-wah-factory-building/3847,industrial,direct_link
EAC Distribution Centre寶隆洋行,/building/eac-distribution-centre/16310,industrial,direct_link
Early Light International Centre旭日國際中心,/building/early-light-international-centre/13472,industrial,direct_link
East Sun Industrial Building怡生工業大廈,/building/east-sun-industrial-building/7005,industrial,direct_link
East Sun Industrial Centre怡生工業中心,/building/east-sun-industrial-centre/7010,industrial,direct_link
Eastern Centre東達中心,/building/eastern-centre/1671,industrial,direct_link
Eastern Factory Building東方工業大厦,/building/eastern-factory-building/16416,industrial,direct_link
Eastern Harbour Centre東港中心,/building/eastern-harbour-centre/7503,industrial,direct_link
Eastern Sea Industrial Building東海工業大廈,/building/eastern-sea-industrial-building/6832,industrial,direct_link
Easy-Pack Industrial Building依時工業大廈,/building/easy-pack-industrial-building/17383,industrial,direct_link
Edward Wong Tower安泰大廈,/building/edward-wong-tower/6302,industrial,direct_link
Edwick Industrial Building億萬工業中心,/building/edwick-industrial-building/7620,industrial,direct_link
Efficiency House義發工業大廈,/building/efficiency-house/7925,industrial,direct_link
Effort Industrial Building力豐工業大廈,/building/effort-industrial-building/7344,industrial,direct_link
Eight Commercial Tower8號商業廣場,/building/eight-commercial-tower/4139,industrial,direct_link
Eldex Industrial Building義達工業大廈,/building/eldex-industrial-building/6390,industrial,direct_link
Elex Industrial Building宜利大廈,/building/elex-industrial-building/17286,industrial,direct_link
Elite Industrial Centre億利工業中心,/building/elite-industrial-centre/6315,industrial,direct_link
Energy Industrial Centre盛力工業中心,/building/energy-industrial-centre/8043,industrial,direct_link
Entrepot Centre港貿中心,/building/entrepot-centre/4614,industrial,direct_link
Epoch Industrial Building時力工業大廈,/building/epoch-industrial-building/16372,industrial,direct_link
Ever Gain Building永得利大廈,/building/ever-gain-building/6465,industrial,direct_link
Ever Gain Building (No.3)永得利大廈(第三座),/building/ever-gain-building-no-3/5351,industrial,direct_link
Ever Gain Centre永得利中心,/building/ever-gain-centre/16378,industrial,direct_link
Ever Gain Centre永得利中心,/building/ever-gain-centre/12397,industrial,direct_link
Ever Gain Plaza Tower 1永得利廣場一座,/building/ever-gain-plaza-tower-1/7250,industrial,direct_link
Ever Gain Plaza Tower 2永得利廣場二座,/building/ever-gain-plaza-tower-2/7251,industrial,direct_link
Everest Industrial Centre毅力工業中心,/building/everest-industrial-centre/4565,industrial,direct_link
Evergreen Industrial Mansion松柏工業大廈,/building/evergreen-industrial-mansion/5671,industrial,direct_link
Everwin Centre恆勝中心,/building/everwin-centre/4722,industrial,direct_link
Ew International Tower安泰國際中心,/building/ew-international-tower/5340,industrial,direct_link
Excelsior Building大成大廈,/building/excelsior-building/6426,industrial,direct_link
Fabrico Factory Building富都工業大廈,/building/fabrico-factory-building/6821,industrial,direct_link
Famous Horse Centre名駒企業大廈,/building/famous-horse-centre/2391,industrial,direct_link
Fang Brothers Textiles Limited Factory Building華昌工業大廈,/building/fang-brothers-textiles-limited-factory-building/12140,industrial,direct_link
Fanling Industrial Centre粉嶺工貿大廈,/building/fanling-industrial-centre/16320,industrial,direct_link
Fashion Centre時穎中心,/building/fashion-centre/5568,industrial,direct_link
Fast Industrial Building福至工業大廈,/building/fast-industrial-building/3374,industrial,direct_link
Fat Lee Industrial Building發利工業大廈,/building/fat-lee-industrial-building/4748,industrial,direct_link
Favor Industrial Centre飛亞工業中心,/building/favor-industrial-centre/11539,industrial,direct_link
Federal Centre發達中心,/building/federal-centre/3746,industrial,direct_link
Fen Hing Industrial Building宏興工業大廈,/building/fen-hing-industrial-building/17384,industrial,direct_link
Festigood Centre豐樂工貿中心,/building/festigood-centre/11518,industrial,direct_link
Fidelity Godown實用貨倉,/building/fidelity-godown/17361,industrial,direct_link
Fidelity Godown Company Limited實用貨倉有限公司,/building/fidelity-godown-company-limited/17328,industrial,direct_link
First Asia Tower第一亞洲中心,/building/first-asia-tower/12156,industrial,direct_link
Flourish Food Manufactory Centre榮華工業大廈,/building/flourish-food-manufactory-centre/15245,industrial,direct_link
Flourish Industrial Building宏力工業大廈,/building/flourish-industrial-building/3527,industrial,direct_link
Fo Tan Industrial Centre富騰工業中心,/building/fo-tan-industrial-centre/11171,industrial,direct_link
"Focal Industrial Centre, Block A富高工業中心A座",/building/focal-industrial-centre-block-a/8148,industrial,direct_link
"Focal Industrial Centre, Block B富高工業中心B座",/building/focal-industrial-centre-block-b/14614,industrial,direct_link
Fonda Industrial Building峯達工業大廈,/building/fonda-industrial-building/11182,industrial,direct_link
Fook Cheong Building福昌大廈,/building/fook-cheong-building/5587,industrial,direct_link
Fook Hing Factory Building復興工廠大廈,/building/fook-hing-factory-building/14458,industrial,direct_link
Fook Hong Industrial Building福康工業大廈,/building/fook-hong-industrial-building/15082,industrial,direct_link
Fook Shing Industrial Building福成工業大廈,/building/fook-shing-industrial-building/4837,industrial,direct_link
Fook Sing Factory Building福星工廠大廈,/building/fook-sing-factory-building/13499,industrial,direct_link
Fook Woo Group Building福和集團大廈,/building/fook-woo-group-building/16321,industrial,direct_link
Fook Yip Building福業大廈,/building/fook-yip-building/10489,industrial,direct_link
Ford Glory Plaza福源廣場,/building/ford-glory-plaza/5561,industrial,direct_link
Forda Industrial Building福達工業大廈,/building/forda-industrial-building/16925,industrial,direct_link
Fortune Factory Building Block A富誠工業大廈A座,/building/fortune-factory-building-block-a/4440,industrial,direct_link
Fortune Factory Building Block B富誠工業大廈 B座,/building/fortune-factory-building-block-b/4437,industrial,direct_link
Fortune Industrial Building福和工業大廈,/building/fortune-industrial-building/17385,industrial,direct_link
Fortune World Resource Co. Ltd富威資源有限公司,/building/fortune-world-resource-co-ltd/16273,industrial,direct_link
Fou Wah Industrial Building富華工業大廈,/building/fou-wah-industrial-building/16393,industrial,direct_link
Four Seas eFood Centre四洲食品網匯中心,/building/four-seas-efood-centre/17535,industrial,direct_link
Four Seas Group Building四洲集團大廈,/building/four-seas-group-building/16983,industrial,direct_link
Freder Centre飛達工商業中心,/building/freder-centre/4662,industrial,direct_link
Free Trade Centre佳貿中心,/building/free-trade-centre/7189,industrial,direct_link
Fu Cheung Centre富昌中心,/building/fu-cheung-centre/12479,industrial,direct_link
Fu Hang Industrial Building富恆工業大廈,/building/fu-hang-industrial-building/11157,industrial,direct_link
Fu Hop Factory building富合工廠大廈,/building/fu-hop-factory-building/4957,industrial,direct_link
Fu Wah Industrial Building富華工業大廈,/building/fu-wah-industrial-building/16894,industrial,direct_link
Fu Yuen Industrial Building富源工業大廈,/building/fu-yuen-industrial-building/12157,industrial,direct_link
Fuk Cheung Factory Building福昌工廠大廈,/building/fuk-cheung-factory-building/13503,industrial,direct_link
Fuk Chiu Factory Building福照工廠大廈,/building/fuk-chiu-factory-building/13443,industrial,direct_link
Fuk Hong Industrial Building福康工業大廈,/building/fuk-hong-industrial-building/6817,industrial,direct_link
Fuk Keung Industrial Building福強工業大廈,/building/fuk-keung-industrial-building/6819,industrial,direct_link
Fuk On Factory Building福安工廠大廈,/building/fuk-on-factory-building/2385,industrial,direct_link
Fuk Tsun Factory Building福全工廠大廈,/building/fuk-tsun-factory-building/13414,industrial,direct_link
Fuk Wo Industrial Building福和工業大廈,/building/fuk-wo-industrial-building/5403,industrial,direct_link
Full View Factory Building裕耀工廠大廈,/building/full-view-factory-building/6818,industrial,direct_link
Fullagar Industrial Building富嘉工業大廈,/building/fullagar-industrial-building/3948,industrial,direct_link
Fully Industrial Building富利工業大廈,/building/fully-industrial-building/17386,industrial,direct_link
Fun Tower天星中心,/building/fun-tower/4710,industrial,direct_link
Fung King Industrial Building馮敬工業大廈,/building/fung-king-industrial-building/12102,industrial,direct_link
Fung Nin Industrial Building豐年工業大廈,/building/fung-nin-industrial-building/13602,industrial,direct_link
Fung Yip Industrial Building豐業工業大廈,/building/fung-yip-industrial-building/4947,industrial,direct_link
Fung Yu Industrial Building鳳如工業大廈,/building/fung-yu-industrial-building/14771,industrial,direct_link
G2000 Warehouse Building縱橫二千貨倉大廈,/building/g2000-warehouse-building/16272,industrial,direct_link
Galaxy Factory Building嘉時工廠大廈,/building/galaxy-factory-building/4649,industrial,direct_link
Garment Centre製衣工業中心,/building/garment-centre/3310,industrial,direct_link
Gateway TS橋滙,/building/gateway-ts/16371,industrial,direct_link
GDS Data CentreGDS數據中心,/building/gds-data-centre/17948,industrial,direct_link
Gee Chang Hong Centre志昌行中心,/building/gee-chang-hong-centre/3840,industrial,direct_link
Gee Chang Industrial Building志昌工業大樓,/building/gee-chang-industrial-building/5392,industrial,direct_link
Gee Fat Factory Building志發工廠大廈,/building/gee-fat-factory-building/13410,industrial,direct_link
Gee Hing Chang Industrial Building志興昌工業大廈,/building/gee-hing-chang-industrial-building/7434,industrial,direct_link
Gee Lok Industrial Building致樂工業大廈,/building/gee-lok-industrial-building/4753,industrial,direct_link
Gee Luen Chang Industrial Building志聯昌工業大樓,/building/gee-luen-chang-industrial-building/4831,industrial,direct_link
Gee Luen Factory Building志聯工廠大廈,/building/gee-luen-factory-building/4571,industrial,direct_link
Gee Luen Hing Industrial Building志聯興工業大廈,/building/gee-luen-hing-industrial-building/5669,industrial,direct_link
Gee Tung Chang Industrial Building志同昌工業大廈,/building/gee-tung-chang-industrial-building/3799,industrial,direct_link
Gee Wing Chang Industrial Building志榮昌工業大廈,/building/gee-wing-chang-industrial-building/3797,industrial,direct_link
Gemmy Development Industrial Building精棉發展工業大廈,/building/gemmy-development-industrial-building/16339,industrial,direct_link
Gemmy Factory Building精棉工業大廈,/building/gemmy-factory-building/4707,industrial,direct_link
Gemstar Tower駿昇中心,/building/gemstar-tower/8147,industrial,direct_link
Genplas Factory Building大眾工業大廈,/building/genplas-factory-building/5603,industrial,direct_link
Glee Industrial Building致利工業大廈,/building/glee-industrial-building/8052,industrial,direct_link
Global Gateway Tower,/building/global-gateway-tower/5572,industrial,direct_link
Global Trade Centre宏貿中心,/building/global-trade-centre/8038,industrial,direct_link
Glory Industrial Building光榮工業大廈,/building/glory-industrial-building/4444,industrial,direct_link
Gold King Industrial Building金基工業大廈,/building/gold-king-industrial-building/4510,industrial,direct_link
Gold Way Industrial Centre Block A高威工業中心A座,/building/gold-way-industrial-centre-block-a/17362,industrial,direct_link
Gold Way Industrial Centre Block B高威工業中心B座,/building/gold-way-industrial-centre-block-b/17363,industrial,direct_link
Golden Bear Industrial Centre金熊工業中心,/building/golden-bear-industrial-centre/8047,industrial,direct_link
Golden Dragon Industrial Centre Block 1金龍工業中心第一座,/building/golden-dragon-industrial-centre-block-1/4511,industrial,direct_link
Golden Dragon Industrial Centre Block 2金龍工業中心第二座,/building/golden-dragon-industrial-centre-block-2/4517,industrial,direct_link
Golden Dragon Industrial Centre Block 3金龍工業中心第三座,/building/golden-dragon-industrial-centre-block-3/17329,industrial,direct_link
Golden Dragon Industrial Centre Block 4金龍工業中心第四座,/building/golden-dragon-industrial-centre-block-4/4518,industrial,direct_link
Golden Industrial Building Tower 1金德工業大廈一座,/building/golden-industrial-building-tower-1/8099,industrial,direct_link
Golden Industrial Building Tower 2金德工業大廈二座,/building/golden-industrial-building-tower-2/8098,industrial,direct_link
Golden Resources Centre金源中心,/building/golden-resources-centre/8064,industrial,direct_link
Golden Sunflower Industrial Building金葵工業大廈,/building/golden-sunflower-industrial-building/12106,industrial,direct_link
Golden Town Industrial Building錦城工業大廈,/building/golden-town-industrial-building/17449,industrial,direct_link
Goldfield Industrial Building Block 1金豐工業大廈1期,/building/goldfield-industrial-building-block-1/17494,industrial,direct_link
Goldfield Industrial Building Block 2金豐工業大廈2期,/building/goldfield-industrial-building-block-2/4516,industrial,direct_link
Goldfield Industrial Centre豐利工業中心,/building/goldfield-industrial-centre/7262,industrial,direct_link
Goldlion Holdings Centre金利來集團中心,/building/goldlion-holdings-centre/6469,industrial,direct_link
Good Ba Ba Hitech Building好爸爸創科大廈,/building/good-ba-ba-hitech-building/17364,industrial,direct_link
Good Harvest Centre豐盈工貿中心,/building/good-harvest-centre/16303,industrial,direct_link
Good Harvest Industrial Building好收成工業大廈,/building/good-harvest-industrial-building/16334,industrial,direct_link
Good Luck Industrial Building好運工業大廈,/building/good-luck-industrial-building/4613,industrial,direct_link
Goodluck Industrial Centre好運工業中心,/building/goodluck-industrial-centre/7376,industrial,direct_link
Goodman Dynamic Centre嘉民達力中心,/building/goodman-dynamic-centre/7796,industrial,direct_link
Goodman Global Gateway嘉民國際訊通中心,/building/goodman-global-gateway/7799,industrial,direct_link
Goodman Interlink嘉民領達中心,/building/goodman-interlink/16864,industrial,direct_link
Goodman Kwai Chung Logistics Centre嘉民葵涌物流中心,/building/goodman-kwai-chung-logistics-centre/13684,industrial,direct_link
Goodman Shatin Logistics Centre Phase 1嘉民沙田物流中心第一期,/building/goodman-shatin-logistics-centre-phase-1/12473,industrial,direct_link
Goodman Shatin Logistics Centre Phase 2嘉民沙田物流中心第二期,/building/goodman-shatin-logistics-centre-phase-2/12477,industrial,direct_link
Goodman Texaco Centre嘉民德高中心,/building/goodman-texaco-centre/5323,industrial,direct_link
Goodman Tsuen Wan Centre嘉民荃灣中心,/building/goodman-tsuen-wan-centre/8166,industrial,direct_link
Goodman Tuen Mun Distribution Centre Block 2嘉民屯門物流中心2座,/building/goodman-tuen-mun-distribution-centre-block-2/11297,industrial,direct_link
Goodman Tuen Mun Distrubution Centre Block 1嘉民屯門物流中心1座,/building/goodman-tuen-mun-distrubution-centre-block-1/11296,industrial,direct_link
Goodman Western Plaza嘉民環宇物流廣場,/building/goodman-western-plaza/11948,industrial,direct_link
Goodman Westlink,/building/goodman-westlink/17766,industrial,direct_link
Goodman Yuen Long Logistics Centre嘉民元朗物流中心,/building/goodman-yuen-long-logistics-centre/13026,industrial,direct_link
Goodview Industrial Building好景工業大廈,/building/goodview-industrial-building/16353,industrial,direct_link
Goodwill Industrial Building信義工業大廈,/building/goodwill-industrial-building/11567,industrial,direct_link
GR8 Inno Tech Centre廣域創科中心,/building/gr8-inno-tech-centre/7183,industrial,direct_link
Grace Industrial Building基利士工業大廈,/building/grace-industrial-building/16304,industrial,direct_link
Grand Business Plaza偉業中心,/building/grand-business-plaza/17387,industrial,direct_link
Grand Industrial Building華寶工業大廈,/building/grand-industrial-building/7893,industrial,direct_link
Grand Marine Center大洋中心,/building/grand-marine-center/11566,industrial,direct_link
Grandion Plaza興迅廣場,/building/grandion-plaza/6316,industrial,direct_link
Grandtech Centre偉達中心,/building/grandtech-centre/7457,industrial,direct_link
Gravity萬有引力,/building/gravity/7888,industrial,direct_link
Great Wall Factory Building長城工廠大廈,/building/great-wall-factory-building/8018,industrial,direct_link
Guardforce Centre衛安中心,/building/guardforce-centre/11159,industrial,direct_link
Gunzetal Building金泰線大廈,/building/gunzetal-building/16385,industrial,direct_link
H.S.Chan Building陳漢深商行大廈,/building/h-s-chan-building/17390,industrial,direct_link
Ha Lung Industrial Building合隆工業大廈,/building/ha-lung-industrial-building/3846,industrial,direct_link
Hale Weal Industrial Building合福工業大廈,/building/hale-weal-industrial-building/15228,industrial,direct_link
Hang Cheong Centre恒昌中心,/building/hang-cheong-centre/12301,industrial,direct_link
Hang Cheong Factory Building恆昌工廠大廈,/building/hang-cheong-factory-building/13050,industrial,direct_link
Hang Fung Industrial Building Phase 1恒豐工業大廈1期,/building/hang-fung-industrial-building-phase-1/4544,industrial,direct_link
Hang Fung Industrial Building Phase 2恒豐工業大廈2期,/building/hang-fung-industrial-building-phase-2/17415,industrial,direct_link
Hang Seng Centre恆生中心,/building/hang-seng-centre/12120,industrial,direct_link
Hang Tung Resources Centre恆通資源中心,/building/hang-tung-resources-centre/13556,industrial,direct_link
Hang Wai Industrial Centre Block A恒威工業中心 A座,/building/hang-wai-industrial-centre-block-a/16340,industrial,direct_link
Hang Wai Industrial Centre Block B恒威工業中心 B座,/building/hang-wai-industrial-centre-block-b/17481,industrial,direct_link
Hang Wai Industrial Centre Block C恒威工業中心 C座,/building/hang-wai-industrial-centre-block-c/17482,industrial,direct_link
Hanway Industrial Building匯恒工業大廈,/building/hanway-industrial-building/11946,industrial,direct_link
Harbour Centre Tower 1維港中心第一座,/building/harbour-centre-tower-1/7456,industrial,direct_link
Harbour Centre Tower 2維港中心第二座,/building/harbour-centre-tower-2/7455,industrial,direct_link
Harbour Industrial Centre港灣工貿中心,/building/harbour-industrial-centre/11548,industrial,direct_link
Harbour Sky海迪中心,/building/harbour-sky/4685,industrial,direct_link
Haribest Industrial Building喜利佳工業大廈,/building/haribest-industrial-building/11177,industrial,direct_link
Harrington Building海林大廈,/building/harrington-building/12151,industrial,direct_link
Harry Industrial Building協力工業大廈,/building/harry-industrial-building/11176,industrial,direct_link
Hay Nien Building禧年大廈,/building/hay-nien-building/4533,industrial,direct_link
HD Engineering Limited漢基機械,/building/hd-engineering-limited/16297,industrial,direct_link
Health Works (Group) Centre健康工房(集團)中心,/building/health-works-group-centre/17005,industrial,direct_link
Hecny Centre均輝中心,/building/hecny-centre/4934,industrial,direct_link
Heng Hing Industrial Building恒興工業大廈,/building/heng-hing-industrial-building/16288,industrial,direct_link
Heng Ngai Jewelry Centre恒藝珠寶大廈,/building/heng-ngai-jewelry-centre/11158,industrial,direct_link
Heng Sang Industrial Building恆生工業大廈,/building/heng-sang-industrial-building/4954,industrial,direct_link
Henley Industrial Centre恒利中心,/building/henley-industrial-centre/13442,industrial,direct_link
Henry Centre恆利中心,/building/henry-centre/7894,industrial,direct_link
Hensey Industrial Building興時工業大廈,/building/hensey-industrial-building/17330,industrial,direct_link
Heraeus Technology Centre賀利氏科技中心,/building/heraeus-technology-centre/16307,industrial,direct_link
Heung Wah Industrial Building香華工業大廈,/building/heung-wah-industrial-building/3822,industrial,direct_link
Hewlett Centre豐利中心,/building/hewlett-centre/5594,industrial,direct_link
Hi Tech Centre深港中心,/building/hi-tech-centre/16285,industrial,direct_link
Hi Yip Factory Building喜業工廠大廈,/building/hi-yip-factory-building/17450,industrial,direct_link
Hi-Speed Centre 1海迅中心1座,/building/hi-speed-centre-1/16313,industrial,direct_link
Hi-Tech Industrial Centre Blk A嘉力工業中心A座,/building/hi-tech-industrial-centre-blk-a/13721,industrial,direct_link
Hi-Tech Industrial Centre Blk B嘉力工業中心B座,/building/hi-tech-industrial-centre-blk-b/13707,industrial,direct_link
High Win Factory Building凱源工業大廈,/building/high-win-factory-building/5589,industrial,direct_link
Hilder Centre富德中心,/building/hilder-centre/12508,industrial,direct_link
Hing Fung Printing & Dyeing Factory Ltd慶豐印染廠有限公司,/building/hing-fung-printing-dyeing-factory-ltd/16392,industrial,direct_link
Hing Lee Industrial Building興利工業大廈,/building/hing-lee-industrial-building/12304,industrial,direct_link
Hing Wah Industrial Building興華工業大廈,/building/hing-wah-industrial-building/16892,industrial,direct_link
Hing Wai Centre興偉中心,/building/hing-wai-centre/6173,industrial,direct_link
Hing Wai Ice & Cold Storage Building興偉冰廠凍房,/building/hing-wai-ice-cold-storage-building/6171,industrial,direct_link
Hing Win Factory Building興運工業大廈,/building/hing-win-factory-building/4612,industrial,direct_link
Hing Yip Centre興業中心,/building/hing-yip-centre/13605,industrial,direct_link
Hing Yip Centre興業中心,/building/hing-yip-centre/7880,industrial,direct_link
Hip Wo Industrial Building協和工業大廈,/building/hip-wo-industrial-building/2390,industrial,direct_link
HK JEBN Group Center樓上集團中心,/building/hk-jebn-group-center/8033,industrial,direct_link
HKI Building香江國際工商大廈,/building/hki-building/4716,industrial,direct_link
HKTV Mall Logistics CentreHKTV 屯門物流中心,/building/hktv-mall-logistics-centre/17477,industrial,direct_link
Ho King Factory Building好景工業大廈,/building/ho-king-factory-building/17388,industrial,direct_link
Ho Lik Centre豪力中心,/building/ho-lik-centre/6423,industrial,direct_link
Hoi Bun Industrial Building海濱工業大廈,/building/hoi-bun-industrial-building/4848,industrial,direct_link
Hoi Cheung industrial building凱昌工業大廈,/building/hoi-cheung-industrial-building/11291,industrial,direct_link
Hoi Luen Industrial Centre Block A開聯工業中心A座,/building/hoi-luen-industrial-centre-block-a/5595,industrial,direct_link
Hoi Luen Industrial Centre Block B開聯工業中心B座,/building/hoi-luen-industrial-centre-block-b/5585,industrial,direct_link
Hoi Tai Factory Estate開泰工廠大廈,/building/hoi-tai-factory-estate/16346,industrial,direct_link
Honfield Industrial Building康耀工業大廈,/building/honfield-industrial-building/16300,industrial,direct_link
Hong Kong (Chai Wan) Industrial Building香港(柴灣)工業大廈,/building/hong-kong-chai-wan-industrial-building/4446,industrial,direct_link
Hong Kong Baptist Hospital Support Services Centre香港浸信會醫院後勤中心,/building/hong-kong-baptist-hospital-support-services-centre/11512,industrial,direct_link
Hong Kong Commercial Daily Building香港商報大廈,/building/hong-kong-commercial-daily-building/17389,industrial,direct_link
Hong Kong Industrial Building香港工業大廈,/building/hong-kong-industrial-building/843,industrial,direct_link
Hong Kong Industrial Centre Block A香港工業中心A座,/building/hong-kong-industrial-centre-block-a/3295,industrial,direct_link
Hong Kong Industrial Centre Block B香港工業中心B座,/building/hong-kong-industrial-centre-block-b/3388,industrial,direct_link
Hong Kong Industrial Centre Block C香港工業中心C座,/building/hong-kong-industrial-centre-block-c/3286,industrial,direct_link
Hong Kong Manufacturing Building香港企業大廈,/building/hong-kong-manufacturing-building/4937,industrial,direct_link
"Hong Kong Spinners Industrial Building Phase 1 & 2香港紗廠工業大廈第一, 二期",/building/hong-kong-spinners-industrial-building-phase-1-2/6331,industrial,direct_link
Hong Kong Spinners Industrial Building Phase 5香港紗廠工業大廈第五期,/building/hong-kong-spinners-industrial-building-phase-5/3338,industrial,direct_link
Hong Kong Spinners Industrial Building Phase 6香港紗廠工業大廈第六期,/building/hong-kong-spinners-industrial-building-phase-6/3284,industrial,direct_link
Hong Kong Worsted Mills Industrial Building香港毛紡工業大廈,/building/hong-kong-worsted-mills-industrial-building/7911,industrial,direct_link
Hong Leong Industry Complex豐隆工業中心,/building/hong-leong-industry-complex/4495,industrial,direct_link
Hong Leong Plaza (Phase II)豐隆廣場(二期),/building/hong-leong-plaza-phase-ii/11516,industrial,direct_link
Hong Leong Plaza(Phase I)豐隆廣場(一期),/building/hong-leong-plaza-phase-i/11515,industrial,direct_link
Hong Man Industrial Centre康民工業中心,/building/hong-man-industrial-centre/11198,industrial,direct_link
Hong Tai Building康泰工廈,/building/hong-tai-building/8077,industrial,direct_link
Honour Industrial Centre安力工業中心,/building/honour-industrial-centre/4140,industrial,direct_link
Hop Hing Industrial Building合興工業大廈,/building/hop-hing-industrial-building/3379,industrial,direct_link
Hop Lung Factory Building合隆工廠大廈,/building/hop-lung-factory-building/11787,industrial,direct_link
Hop Ming Factory Building合明工廠大廈,/building/hop-ming-factory-building/5656,industrial,direct_link
Hop Shi Factory Building合時工廠大廈,/building/hop-shi-factory-building/14460,industrial,direct_link
Hope Sea Industrial Centre富洋工業中心,/building/hope-sea-industrial-centre/5547,industrial,direct_link
Hopeful Factory Centre海輝工業中心,/building/hopeful-factory-centre/7001,industrial,direct_link
Hopeful Godown合豐貨倉,/building/hopeful-godown/17365,industrial,direct_link
Hopewell Logistics Centre合和建材中心,/building/hopewell-logistics-centre/16486,industrial,direct_link
Hoplite Industrial Centre Block A合力工業中心A座,/building/hoplite-industrial-centre-block-a/5253,industrial,direct_link
Hoplite Industrial Centre Block B合力工業中心B座,/building/hoplite-industrial-centre-block-b/5254,industrial,direct_link
Horizon East東傲,/building/horizon-east/17467,industrial,direct_link
Horizon Plaza新海怡廣場,/building/horizon-plaza/6182,industrial,direct_link
Horizon Sea海傲,/building/horizon-sea/17694,industrial,direct_link
Hou Feng Industrial Building厚豐工業大廈,/building/hou-feng-industrial-building/8042,industrial,direct_link
House of Corona寶冠大廈,/building/house-of-corona/4742,industrial,direct_link
Houston Industrial Building興盛工業大廈,/building/houston-industrial-building/8156,industrial,direct_link
Houtex Industrial Building志成工業大廈,/building/houtex-industrial-building/4728,industrial,direct_link
Hover Industrial Building豪華工業大廈,/building/hover-industrial-building/6831,industrial,direct_link
How Ming Factory Building巧明工廠大廈,/building/how-ming-factory-building/4605,industrial,direct_link
Howard Factory Building巧運工業大廈,/building/howard-factory-building/7185,industrial,direct_link
Hundsun International Center恒雲國際中心,/building/hundsun-international-center/3814,industrial,direct_link
Hung Cheong Factory Building鴻昌工廠大廈,/building/hung-cheong-factory-building/16376,industrial,direct_link
Hung Cheung Industrial Centre (Phase 1)鴻昌工業中心(第一期),/building/hung-cheung-industrial-centre-phase-1/16327,industrial,direct_link
Hung Cheung Industrial Centre (Phase 2)鴻昌工業中心(第二期),/building/hung-cheung-industrial-centre-phase-2/16328,industrial,direct_link
Hung Fuk Factory Building鴻福工廠大廈,/building/hung-fuk-factory-building/17391,industrial,direct_link
Hung Mou Industrial Building鴻懋工業大廈,/building/hung-mou-industrial-building/4763,industrial,direct_link
Hung Shing Industrial Building鴻盛工業大廈,/building/hung-shing-industrial-building/17392,industrial,direct_link
Hung Tai Industrial Building鴻泰工業大廈,/building/hung-tai-industrial-building/4724,industrial,direct_link
Hung Tat Industrial Building鴻達工業大廈,/building/hung-tat-industrial-building/4759,industrial,direct_link
Hung To Centre鴻圖中心,/building/hung-to-centre/4609,industrial,direct_link
Hung To Industrial Building鴻圖工業大廈,/building/hung-to-industrial-building/4712,industrial,direct_link
Hung Wai Industrial Building雄偉工業大廈,/building/hung-wai-industrial-building/16893,industrial,direct_link
Hutchison Logistics Centre和黃物流中心,/building/hutchison-logistics-centre/7021,industrial,direct_link
HYC興業中心,/building/hyc/5333,industrial,direct_link
iCity Tower 1iCity 一座,/building/icity-tower-1/11470,industrial,direct_link
iCity Tower 2iCity 二座,/building/icity-tower-2/17947,industrial,direct_link
Ids Li Fung Centre利和利豐中心,/building/ids-li-fung-centre/7458,industrial,direct_link
Infotech Centre訊科中心,/building/infotech-centre/4741,industrial,direct_link
International Industrial Building國際工業大廈,/building/international-industrial-building/5354,industrial,direct_link
International Industrial Building國際工業大廈,/building/international-industrial-building/3382,industrial,direct_link
International Industrial Centre國際工業中心,/building/international-industrial-centre/16322,industrial,direct_link
International Plaza環球工商大廈,/building/international-plaza/15083,industrial,direct_link
International Trade Centre達貿中心,/building/international-trade-centre/6420,industrial,direct_link
IPC CentreIPC中心,/building/ipc-centre/16265,industrial,direct_link
iPlace,/building/iplace/13694,industrial,direct_link
Island Industrial Building金堡工業大廈,/building/island-industrial-building/12116,industrial,direct_link
iTech Tower 1,/building/itech-tower-1/11570,industrial,direct_link
iTech Tower 2,/building/itech-tower-2/17331,industrial,direct_link
JC Tower偉業街91號,/building/jc-tower/4919,industrial,direct_link
Jetta House鎮泰中心,/building/jetta-house/16319,industrial,direct_link
Jing Hin Godown (Yuen Long) Ltd正興貨倉,/building/jing-hin-godown-yuen-long-ltd/8184,industrial,direct_link
Jing Hin Industrisl Building正興工業大廈,/building/jing-hin-industrisl-building/16263,industrial,direct_link
Jing Ho Industrial Building正好工業大厦,/building/jing-ho-industrial-building/8154,industrial,direct_link
Johnson Industrial Mansion祥順工業大廈,/building/johnson-industrial-mansion/4579,industrial,direct_link
Join In Hang Sing Centre鍾意恆勝中心,/building/join-in-hang-sing-centre/7253,industrial,direct_link
Joint Venture Factory Building聯運工業大廈,/building/joint-venture-factory-building/4717,industrial,direct_link
Jone Mult Industrial Building中懋工業大廈,/building/jone-mult-industrial-building/4953,industrial,direct_link
Joy Fat Factory Bldg再發工廠大廈,/building/joy-fat-factory-bldg/3289,industrial,direct_link
Jumbo iAdvantage,/building/jumbo-iadvantage/7801,industrial,direct_link
Jumbo Industrial Building金寶工業大廈,/building/jumbo-industrial-building/17393,industrial,direct_link
Jumbo Plaza珍寶廣場,/building/jumbo-plaza/16284,industrial,direct_link
K&M Group Centre金馬集團中心,/building/k-m-group-centre/17471,industrial,direct_link
K.K. Industrial Building金鍚工業大廈,/building/k-k-industrial-building/4657,industrial,direct_link
Ka Ming Factory Building嘉名工廠大廈,/building/ka-ming-factory-building/3291,industrial,direct_link
Ka To Factory Building嘉圖工廠大廈,/building/ka-to-factory-building/7430,industrial,direct_link
Ka Wing Factory Building嘉榮工廠大廈,/building/ka-wing-factory-building/11465,industrial,direct_link
Kader Building開達大廈,/building/kader-building/4620,industrial,direct_link
Kai Bo 22佳寶22,/building/kai-bo-22/8040,industrial,direct_link
Kai Bo Group Centre佳宝集團中心,/building/kai-bo-group-centre/17367,industrial,direct_link
Kai Fuk Industrial Centre啟福工業中心,/building/kai-fuk-industrial-centre/11543,industrial,direct_link
Kai It Building蓋一大廈,/building/kai-it-building/4659,industrial,direct_link
Kai Tak Factory Building Stage 1啟德工廠大廈第一期,/building/kai-tak-factory-building-stage-1/13283,industrial,direct_link
Kai Tak Factory Building Stage 2啟德工廠大廈第二期,/building/kai-tak-factory-building-stage-2/13272,industrial,direct_link
Kai Yip Factory Building啟業工廠大廈,/building/kai-yip-factory-building/16604,industrial,direct_link
Kailey Industrial Centre Block A啟力工業大廈A座,/building/kailey-industrial-centre-block-a/3800,industrial,direct_link
Kailey Industrial Centre Block B啟力工業大廈B座,/building/kailey-industrial-centre-block-b/3801,industrial,direct_link
Kaiser Estate Phase 1凱旋工商中心第一期,/building/kaiser-estate-phase-1/6861,industrial,direct_link
Kaiser Estate Phase 2凱旋工商中心第二期,/building/kaiser-estate-phase-2/6856,industrial,direct_link
Kaiser Estate Phase 3凱旋工商中心第三期,/building/kaiser-estate-phase-3/4540,industrial,direct_link
Kam Bun Industrial Building錦濱工業大廈,/building/kam-bun-industrial-building/12139,industrial,direct_link
Kam Chung Factory Building金涌工業大廈,/building/kam-chung-factory-building/12104,industrial,direct_link
Kam Foo Industrial Building金富工業大廈,/building/kam-foo-industrial-building/11472,industrial,direct_link
Kam Hon Industrial Building金漢工業大廈,/building/kam-hon-industrial-building/3528,industrial,direct_link
Kam Lung Centre錦龍中心,/building/kam-lung-centre/17297,industrial,direct_link
Kam Man Fung Factory Building金萬豐工業大廈,/building/kam-man-fung-factory-building/11200,industrial,direct_link
Kam Shing industrial Building金城工業大廈,/building/kam-shing-industrial-building/12145,industrial,direct_link
Kam Teem Industrial Building錦添工業大廈,/building/kam-teem-industrial-building/612,industrial,direct_link
Kan Kee Warehouse根記貨庫,/building/kan-kee-warehouse/12055,industrial,direct_link
Kantone Centre看通中心,/building/kantone-centre/4449,industrial,direct_link
Kapok Industrial Building紅棉工業大廈,/building/kapok-industrial-building/5306,industrial,direct_link
Kar Chau Industrial Building嘉就工業大廈,/building/kar-chau-industrial-building/5400,industrial,direct_link
Kar Wah Industrial Building嘉華工業大廈,/building/kar-wah-industrial-building/7889,industrial,direct_link
Karin Building嘉靈大廈,/building/karin-building/17394,industrial,direct_link
Kawada Plaza川田工貿廣場,/building/kawada-plaza/16315,industrial,direct_link
Kawada Plaza II川田工貿廣場2期,/building/kawada-plaza-ii/17472,industrial,direct_link
Keader Centre基達中心,/building/keader-centre/17451,industrial,direct_link
Kee Wah Industrial Building奇華工業大廈,/building/kee-wah-industrial-building/3375,industrial,direct_link
Keen Match Centre嘉合發展中心,/building/keen-match-centre/17379,industrial,direct_link
Kenning Industrial Building健力工業大廈,/building/kenning-industrial-building/4550,industrial,direct_link
Kentucky Industrial Building根德工業大廈,/building/kentucky-industrial-building/17333,industrial,direct_link
Kerry Cargo Centre嘉里貨運中心,/building/kerry-cargo-centre/16485,industrial,direct_link
Kerry Hung Kai Warehouse嘉里鴻基貨倉,/building/kerry-hung-kai-warehouse/12996,industrial,direct_link
Kerry Kwai Chung Warehouse嘉里葵涌貨倉,/building/kerry-kwai-chung-warehouse/17660,industrial,direct_link
Kerry TC Warehouse 1嘉里溫控貨倉1,/building/kerry-tc-warehouse-1/16497,industrial,direct_link
Kerry TC Warehouse 2嘉里溫控貨倉2,/building/kerry-tc-warehouse-2/17369,industrial,direct_link
Kerry Tsuen Wan Warehouse嘉里荃灣貨倉,/building/kerry-tsuen-wan-warehouse/17368,industrial,direct_link
Kerry Warehouse嘉里貨倉,/building/kerry-warehouse/16266,industrial,direct_link
Kevin Wong Development Building華凱發展大廈,/building/kevin-wong-development-building/4535,industrial,direct_link
Keysky Industrial Building天順工業大廈,/building/keysky-industrial-building/4946,industrial,direct_link
Khora宏創方,/building/khora/12316,industrial,direct_link
Kimball Industrial Building建邦工業大廈,/building/kimball-industrial-building/4916,industrial,direct_link
Kimberland Center金百盛中心,/building/kimberland-center/5566,industrial,direct_link
Kin Fat Industrial Centre建發工業中心,/building/kin-fat-industrial-centre/16354,industrial,direct_link
Kin Ga Industrial Building堅基工業大廈,/building/kin-ga-industrial-building/11942,industrial,direct_link
Kin Hing Industrial Building建興工業大廈,/building/kin-hing-industrial-building/16911,industrial,direct_link
Kin Ho Industrial Building Block 1金豪工業大厦第一座,/building/kin-ho-industrial-building-block-1/11172,industrial,direct_link
Kin Ho Industrial Building Block 2金豪工業大厦第二座,/building/kin-ho-industrial-building-block-2/11173,industrial,direct_link
Kin Luen Factory Building建聯工廠大廈,/building/kin-luen-factory-building/8078,industrial,direct_link
Kin Sang Industrial Building建生工業大廈,/building/kin-sang-industrial-building/4910,industrial,direct_link
Kin Tak Fung Industrial Building建德豐工業大廈,/building/kin-tak-fung-industrial-building/4949,industrial,direct_link
Kin Teck Industrial Building建德工業大廈,/building/kin-teck-industrial-building/3849,industrial,direct_link
Kin Wing Industrial Building建榮工業大廈,/building/kin-wing-industrial-building/12495,industrial,direct_link
Kinetic Industrial Centre興力工業中心,/building/kinetic-industrial-centre/4500,industrial,direct_link
King Center嘉慶中心,/building/king-center/17040,industrial,direct_link
King Palace Plaza皇廷廣場,/building/king-palace-plaza/6403,industrial,direct_link
King Wan Industrial Building景雲大廈,/building/king-wan-industrial-building/4715,industrial,direct_link
King Win Factory Building敬運工業大廈,/building/king-win-factory-building/11206,industrial,direct_link
King Yip Factory Building敬業工廠大廈,/building/king-yip-factory-building/11201,industrial,direct_link
Kinglet Industrial Building群力工業大廈,/building/kinglet-industrial-building/8036,industrial,direct_link
Kingley Industrial Building Block 1金來工業大廈一座,/building/kingley-industrial-building-block-1/6787,industrial,direct_link
Kingley Industrial Building Block 2金來工業大廈二座,/building/kingley-industrial-building-block-2/6788,industrial,direct_link
Kingsford Industrial Building Phase 1金發工業大廈一期,/building/kingsford-industrial-building-phase-1/7341,industrial,direct_link
Kingsford Industrial Building Phase 2金發工業大廈二期,/building/kingsford-industrial-building-phase-2/7340,industrial,direct_link
Kingsford Industrial Centre景發工業中心,/building/kingsford-industrial-centre/4548,industrial,direct_link
Kingsun Computer Industrial Building金山電腦大廈,/building/kingsun-computer-industrial-building/5987,industrial,direct_link
Kingsway Industrial Building Phase I金威工業大廈第一期,/building/kingsway-industrial-building-phase-i/7899,industrial,direct_link
Kingsway Industrial Building Phase II金威工業大廈第二期,/building/kingsway-industrial-building-phase-ii/17540,industrial,direct_link
Kingswin Industrial Building Block 1金運工業大廈第一座,/building/kingswin-industrial-building-block-1/7621,industrial,direct_link
Kingswin Industrial Building Block 2金運工業大廈第二座,/building/kingswin-industrial-building-block-2/17334,industrial,direct_link
Kinox Centre建業中心,/building/kinox-centre/4726,industrial,direct_link
Kinwah Factory Building建華工業大廈,/building/kinwah-factory-building/4506,industrial,direct_link
Kiu Kwong Industrial Building僑光工業大廈,/building/kiu-kwong-industrial-building/17335,industrial,direct_link
KMB Overhaul Centre九巴屯門總修中心,/building/kmb-overhaul-centre/16341,industrial,direct_link
Kmb Tuen Mun Depot九巴車廠,/building/kmb-tuen-mun-depot/16342,industrial,direct_link
Knapwood Industrial Building艾域林工業大廈,/building/knapwood-industrial-building/4744,industrial,direct_link
Ko Fai Industrial Building Block A高輝工業大廈A座,/building/ko-fai-industrial-building-block-a/5613,industrial,direct_link
Ko Fai Industrial Building Block B高輝工業大廈B座,/building/ko-fai-industrial-building-block-b/5608,industrial,direct_link
Ko Fai Industrial Building Block C高輝工業大廈C座,/building/ko-fai-industrial-building-block-c/5610,industrial,direct_link
Ko Leung Industrial Building高良工業大廈,/building/ko-leung-industrial-building/4532,industrial,direct_link
Kodak House II柯達大廈二期,/building/kodak-house-ii/2055,industrial,direct_link
Kong Nam Industrial Building (Block A)江南工業大廈(A座),/building/kong-nam-industrial-building-block-a/3366,industrial,direct_link
Kong Nam Industrial Building (Block B)江南工業大廈(B座),/building/kong-nam-industrial-building-block-b/3404,industrial,direct_link
Kong Sheng Factory Building恭誠工廠大廈,/building/kong-sheng-factory-building/7892,industrial,direct_link
Konnect Smart Logistics Centrev凱聯溫控智庫,/building/konnect-smart-logistics-centrev/16483,industrial,direct_link
Koon Wah Building冠華大廈,/building/koon-wah-building/6468,industrial,direct_link
Koon Wah Mirror Factory (6TH)  Industrial Building Block 2冠華鏡廠(第六)工業大廈第二座,/building/koon-wah-mirror-factory-6th-industrial-building-block-2/11289,industrial,direct_link
Koon Wah Mirror Factory (6TH) Industrial Building Block 1冠華鏡廠(第六)工業大廈第一座,/building/koon-wah-mirror-factory-6th-industrial-building-block-1/11288,industrial,direct_link
Koon Wo Industrial Building冠和工業大廈,/building/koon-wo-industrial-building/11477,industrial,direct_link
Kowloon Bay Industrial Centre九龍灣工業中心,/building/kowloon-bay-industrial-centre/4547,industrial,direct_link
Kowloon Godown九龍貨倉,/building/kowloon-godown/4765,industrial,direct_link
Kowloon Plaza九龍廣場,/building/kowloon-plaza/3317,industrial,direct_link
Kras Asia Industrial Building嘉士亞洲工業大廈,/building/kras-asia-industrial-building/4751,industrial,direct_link
KT 336觀塘道336號,/building/kt-336/4592,industrial,direct_link
KTA Centre廣泰中心,/building/kta-centre/16302,industrial,direct_link
Kui Kwoon Industrial Centre鉅冠工業中心,/building/kui-kwoon-industrial-centre/11947,industrial,direct_link
Kung Yuen Weaving Factory公源商標織造廠,/building/kung-yuen-weaving-factory/3384,industrial,direct_link
Kut Shing Building吉勝大廈,/building/kut-shing-building/13255,industrial,direct_link
Kwai Bo Industrial Building貴寶工業大廈,/building/kwai-bo-industrial-building/3825,industrial,direct_link
Kwai Bon Logistics Centre桂邦物流中心,/building/kwai-bon-logistics-centre/17370,industrial,direct_link
Kwai Cheong Centre葵昌中心,/building/kwai-cheong-centre/6828,industrial,direct_link
Kwai Fong Industrial Building貴豐工業大廈,/building/kwai-fong-industrial-building/6830,industrial,direct_link
Kwai Hing Industrial Building葵興工業大廈,/building/kwai-hing-industrial-building/13856,industrial,direct_link
Kwai Shing Industrial Building Phase 1貴盛工業大廈1期,/building/kwai-shing-industrial-building-phase-1/4509,industrial,direct_link
Kwai Shing Industrial Building Phase 2貴盛工業大廈2期,/building/kwai-shing-industrial-building-phase-2/4508,industrial,direct_link
Kwai Shun Industrial Centre葵順工業中心,/building/kwai-shun-industrial-centre/7252,industrial,direct_link
Kwai Tak Industrial Centre Block 1葵德工業中心第一座,/building/kwai-tak-industrial-centre-block-1/8102,industrial,direct_link
Kwai Tak Industrial Centre Block 2葵德工業中心第二座,/building/kwai-tak-industrial-centre-block-2/8100,industrial,direct_link
Kwai Wan Industrial Building葵灣工業大廈,/building/kwai-wan-industrial-building/8039,industrial,direct_link
Kwai Wu Industrial Building葵匯工業大廈,/building/kwai-wu-industrial-building/11467,industrial,direct_link
Kwong Ga Factory Building廣基工廠大廈,/building/kwong-ga-factory-building/4287,industrial,direct_link
Kwong Kin Trade Centre廣建貿易中心,/building/kwong-kin-trade-centre/16350,industrial,direct_link
Kwong Sang Hong Centre廣生行中心,/building/kwong-sang-hong-centre/5368,industrial,direct_link
Kwong Sun Hong Godown廣新行貨倉有限公司(第四倉),/building/kwong-sun-hong-godown/16301,industrial,direct_link
Kwong Tai Factory Building廣大工廠大廈,/building/kwong-tai-factory-building/6257,industrial,direct_link
Kwun Kee Tailor Industrial Centre觀奇洋服工業中心,/building/kwun-kee-tailor-industrial-centre/17395,industrial,direct_link
Kwun Tong Industrial Centre Phase 1觀塘工業中心第一期,/building/kwun-tong-industrial-centre-phase-1/4590,industrial,direct_link
Kwun Tong Industrial Centre Phase 2觀塘工業中心第二期,/building/kwun-tong-industrial-centre-phase-2/4563,industrial,direct_link
Kwun Tong Industrial Centre Phase 3觀塘工業中心第三期,/building/kwun-tong-industrial-centre-phase-3/4564,industrial,direct_link
Kwun Tong Industrial Centre Phase 4觀塘工業中心第四期,/building/kwun-tong-industrial-centre-phase-4/4559,industrial,direct_link
Lai Cheong Factory Building麗昌工廠大廈,/building/lai-cheong-factory-building/3300,industrial,direct_link
Lai Sun Yuen Long Centre麗新元朗中心,/building/lai-sun-yuen-long-centre/11282,industrial,direct_link
Lamex Warehouse美時貨倉,/building/lamex-warehouse/16308,industrial,direct_link
Lanton Industrial Building連順工業大廈,/building/lanton-industrial-building/4950,industrial,direct_link
Lap Shun Industrial Building立信工業大廈,/building/lap-shun-industrial-building/8063,industrial,direct_link
Larch Industrial Building洋松工業大廈,/building/larch-industrial-building/8084,industrial,direct_link
Laurels Industrial Centre泰力工業中心,/building/laurels-industrial-centre/7927,industrial,direct_link
Lead On Industrial Building立安工業大廈,/building/lead-on-industrial-building/11457,industrial,direct_link
Leader Centre利達中心,/building/leader-centre/3838,industrial,direct_link
Leader Industrial Centre利達工業中心,/building/leader-industrial-centre/11184,industrial,direct_link
Leader Industrial Centre Phase 1立泰工業中心(第1座),/building/leader-industrial-centre-phase-1/5343,industrial,direct_link
Leader Industrial Centre Phase 2立泰工業中心(第2座),/building/leader-industrial-centre-phase-2/5347,industrial,direct_link
Leahander Centre利興強中心,/building/leahander-centre/16382,industrial,direct_link
Leapont Centre聯邦中心,/building/leapont-centre/12465,industrial,direct_link
Lee Chung Industrial Building利中工業大廈,/building/lee-chung-industrial-building/16430,industrial,direct_link
Lee Fund Centre利基中心,/building/lee-fund-centre/3808,industrial,direct_link
Lee Ka Industrial Building利嘉工業大廈,/building/lee-ka-industrial-building/11454,industrial,direct_link
Lee King Industrial Building利景工業大廈,/building/lee-king-industrial-building/11459,industrial,direct_link
Lee On Industrial Building利安工業大廈,/building/lee-on-industrial-building/4758,industrial,direct_link
Lee Sum Factory Building利森工廠大廈,/building/lee-sum-factory-building/11463,industrial,direct_link
Lee Wan Factory Building利運工廠大廈,/building/lee-wan-factory-building/17429,industrial,direct_link
Legan Centre,/building/legan-centre/17293,industrial,direct_link
Leitz Industrial Building利時工業大廈,/building/leitz-industrial-building/8164,industrial,direct_link
Lemmi Centre利寶時中心,/building/lemmi-centre/5584,industrial,direct_link
Len Shing Industrial Building聯昇工業大廈,/building/len-shing-industrial-building/17468,industrial,direct_link
Leun Fat Loong Industrial Building聯發隆工業大廈,/building/leun-fat-loong-industrial-building/4411,industrial,direct_link
Leung Yip Industrial Building兩業工業大廈,/building/leung-yip-industrial-building/16969,industrial,direct_link
Lever Tech Centre利華科技中心,/building/lever-tech-centre/11202,industrial,direct_link
Lico Industrial Building理高工業大廈,/building/lico-industrial-building/4576,industrial,direct_link
Lin Fung Centre連豐中心,/building/lin-fung-centre/5329,industrial,direct_link
Lincoln Centre利亨中心,/building/lincoln-centre/10646,industrial,direct_link
Linkchart Centre聯卓中心,/building/linkchart-centre/4526,industrial,direct_link
Liven House利維大廈,/building/liven-house/11208,industrial,direct_link
Lladro Centre溢財中心,/building/lladro-centre/5586,industrial,direct_link
Lmk Development Estate羅氏美光發展大廈,/building/lmk-development-estate/16418,industrial,direct_link
Lok Kui Industrial Building樂居工業大廈,/building/lok-kui-industrial-building/4708,industrial,direct_link
Lok's Industrial Building駱氏工業大廈,/building/lok-s-industrial-building/17411,industrial,direct_link
Long Life Industrial Building萬年工業大廈,/building/long-life-industrial-building/5611,industrial,direct_link
Long To Building浪淘大廈,/building/long-to-building/3373,industrial,direct_link
Lucida Industrial Building龍力工業大廈,/building/lucida-industrial-building/8162,industrial,direct_link
Lucky Factory Building鴻運工廠大廈,/building/lucky-factory-building/4749,industrial,direct_link
Lucky Horse Industrial Building龍駒企業大廈,/building/lucky-horse-industrial-building/6820,industrial,direct_link
Lucky House幸福大廈,/building/lucky-house/9517,industrial,direct_link
Luen Cheong Can Centre聯昌中心,/building/luen-cheong-can-centre/13406,industrial,direct_link
Luen Fat Industrial Third Building聯發工業第三大廈,/building/luen-fat-industrial-third-building/17336,industrial,direct_link
Luen Hing Factory Building聯興工廠大廈,/building/luen-hing-factory-building/7784,industrial,direct_link
Luen Ming Hing Factory Building聯明興工廠大廈,/building/luen-ming-hing-factory-building/4661,industrial,direct_link
Luk Hop Industrial Building六合工業大廈,/building/luk-hop-industrial-building/4655,industrial,direct_link
Lung Cheong Building龍昌大廈,/building/lung-cheong-building/11517,industrial,direct_link
Lung Fung Group Centre龍豐集團中心,/building/lung-fung-group-centre/16293,industrial,direct_link
Lung Shing Factory Building隆盛工廠大廈,/building/lung-shing-factory-building/5326,industrial,direct_link
Lung Wah International Godown龍華國際貨運中心,/building/lung-wah-international-godown/8159,industrial,direct_link
M PlaceM place,/building/m-place/3815,industrial,direct_link
M.P. Industrial Centre Block A明報工業中心A座,/building/m-p-industrial-centre-block-a/3782,industrial,direct_link
M.P. Industrial Centre Block B明報工業中心B座,/building/m-p-industrial-centre-block-b/3781,industrial,direct_link
Mackenny Centre百生利中心,/building/mackenny-centre/3294,industrial,direct_link
Mai Gar Industrial Building美嘉工業大廈,/building/mai-gar-industrial-building/4969,industrial,direct_link
Mai Hing Industrial Building Block A美興工業大廈A座,/building/mai-hing-industrial-building-block-a/7876,industrial,direct_link
Mai Hing Industrial Building Block B美興工業大廈B座,/building/mai-hing-industrial-building-block-b/7878,industrial,direct_link
Mai Hong Industrial Building美康工業大廈,/building/mai-hong-industrial-building/4940,industrial,direct_link
Mai Kei Industrial Building美基工業大廈,/building/mai-kei-industrial-building/16367,industrial,direct_link
Mai Luen Industrial Building美聯工業大廈,/building/mai-luen-industrial-building/7347,industrial,direct_link
Mai On Industrial Building美安工業大廈,/building/mai-on-industrial-building/7349,industrial,direct_link
Mai Shun Industrial Building美順工業大廈,/building/mai-shun-industrial-building/6838,industrial,direct_link
Mai Sik Industrial Building美適工業大廈,/building/mai-sik-industrial-building/16417,industrial,direct_link
Mai Tak Industrial Building美德工業大廈,/building/mai-tak-industrial-building/4966,industrial,direct_link
Mai Tong Industrial Building美塘工業大廈,/building/mai-tong-industrial-building/4683,industrial,direct_link
Mai Tower冠美中心,/building/mai-tower/4933,industrial,direct_link
Mai Wah Industrial Building美華工業大廈,/building/mai-wah-industrial-building/12146,industrial,direct_link
Mai Wo Industrial Building美和工業大廈,/building/mai-wo-industrial-building/6826,industrial,direct_link
Man Foong Industrial Building萬豐工業大廈,/building/man-foong-industrial-building/4406,industrial,direct_link
Man Lee Industrial Building萬利工業大廈,/building/man-lee-industrial-building/17337,industrial,direct_link
Man Shing Industrial Building萬勝工業大廈,/building/man-shing-industrial-building/13686,industrial,direct_link
Man Shun Factory Building文信工業大廈,/building/man-shun-factory-building/17434,industrial,direct_link
Man Sun Logistics Center民生物流中心,/building/man-sun-logistics-center/11295,industrial,direct_link
Manley Tower萬利中心,/building/manley-tower/6317,industrial,direct_link
Manning Industrial Building萬年工業大廈,/building/manning-industrial-building/4607,industrial,direct_link
Mansfield Industrial Centre萬輝工業中心,/building/mansfield-industrial-centre/8186,industrial,direct_link
Mapletree Logistics Centre Fanling豐樹粉嶺物流中心,/building/mapletree-logistics-centre-fanling/16298,industrial,direct_link
Mapletree Logistics Hub Tsing Yi豐樹青衣物流中心,/building/mapletree-logistics-hub-tsing-yi/16862,industrial,direct_link
Marvel Industrial Building Block A華業工業大廈A座,/building/marvel-industrial-building-block-a/10490,industrial,direct_link
Marvel Industrial Building Block B華業工業大廈B座,/building/marvel-industrial-building-block-b/10483,industrial,direct_link
Max Trade Centre萬昌中心,/building/max-trade-centre/4650,industrial,direct_link
Meeco Industrial Building美高工業大廈,/building/meeco-industrial-building/11175,industrial,direct_link
Mega Trade Centre時貿中心,/building/mega-trade-centre/11563,industrial,direct_link
Mega-iAdvantage第一亞洲廣場,/building/mega-iadvantage/17461,industrial,direct_link
Mei Ah Centre美亞集團中心,/building/mei-ah-centre/11162,industrial,direct_link
Mei Kei Industrial Building美基工業大廈,/building/mei-kei-industrial-building/17371,industrial,direct_link
Mercantile Industrial and Warehouse Building有利工業貨倉大廈,/building/mercantile-industrial-and-warehouse-building/11479,industrial,direct_link
Merit Industrial Centre Block A美華工業中心A座,/building/merit-industrial-centre-block-a/5311,industrial,direct_link
Merit Industrial Centre Block B美華工業中心B座,/building/merit-industrial-centre-block-b/17435,industrial,direct_link
Metex House美德大廈,/building/metex-house/12152,industrial,direct_link
Metro Centre I美羅中心1期,/building/metro-centre-i/5548,industrial,direct_link
Metro Centre II美羅中心2期,/building/metro-centre-ii/5549,industrial,direct_link
Metro Loft都會坊,/building/metro-loft/7339,industrial,direct_link
Metropolitan Factory & Warehouse Building京華工廠貨倉大廈,/building/metropolitan-factory-warehouse-building/8060,industrial,direct_link
Metropolitan Industrial And Warehouse Building No.2京華工業貨倉二期,/building/metropolitan-industrial-and-warehouse-building-no-2/5344,industrial,direct_link
Meyer Industrial Building美亞工業大廈,/building/meyer-industrial-building/7334,industrial,direct_link
Microtron Building美科大廈,/building/microtron-building/17447,industrial,direct_link
Midas Plaza勤達中心,/building/midas-plaza/7921,industrial,direct_link
Milkyway Building潤承大廈,/building/milkyway-building/4762,industrial,direct_link
Million Fortune Industrial Centre萬達來工業中心,/building/million-fortune-industrial-centre/8061,industrial,direct_link
Million Group Center萬安集團中心,/building/million-group-center/17338,industrial,direct_link
Mineron Centre勉勵龍中心,/building/mineron-centre/16267,industrial,direct_link
Ming Fat Industrial Centre嗚發工業中心,/building/ming-fat-industrial-centre/16348,industrial,direct_link
Ming Sang Industrial Building明生工業大廈,/building/ming-sang-industrial-building/7885,industrial,direct_link
Ming Tak Centre明德中心,/building/ming-tak-centre/12117,industrial,direct_link
Ming Wah Industrial Building明華工業大廈,/building/ming-wah-industrial-building/8152,industrial,direct_link
Mini Cube迷你坊,/building/mini-cube/16606,industrial,direct_link
Mita Centre美達中心,/building/mita-centre/13692,industrial,direct_link
Modern Terminal現代貨箱碼頭,/building/modern-terminal/7249,industrial,direct_link
Morlite Building豐明大廈,/building/morlite-building/4760,industrial,direct_link
Mow Hing Industrial Building茂興工業大廈,/building/mow-hing-industrial-building/4944,industrial,direct_link
Mow Shing Centre茂盛中心,/building/mow-shing-centre/12299,industrial,direct_link
My Loft萬能閣,/building/my-loft/11761,industrial,direct_link
Nam Wah Factory Building南華工業大廈,/building/nam-wah-factory-building/12302,industrial,direct_link
Nan Fung Industrial City Block 1南豐工業城第一座,/building/nan-fung-industrial-city-block-1/15390,industrial,direct_link
Nan Fung Industrial City Block 2南豐工業城第二座,/building/nan-fung-industrial-city-block-2/15391,industrial,direct_link
Nan Fung Industrial City Block 3南豐工業城第三座,/building/nan-fung-industrial-city-block-3/15392,industrial,direct_link
Nan Fung Industrial City Block 4南豐工業城第四座,/building/nan-fung-industrial-city-block-4/15393,industrial,direct_link
Nan Fung Industrial City Block 5南豐工業城第五座,/building/nan-fung-industrial-city-block-5/15394,industrial,direct_link
Nan Fung Industrial City Central Services Building南豐工業城中央大樓,/building/nan-fung-industrial-city-central-services-building/15395,industrial,direct_link
Nanyang Brothers Tobacco Ltd南洋兄弟煙草,/building/nanyang-brothers-tobacco-ltd/16332,industrial,direct_link
Nanyang Plaza南洋廣場,/building/nanyang-plaza/4735,industrial,direct_link
New City Centre新城工商中心,/building/new-city-centre/12878,industrial,direct_link
New Commerce Centre匯貿中心,/building/new-commerce-centre/5348,industrial,direct_link
New East Sun Industrial Building新怡生工業大廈,/building/new-east-sun-industrial-building/7014,industrial,direct_link
New Lee Wah Centre新利華中心,/building/new-lee-wah-centre/5309,industrial,direct_link
New Tech Plaza新科技廣場,/building/new-tech-plaza/7922,industrial,direct_link
New Timely Factory Building時來工廠大廈,/building/new-timely-factory-building/3380,industrial,direct_link
New Trade Plaza新貿中心,/building/new-trade-plaza/7459,industrial,direct_link
New Treasure Centre新寶中心,/building/new-treasure-centre/11455,industrial,direct_link
New Trend Centre新時代工貿商業中心,/building/new-trend-centre/6239,industrial,direct_link
New Venture Centre創新科技中心,/building/new-venture-centre/12103,industrial,direct_link
Newport Centre Phase 1新寶工商中心第一期,/building/newport-centre-phase-1/6402,industrial,direct_link
Newport Centre Phase 2新寶工商中心第二期,/building/newport-centre-phase-2/5196,industrial,direct_link
Ngai Sheung Factory Building藝商工廠大廈,/building/ngai-sheung-factory-building/17284,industrial,direct_link
North Point Industrial Building北角工業大廈,/building/north-point-industrial-building/1646,industrial,direct_link
Ocean Industrial Building海洋工業大廈,/building/ocean-industrial-building/4528,industrial,direct_link
Oceanic Industrial Centre海灣工貿中心,/building/oceanic-industrial-centre/11549,industrial,direct_link
Olympic Godown世運貨倉,/building/olympic-godown/4687,industrial,direct_link
On Cheong Factory Building安昌工廠大廈,/building/on-cheong-factory-building/4536,industrial,direct_link
On Dak Industrial Building安達工業大廈,/building/on-dak-industrial-building/16922,industrial,direct_link
On Fat Industrial Building安發工業大廈,/building/on-fat-industrial-building/12144,industrial,direct_link
On Fook Industrial Building安福工業大廈,/building/on-fook-industrial-building/10485,industrial,direct_link
On Hang Industrial Centre華懋安恒工貿中心,/building/on-hang-industrial-centre/16294,industrial,direct_link
On Hing Industrial Centre安興工貿中心,/building/on-hing-industrial-centre/16314,industrial,direct_link
On Ho Industrial Building安豪工業大廈,/building/on-ho-industrial-building/8037,industrial,direct_link
On Lok Factory Building安樂工廠大廈,/building/on-lok-factory-building/5267,industrial,direct_link
On Lok Industrial Building安樂工業大廈,/building/on-lok-industrial-building/12454,industrial,direct_link
On Loong Factory Building安隆工廠大廈,/building/on-loong-factory-building/4652,industrial,direct_link
On Shing Industrial Building安盛工業大廈,/building/on-shing-industrial-building/12466,industrial,direct_link
On Tai Industrial Centre安泰工貿中心,/building/on-tai-industrial-centre/16306,industrial,direct_link
On Tat Industrial Building安達工業大廈,/building/on-tat-industrial-building/12440,industrial,direct_link
On Tat Industrial Centre安達工貿中心,/building/on-tat-industrial-centre/16268,industrial,direct_link
On Ting Industrial Centre安定工貿中心,/building/on-ting-industrial-centre/16305,industrial,direct_link
On Wah Industrial Building安華工業大廈,/building/on-wah-industrial-building/11179,industrial,direct_link
On Wui Centre安匯中心,/building/on-wui-centre/11513,industrial,direct_link
On Yip Factory Building安業工廠大廈,/building/on-yip-factory-building/13202,industrial,direct_link
One Midtown海盛路11號,/building/one-midtown/8178,industrial,direct_link
One Sky Parc,/building/one-sky-parc/4731,industrial,direct_link
One Two One瓊林街121號,/building/one-two-one/7786,industrial,direct_link
Orient International Tower東方國際大廈,/building/orient-international-tower/17405,industrial,direct_link
Oriental Daily News Building東方報業大廈,/building/oriental-daily-news-building/17436,industrial,direct_link
Oxford Industrial Building牛津工業大廈,/building/oxford-industrial-building/8157,industrial,direct_link
Pacific Trade Centre太平洋貿易中心,/building/pacific-trade-centre/4764,industrial,direct_link
Pacific United Logistics Inc. Ltd. (Kwai Chung Warehouse A)太平洋聯合物流有限公司（葵涌A倉）,/building/pacific-united-logistics-inc-ltd-kwai-chung-warehouse-a/17339,industrial,direct_link
Pahsang Industrial Building百勝工業大廈,/building/pahsang-industrial-building/11936,industrial,direct_link
Pak Sik (No.2) Building百適(二倉)大厦,/building/pak-sik-no-2-building/12469,industrial,direct_link
Pak Sik Godown No.1百適一倉,/building/pak-sik-godown-no-1/12463,industrial,direct_link
Pang Kwong Building鵬光大廈,/building/pang-kwong-building/17396,industrial,direct_link
Paramount Building百樂門大廈,/building/paramount-building/3783,industrial,direct_link
Park Fook Industrial Building百福工業大廈,/building/park-fook-industrial-building/11451,industrial,direct_link
Park Sun Building百新大廈,/building/park-sun-building/17340,industrial,direct_link
Park'N Shop Sheung Shui Fresh Food Distribution Centre上水百佳新鮮食品分發中心,/building/park-n-shop-sheung-shui-fresh-food-distribution-centre/17465,industrial,direct_link
Parklane Centre百利中心,/building/parklane-centre/12493,industrial,direct_link
Pat Tat Industrial Building八達工業中心,/building/pat-tat-industrial-building/12437,industrial,direct_link
PDC Tower太平洋貨運大廈,/building/pdc-tower/4555,industrial,direct_link
Peninsula Tower半島大廈,/building/peninsula-tower/3304,industrial,direct_link
Perfect Industrial Building善美工業大廈,/building/perfect-industrial-building/12439,industrial,direct_link
Peter Leung Industrial Building振邦工業大廈,/building/peter-leung-industrial-building/4920,industrial,direct_link
Ping Fai Industrial Building秉暉工業大廈,/building/ping-fai-industrial-building/7057,industrial,direct_link
Playmates Factory Building彩星工業大廈,/building/playmates-factory-building/15397,industrial,direct_link
Po Chai Industrial Building保濟工業大廈,/building/po-chai-industrial-building/3839,industrial,direct_link
Po Hong Centre寶康中心,/building/po-hong-centre/11542,industrial,direct_link
Po Lung Centre寶隆中心,/building/po-lung-centre/5243,industrial,direct_link
Po Shau Centre柏秀中心,/building/po-shau-centre/4600,industrial,direct_link
Po Shing Industrial Building寶城工業大廈,/building/po-shing-industrial-building/7918,industrial,direct_link
Po Wai Building寶威大廈,/building/po-wai-building/17456,industrial,direct_link
Po Yip Building寶業大廈,/building/po-yip-building/7887,industrial,direct_link
Po Yip Building Block A寶業大廈A座,/building/po-yip-building-block-a/5332,industrial,direct_link
Po Yip Building Block B寶業大廈B座,/building/po-yip-building-block-b/17425,industrial,direct_link
Poly Centre寶利中心,/building/poly-centre/10645,industrial,direct_link
Por Mee Factory Building百美工業大廈,/building/por-mee-factory-building/3368,industrial,direct_link
Por Yen Building百欣大廈,/building/por-yen-building/3299,industrial,direct_link
Posco Building步陞工商業大廈,/building/posco-building/7055,industrial,direct_link
Power Industrial Building力堅工業大廈,/building/power-industrial-building/12460,industrial,direct_link
Precious Industrial Centre柏裕工業中心,/building/precious-industrial-centre/7432,industrial,direct_link
Premier Centre時豐中心,/building/premier-centre/8021,industrial,direct_link
PriceRite Group Centre實惠集團中心,/building/pricerite-group-centre/16981,industrial,direct_link
Primoknit Industrial Building粵南工業大廈,/building/primoknit-industrial-building/17342,industrial,direct_link
Prince Factory Building王子工業大廈,/building/prince-factory-building/4143,industrial,direct_link
Prince Industrial Building太子工業大廈,/building/prince-industrial-building/13278,industrial,direct_link
Proficient Industrial Centre Block A鴻力工業中心A座,/building/proficient-industrial-centre-block-a/3530,industrial,direct_link
Proficient Industrial Centre Block B鴻力工業中心B座,/building/proficient-industrial-centre-block-b/3529,industrial,direct_link
Profit Industrial Building盈業工業大廈,/building/profit-industrial-building/10486,industrial,direct_link
Prosperity Center創富中心,/building/prosperity-center/7338,industrial,direct_link
Prosperity Industrial Building昌興工業大廈,/building/prosperity-industrial-building/4935,industrial,direct_link
Prowell Asia Centre寶源亞洲中心,/building/prowell-asia-centre/6255,industrial,direct_link
Pylon Tower派龍中心,/building/pylon-tower/12155,industrial,direct_link
Rainbow Industrial Building彩虹工業大廈,/building/rainbow-industrial-building/4911,industrial,direct_link
Raleigh Centre利來中心,/building/raleigh-centre/16290,industrial,direct_link
Raton Industrial Building利通工業大廈,/building/raton-industrial-building/16361,industrial,direct_link
Ray Centre志聯中心,/building/ray-centre/4706,industrial,direct_link
Reality Tower冠榮中心,/building/reality-tower/16407,industrial,direct_link
Reason Group Tower匯城集團大廈,/building/reason-group-tower/13708,industrial,direct_link
Red Square,/building/red-square/4955,industrial,direct_link
Regent Centre Tower A麗晶中心 A座,/building/regent-centre-tower-a/7901,industrial,direct_link
Regent Centre Tower B麗晶中心 B座,/building/regent-centre-tower-b/7900,industrial,direct_link
Richwealth Industrial Building富利工業大廈,/building/richwealth-industrial-building/8160,industrial,direct_link
Ricky Centre華基中心,/building/ricky-centre/7336,industrial,direct_link
Riley House達利中心,/building/riley-house/7619,industrial,direct_link
Rodeo Centre君豪工商大廈,/building/rodeo-centre/8082,industrial,direct_link
Rohm and Haas Electronic Materials Asia Tech Centre羅門哈斯電子材料亞洲科技中心,/building/rohm-and-haas-electronic-materials-asia-tech-centre/16271,industrial,direct_link
ROOM+ Kwun Tong Building觀塘自由倉大廈,/building/room-kwun-tong-building/17397,industrial,direct_link
Roxy Industrial Centre樂聲工業中心,/building/roxy-industrial-centre/4513,industrial,direct_link
Roytery Industrial Building來得利工業大廈,/building/roytery-industrial-building/16355,industrial,direct_link
S.A.S Tower時捷集團大廈,/building/s-a-s-tower/17343,industrial,direct_link
Safety Godown安全貨倉,/building/safety-godown/17344,industrial,direct_link
Safety Godown Industrial Building安全貨倉工業大廈,/building/safety-godown-industrial-building/3787,industrial,direct_link
San Biotta Centre必奧達中心,/building/san-biotta-centre/16291,industrial,direct_link
San Biotta Cube必奧達工作坊,/building/san-biotta-cube/16287,industrial,direct_link
San Miguel Industrial Building生力工業大廈,/building/san-miguel-industrial-building/17303,industrial,direct_link
Sandoz Centre山德士中心,/building/sandoz-centre/5346,industrial,direct_link
Sang Cheong Industrial Building生昌工業大廈,/building/sang-cheong-industrial-building/17041,industrial,direct_link
Sang Hing Industrial Building生興工業大廈,/building/sang-hing-industrial-building/17345,industrial,direct_link
Saving Logistics Centre先寧物流中心,/building/saving-logistics-centre/5334,industrial,direct_link
Sea View Estate Block A海景大廈A座,/building/sea-view-estate-block-a/2048,industrial,direct_link
Sea View Estate Block B海景大廈B座,/building/sea-view-estate-block-b/2049,industrial,direct_link
Sea View Estate Block C海景大廈C座,/building/sea-view-estate-block-c/2050,industrial,direct_link
Seapower Centre海暉中心,/building/seapower-centre/7617,industrial,direct_link
Seapower Industrial Centre海裕工業中心,/building/seapower-industrial-centre/5366,industrial,direct_link
Seaview Centre海濱中心,/building/seaview-centre/5370,industrial,direct_link
Secure House兆璣行,/building/secure-house/4611,industrial,direct_link
Self Serve Mini Storage Center致全中心,/building/self-serve-mini-storage-center/4927,industrial,direct_link
Selwyn Factory Building時運工業大廈,/building/selwyn-factory-building/4588,industrial,direct_link
Sha Tin Cold Storage No.1沙田冷倉一倉,/building/sha-tin-cold-storage-no-1/12464,industrial,direct_link
Sha Tin Cold Storage No.2沙田冷倉二倉,/building/sha-tin-cold-storage-no-2/12470,industrial,direct_link
Sha Tin Industrial Building沙田工業大廈,/building/sha-tin-industrial-building/7003,industrial,direct_link
Shan Ling Industrial Building山齡工業大廈,/building/shan-ling-industrial-building/11945,industrial,direct_link
Shatin Industrial Centre Block A沙田工業中心A座,/building/shatin-industrial-centre-block-a/6462,industrial,direct_link
Shatin Industrial Centre Block B沙田工業中心B座,/building/shatin-industrial-centre-block-b/6466,industrial,direct_link
Shell Industrial Building蜆殼工業大廈,/building/shell-industrial-building/14459,industrial,direct_link
Sheung Hei Factory Building雙喜工業大廈,/building/sheung-hei-factory-building/5402,industrial,direct_link
Sheung Shui Plaza上水貿易廣場,/building/sheung-shui-plaza/13471,industrial,direct_link
Shield Industrial Centre順豐工業中心,/building/shield-industrial-centre/8045,industrial,direct_link
Shing Chuen Industrial Building成全工業大廈,/building/shing-chuen-industrial-building/17304,industrial,direct_link
Shing Dao Industrial Building城都工業大廈,/building/shing-dao-industrial-building/3947,industrial,direct_link
Shing Fat Industrial Building成發工業大廈,/building/shing-fat-industrial-building/17457,industrial,direct_link
Shing King Industrial Building盛景工業大廈,/building/shing-king-industrial-building/13838,industrial,direct_link
Shing King Industrial Building勝景工業大廈,/building/shing-king-industrial-building/13256,industrial,direct_link
Shing On Industrial Building成安工業大廈,/building/shing-on-industrial-building/11935,industrial,direct_link
Shing Yip Industrial Building成業工業大廈,/building/shing-yip-industrial-building/7009,industrial,direct_link
Shiu Fat Industrial Building兆發工業大廈,/building/shiu-fat-industrial-building/4945,industrial,direct_link
Shui Cheong Industrial Building馮瑞璋工業大廈,/building/shui-cheong-industrial-building/7804,industrial,direct_link
Shui Hing Centre瑞興中心,/building/shui-hing-centre/15090,industrial,direct_link
Shui Hong Industrial Building瑞康工業大廈,/building/shui-hong-industrial-building/17346,industrial,direct_link
Shui Ki Industrial Building瑞琪工業大廈,/building/shui-ki-industrial-building/3827,industrial,direct_link
Shui Sum Industrial Building瑞森工業大廈,/building/shui-sum-industrial-building/16970,industrial,direct_link
Shui Wing Industrial Building瑞榮工業大廈,/building/shui-wing-industrial-building/17012,industrial,direct_link
Shui Yee Factory Building遂意工廠大廈,/building/shui-yee-factory-building/13569,industrial,direct_link
Shun Cheung Industrial Building順昌工業大廈,/building/shun-cheung-industrial-building/5570,industrial,direct_link
Shun Fat Industrial Building順發工業大廈,/building/shun-fat-industrial-building/4549,industrial,direct_link
Shun Hing Centre信興中心,/building/shun-hing-centre/17372,industrial,direct_link
Shun Luen Factory Building順聯工業大廈,/building/shun-luen-factory-building/17437,industrial,direct_link
Shun Wai Industrial Building順煒工業大廈,/building/shun-wai-industrial-building/4834,industrial,direct_link
Shun Yee Factory Building信誼工廠大廈,/building/shun-yee-factory-building/4442,industrial,direct_link
Silicon Tower科興中心,/building/silicon-tower/8070,industrial,direct_link
Silver Loft銀星閣,/building/silver-loft/4412,industrial,direct_link
Sime Darby House森那美集團大廈,/building/sime-darby-house/13718,industrial,direct_link
Sing Mei Industrial Building成美工業大廈,/building/sing-mei-industrial-building/12142,industrial,direct_link
Sing Teck Factory Building盛德工業大廈,/building/sing-teck-factory-building/3844,industrial,direct_link
Sing Win Factory Building成運工業大廈,/building/sing-win-factory-building/7007,industrial,direct_link
Sino Favour Centre新華豐中心,/building/sino-favour-centre/5655,industrial,direct_link
Sino Industrial Plaza信和工商中心,/building/sino-industrial-plaza/4618,industrial,direct_link
Siu Fu Factory Building兆富工廠大廈,/building/siu-fu-factory-building/4970,industrial,direct_link
Siu Wai Industrial Centre兆威工業大廈,/building/siu-wai-industrial-centre/5564,industrial,direct_link
Smile Centre堅達中心,/building/smile-centre/16309,industrial,direct_link
So Tao Centre蘇濤工商中心,/building/so-tao-centre/17347,industrial,direct_link
SOLO,/building/solo/12307,industrial,direct_link
Song Ling Industrial Building松林工業大廈,/building/song-ling-industrial-building/11469,industrial,direct_link
South Asia Building南益集團大廈,/building/south-asia-building/4599,industrial,direct_link
South China Cold Storage Building南華冷房工業大廈,/building/south-china-cold-storage-building/16924,industrial,direct_link
South China Factory Building南華工業大廈,/building/south-china-factory-building/4943,industrial,direct_link
South China Industrial Building南華工業大廈,/building/south-china-industrial-building/13857,industrial,direct_link
Southeast Industrial Building東南工業大廈,/building/southeast-industrial-building/3367,industrial,direct_link
Southtex Building南達大廈,/building/southtex-building/7190,industrial,direct_link
Speedy Industrial Building迅達工業大廈,/building/speedy-industrial-building/4594,industrial,direct_link
Splendid Centre德讚中心,/building/splendid-centre/8080,industrial,direct_link
Startex Industrial Building萬星工業大廈,/building/startex-industrial-building/7916,industrial,direct_link
Sterling Centre定豐中心,/building/sterling-centre/7438,industrial,direct_link
Storefriendly Tower Island East儲存易集團中心港島東,/building/storefriendly-tower-island-east/13557,industrial,direct_link
Storefriendly Tower Kowloon East儲存易集團中心（東九龍）,/building/storefriendly-tower-kowloon-east/4725,industrial,direct_link
Storefriendly Tower NT East儲存易集團中心（新界東）,/building/storefriendly-tower-nt-east/16292,industrial,direct_link
Storefriendly Tower Peninsula West儲存易集團中心（西九龍）,/building/storefriendly-tower-peninsula-west/7377,industrial,direct_link
Style Factory Building新型工廠大廈,/building/style-factory-building/13339,industrial,direct_link
Subliprint Far East Ltd特色遠東有限公司,/building/subliprint-far-east-ltd/16344,industrial,direct_link
Success Industrial Building怡成工業大廈,/building/success-industrial-building/16351,industrial,direct_link
Success Industrial Building富德工業大廈,/building/success-industrial-building/5405,industrial,direct_link
Sui Fai Factory Estate穗輝工廠大廈,/building/sui-fai-factory-estate/7265,industrial,direct_link
Sui Ying Industrial Building瑞英工業大廈,/building/sui-ying-industrial-building/4832,industrial,direct_link
Sum Lung Industrial Building森龍工業大廈,/building/sum-lung-industrial-building/4144,industrial,direct_link
Summit Building興業大廈,/building/summit-building/6857,industrial,direct_link
Summit Industrial Building新業大廈,/building/summit-industrial-building/4142,industrial,direct_link
Sun Building大信國際集團大廈,/building/sun-building/16296,industrial,direct_link
Sun Cheong Industrial Building新昌工業大廈,/building/sun-cheong-industrial-building/6053,industrial,direct_link
Sun Fung Centre新豐中心,/building/sun-fung-centre/12431,industrial,direct_link
Sun Fung Industrial Building新豐工業大廈,/building/sun-fung-industrial-building/16387,industrial,direct_link
Sun Hing Industrial Building新興工業大廈,/building/sun-hing-industrial-building/16345,industrial,direct_link
Sun Hing Industrial Building新興工業大廈,/building/sun-hing-industrial-building/3848,industrial,direct_link
Sun Hung Kai Logistics Centre新鴻基物流中心,/building/sun-hung-kai-logistics-centre/12472,industrial,direct_link
Sun Kwong Industrial Building新光工業大廈,/building/sun-kwong-industrial-building/16374,industrial,direct_link
Sun Ling Plaza新寧中心,/building/sun-ling-plaza/16317,industrial,direct_link
Sun Shun Fuk Centre新順福中心,/building/sun-shun-fuk-centre/17006,industrial,direct_link
Sun Wah Cold Storage新華凍房,/building/sun-wah-cold-storage/17095,industrial,direct_link
Sun Wing Building新榮大樓,/building/sun-wing-building/4721,industrial,direct_link
Sun Ying Industrial Centre新英工業中心,/building/sun-ying-industrial-centre/4448,industrial,direct_link
Sunbeam Centre日昇中心,/building/sunbeam-centre/7017,industrial,direct_link
Sung Kee Factory Building生記工業大廈,/building/sung-kee-factory-building/16415,industrial,direct_link
Sung's Tower宋氏大廈,/building/sung-s-tower/12097,industrial,direct_link
Sungib Industrial Centre英基工業中心,/building/sungib-industrial-centre/3834,industrial,direct_link
Sunhing Hungkai Tuen Mun Godown新興鴻基屯門貨倉,/building/sunhing-hungkai-tuen-mun-godown/17253,industrial,direct_link
Sunking Factory Building順景工業大廈,/building/sunking-factory-building/12404,industrial,direct_link
Sunley Centre崇利中心,/building/sunley-centre/8181,industrial,direct_link
Sunray Industrial Centre生利工業大廈,/building/sunray-industrial-centre/10662,industrial,direct_link
Sunrise Industrial Building新力工業大廈,/building/sunrise-industrial-building/11199,industrial,direct_link
Sunshine Kowloon Bay Cargo Centre三湘九龍灣貨運中心,/building/sunshine-kowloon-bay-cargo-centre/4525,industrial,direct_link
Sunview Industrial Building新藝工業大廈,/building/sunview-industrial-building/5653,industrial,direct_link
Sunwise Industrial Building順力工業大廈,/building/sunwise-industrial-building/16383,industrial,direct_link
Superluck Industrial Centre Phase 1荃運工業中心1期,/building/superluck-industrial-centre-phase-1/6404,industrial,direct_link
Superluck Industrial Centre Phase 2荃運工業中心2期,/building/superluck-industrial-centre-phase-2/6421,industrial,direct_link
Supreme Industrial Building峯山工業大廈,/building/supreme-industrial-building/7264,industrial,direct_link
Swire Coca-Cola HK太古汽水廠,/building/swire-coca-cola-hk/6464,industrial,direct_link
Symphone Industrial Building信豐工業大廈,/building/symphone-industrial-building/5335,industrial,direct_link
Sze Hing Industrial Building泗興工業大廈,/building/sze-hing-industrial-building/17321,industrial,direct_link
Sze Hing Loong Industrial Building四興隆工業大廈,/building/sze-hing-loong-industrial-building/4441,industrial,direct_link
Tai Cheung (Liberal) Factory Building泰昌工廠大廈,/building/tai-cheung-liberal-factory-building/13051,industrial,direct_link
Tai Fung Industrial Building泰豐工業大廈,/building/tai-fung-industrial-building/4757,industrial,direct_link
Tai Hing Industrial Building大興工業大廈,/building/tai-hing-industrial-building/16326,industrial,direct_link
Tai King Industrial Building泰景工業大樓,/building/tai-king-industrial-building/6241,industrial,direct_link
Tai Ping Industrial Centre Block 1太平工業中心第一座,/building/tai-ping-industrial-centre-block-1/7706,industrial,direct_link
Tai Ping Industrial Centre Block 2太平工業中心第二座,/building/tai-ping-industrial-centre-block-2/7711,industrial,direct_link
Tai Ping Industrial Centre Block 3太平工業中心第三座,/building/tai-ping-industrial-centre-block-3/7707,industrial,direct_link
Tai Ping Industrial Centre Block 4太平工業中心第四座,/building/tai-ping-industrial-centre-block-4/7704,industrial,direct_link
Tai Ping Industrial Park Block A太平工業園Ａ座,/building/tai-ping-industrial-park-block-a/7703,industrial,direct_link
Tai Ping Industrial Park Block B太平工業園B座,/building/tai-ping-industrial-park-block-b/7708,industrial,direct_link
Tai Shing Building大成工業大廈,/building/tai-shing-building/17348,industrial,direct_link
Tai Shing Industrial Building大成工業大廈,/building/tai-shing-industrial-building/12100,industrial,direct_link
Tai Shing Industrial Building泰盛工廠大廈,/building/tai-shing-industrial-building/7045,industrial,direct_link
Tai Tak Industrial Building大德工業大廈,/building/tai-tak-industrial-building/13491,industrial,direct_link
Tai Tung Industrial Building大同工業大廈,/building/tai-tung-industrial-building/17418,industrial,direct_link
Tai Yick Industrial Building大益貨倉工業大廈,/building/tai-yick-industrial-building/4686,industrial,direct_link
Tak Bon Warehouse德邦貨倉,/building/tak-bon-warehouse/17475,industrial,direct_link
Tak Fung Industrial Centre Tower 1德豐工業中心第一座,/building/tak-fung-industrial-centre-tower-1/5327,industrial,direct_link
Tak Fung Industrial Centre Tower 2德豐工業中心第二座,/building/tak-fung-industrial-centre-tower-2/5328,industrial,direct_link
Tak Kee Group Centre德記集團中心,/building/tak-kee-group-centre/12099,industrial,direct_link
Tak King Industrial Building德景工業大廈,/building/tak-king-industrial-building/4438,industrial,direct_link
Tak Lee Industrial Centre Block A得利工業中心A座,/building/tak-lee-industrial-centre-block-a/16330,industrial,direct_link
Tak Lee Industrial Centre Block B得利工業中心B座,/building/tak-lee-industrial-centre-block-b/16331,industrial,direct_link
Tak Lung Industrial Building德隆工業大廈,/building/tak-lung-industrial-building/4917,industrial,direct_link
Tak Sing Industrial Building德信工業大廈,/building/tak-sing-industrial-building/18153,industrial,direct_link
Tak Tai Industrial Building德大工業大廈,/building/tak-tai-industrial-building/7626,industrial,direct_link
Tak Wing Industrial Building德榮工業大廈,/building/tak-wing-industrial-building/16333,industrial,direct_link
Takad Centre特格中心,/building/takad-centre/17398,industrial,direct_link
Tat Ming Industrial Building達明工業大廈,/building/tat-ming-industrial-building/11468,industrial,direct_link
TCL Centre寳源中心,/building/tcl-centre/4443,industrial,direct_link
TCL TowerTCL工業中心,/building/tcl-tower/15227,industrial,direct_link
Techno Centre得利中心,/building/techno-centre/16318,industrial,direct_link
Technology Park達利廣場,/building/technology-park/8168,industrial,direct_link
Technology Plaza科技中心,/building/technology-plaza/6406,industrial,direct_link
Technology Plaza科匯中心,/building/technology-plaza/1673,industrial,direct_link
Tetra形方,/building/tetra/6449,industrial,direct_link
Texaco Road Industrial Centre Block A德士古道工業中心A座,/building/texaco-road-industrial-centre-block-a/5342,industrial,direct_link
Texaco Road Industrial Centre Block B德士古道工業中心B座,/building/texaco-road-industrial-centre-block-b/8155,industrial,direct_link
Texwood Plaza德士活工業中心,/building/texwood-plaza/4608,industrial,direct_link
The Bedford,/building/the-bedford/12308,industrial,direct_link
The China Paint MFG Co. (1946) Ltd. - Block A中華製漆大廈A座,/building/the-china-paint-mfg-co-1946-ltd-block-a/16980,industrial,direct_link
The China Paint MFG Co. (1946) Ltd. - Block B中華製漆大廈B座,/building/the-china-paint-mfg-co-1946-ltd-block-b/16982,industrial,direct_link
The Cloud雲之端,/building/the-cloud/17282,industrial,direct_link
The Factory,/building/the-factory/5672,industrial,direct_link
The Galaxy天際中心,/building/the-galaxy/13688,industrial,direct_link
The Globe創匯國際中心,/building/the-globe/5556,industrial,direct_link
The Icon觀塘道320-322號,/building/the-icon/4578,industrial,direct_link
The Mod,/building/the-mod/17399,industrial,direct_link
The Ozone,/building/the-ozone/4938,industrial,direct_link
The Star星星中心,/building/the-star/4556,industrial,direct_link
The Whitney偉業街183號,/building/the-whitney/4918,industrial,direct_link
Thriving Industrial Centre匯力工業中心,/building/thriving-industrial-centre/6407,industrial,direct_link
Tien Chu (Tsing Yi) Industrial Centre天廚(青衣)工業中心,/building/tien-chu-tsing-yi-industrial-centre/17419,industrial,direct_link
Tin Fung Industrial Mansion天豐工業大廈,/building/tin-fung-industrial-mansion/3851,industrial,direct_link
Tin Hing Industrial Builidng天興工業大廈,/building/tin-hing-industrial-builidng/16997,industrial,direct_link
Tin Hung Industrial Building天虹大廈,/building/tin-hung-industrial-building/7915,industrial,direct_link
Tin On Industrial Building Block A天安工業大廈A座,/building/tin-on-industrial-building-block-a/6249,industrial,direct_link
Tin On Industrial Building Block B天安工業大廈B座,/building/tin-on-industrial-building-block-b/6333,industrial,direct_link
Tin Wui Industrial Building天匯工業大廈,/building/tin-wui-industrial-building/11934,industrial,direct_link
Ting Sun Plaza鼎新大廈,/building/ting-sun-plaza/17439,industrial,direct_link
Tins Centre Block 1田氏中心一座,/building/tins-centre-block-1/11299,industrial,direct_link
Tins Centre Block 2田氏中心二座,/building/tins-centre-block-2/11300,industrial,direct_link
Tins Centre Block 3田氏中心三座,/building/tins-centre-block-3/11294,industrial,direct_link
Tins Enterprises Centre田氏企業中心,/building/tins-enterprises-centre/7361,industrial,direct_link
TLP132,/building/tlp132/4515,industrial,direct_link
TML TowerTML廣場,/building/tml-tower/8179,industrial,direct_link
Tong Yuen Factory Building通源工業大廈,/building/tong-yuen-factory-building/3383,industrial,direct_link
Tonic industrial Centre Block A同力工業中心A座,/building/tonic-industrial-centre-block-a/4616,industrial,direct_link
Tonic Industrial Centre Block B同力工業中心B座,/building/tonic-industrial-centre-block-b/4617,industrial,direct_link
Tontex Industrial Building同德工業大廈,/building/tontex-industrial-building/5404,industrial,direct_link
Toppy Tower,/building/toppy-tower/12432,industrial,direct_link
Topsail Plaza華順廣場,/building/topsail-plaza/5349,industrial,direct_link
Town Health Technology Centre康健科技中心,/building/town-health-technology-centre/6463,industrial,direct_link
Tradeport Logistics Centre商貿港物流中心,/building/tradeport-logistics-centre/17592,industrial,direct_link
Trans Asia Centre恆亞中心,/building/trans-asia-centre/11541,industrial,direct_link
Transport City Building交通城大廈,/building/transport-city-building/8034,industrial,direct_link
Treasure Centre華寶中心,/building/treasure-centre/4718,industrial,direct_link
Trend Centre國貿中心,/building/trend-centre/4407,industrial,direct_link
Trendy Centre潮流工貿中心,/building/trendy-centre/3309,industrial,direct_link
Trium Lab,/building/trium-lab/17670,industrial,direct_link
Trust Centre時信中心,/building/trust-centre/6256,industrial,direct_link
Tsing Yi Industrial Centre Phase 1 Block A青衣工業中心一期A座,/building/tsing-yi-industrial-centre-phase-1-block-a/8068,industrial,direct_link
Tsing Yi Industrial Centre Phase 1 Block B青衣工業中心一期B座,/building/tsing-yi-industrial-centre-phase-1-block-b/17420,industrial,direct_link
Tsing Yi Industrial Centre Phase 2 Block C青衣工業中心二期C座,/building/tsing-yi-industrial-centre-phase-2-block-c/8065,industrial,direct_link
Tsing Yi Industrial Centre Phase 2 Block D青衣工業中心二期D座,/building/tsing-yi-industrial-centre-phase-2-block-d/8067,industrial,direct_link
Tsing Yi Industrial Centre Phase 2 Block E青衣工業中心二期E座,/building/tsing-yi-industrial-centre-phase-2-block-e/8066,industrial,direct_link
Tsuen Hing Factory Building荃興工業大廈,/building/tsuen-hing-factory-building/12159,industrial,direct_link
Tsuen Tung Factory Building銓通工業大廈,/building/tsuen-tung-factory-building/8062,industrial,direct_link
Tsuen Wan Industrial Building荃灣工業大廈,/building/tsuen-wan-industrial-building/8165,industrial,direct_link
Tsuen Wan Industrial Centre荃灣工業中心,/building/tsuen-wan-industrial-centre/5339,industrial,direct_link
Tsun Mee Industrial Building晉美工業大廈,/building/tsun-mee-industrial-building/11283,industrial,direct_link
Tsun Win Factory Building駿運工業大廈,/building/tsun-win-factory-building/7177,industrial,direct_link
Tuen Mun Industrial Centre Block A屯門工業中心A座,/building/tuen-mun-industrial-centre-block-a/16363,industrial,direct_link
Tuen Mun Industrial Centre Block B屯門工業中心B座,/building/tuen-mun-industrial-centre-block-b/17484,industrial,direct_link
Tuen Mun Industrial Centre Block C屯門工業中心C座,/building/tuen-mun-industrial-centre-block-c/17485,industrial,direct_link
Tuen Mun Industrial Centre Block D屯門工業中心D座,/building/tuen-mun-industrial-centre-block-d/17486,industrial,direct_link
Tuen Mun Industrial Centre Block E屯門工業中心E座,/building/tuen-mun-industrial-centre-block-e/17487,industrial,direct_link
Tuen Mun Industrial Centre Block F屯門工業中心F座,/building/tuen-mun-industrial-centre-block-f/17488,industrial,direct_link
Tung Cheong Factory Building東昌工業大廈,/building/tung-cheong-factory-building/7793,industrial,direct_link
Tung Chong Factory Building東祥工廠大廈,/building/tung-chong-factory-building/1724,industrial,direct_link
Tung Chun Industrial Building Block A同珍工業大廈A座,/building/tung-chun-industrial-building-block-a/16420,industrial,direct_link
Tung Chun Industrial Building Block B同珍工業大廈B座,/building/tung-chun-industrial-building-block-b/17013,industrial,direct_link
Tung Kin Factory Building東建工廠大廈,/building/tung-kin-factory-building/11730,industrial,direct_link
Tung Lee Building通利大廈,/building/tung-lee-building/16375,industrial,direct_link
Tung Lee Industrial Building同利工業大廈,/building/tung-lee-industrial-building/11448,industrial,direct_link
Tung Luen Industrial Building東聯工業大廈,/building/tung-luen-industrial-building/4557,industrial,direct_link
Tung Ming Industrial Building通明工業大廈,/building/tung-ming-industrial-building/16897,industrial,direct_link
Tung Nam Factory Building東南工廠大廈,/building/tung-nam-factory-building/17440,industrial,direct_link
Tung Tak Centre同德中心,/building/tung-tak-centre/12101,industrial,direct_link
Tungtex Building同得仕大廈,/building/tungtex-building/4967,industrial,direct_link
Two Bedford Place必發道71號,/building/two-bedford-place/17979,industrial,direct_link
UML Tower豐盛中心,/building/uml-tower/12160,industrial,direct_link
Unify Commercial Industrial Building協發工商大廈,/building/unify-commercial-industrial-building/4530,industrial,direct_link
Union Building友聯大廈,/building/union-building/17400,industrial,direct_link
Union Hing Yip Factory Building聯合興業工廠大廈,/building/union-hing-yip-factory-building/7877,industrial,direct_link
Union Industrial Building聯邦工業大廈,/building/union-industrial-building/17401,industrial,direct_link
Union Industrial Building友聯工業大廈,/building/union-industrial-building/17301,industrial,direct_link
Union Industrial Building聯合工業大廈,/building/union-industrial-building/3824,industrial,direct_link
Unison Industrial Building協興工業大廈,/building/unison-industrial-building/4141,industrial,direct_link
Unison Industrial Centre協興工業中心,/building/unison-industrial-centre/11183,industrial,direct_link
United Daily News Centre聯合報大廈,/building/united-daily-news-centre/4835,industrial,direct_link
United Industrial Building聯益工業大廈,/building/united-industrial-building/11526,industrial,direct_link
Universal Industrial Building環球實業大廈,/building/universal-industrial-building/6454,industrial,direct_link
Universal Industrial Centre宇宙工業中心,/building/universal-industrial-centre/7263,industrial,direct_link
V Ga Building偉基大廈,/building/v-ga-building/3273,industrial,direct_link
Valiant Industrial Centre威力工業中心,/building/valiant-industrial-centre/11185,industrial,direct_link
Valid Industrial Centre華利工業中心,/building/valid-industrial-centre/17373,industrial,direct_link
Van Fat Factory Building宏發工廠大廈,/building/van-fat-factory-building/11458,industrial,direct_link
Vanta Industrial Centre宏達工業中心,/building/vanta-industrial-centre/4505,industrial,direct_link
Venus Industrial Building金星工業大廈,/building/venus-industrial-building/4514,industrial,direct_link
Verde Heights蘢薈,/building/verde-heights/3369,industrial,direct_link
Veristrong Industrial Centre Block A豐盛工業中心A座,/building/veristrong-industrial-centre-block-a/11168,industrial,direct_link
Veristrong Industrial Centre Block B豐盛工業中心B座,/building/veristrong-industrial-centre-block-b/11169,industrial,direct_link
Victorious Factory Building百勝工廠大廈,/building/victorious-factory-building/8091,industrial,direct_link
Victory Factory Building勝利工業大廈,/building/victory-factory-building/3820,industrial,direct_link
Victory Industrial Building勝利工業大廈,/building/victory-industrial-building/7902,industrial,direct_link
Viet Huong Building越香大廈,/building/viet-huong-building/16365,industrial,direct_link
Viet Luen Factory Building越聯工廠大廈,/building/viet-luen-factory-building/4912,industrial,direct_link
Viet Shing Factory Building越成工廠大廈,/building/viet-shing-factory-building/4952,industrial,direct_link
Vigor Industrial Building Block 1華基工業大廈一座,/building/vigor-industrial-building-block-1/11481,industrial,direct_link
Vigor Industrial Building Block 2華基工業大廈二座,/building/vigor-industrial-building-block-2/11482,industrial,direct_link
Vigor Industrial Building Block A偉力工業大廈A座,/building/vigor-industrial-building-block-a/8069,industrial,direct_link
Vigor Industrial Building Block B偉力工業大廈B座,/building/vigor-industrial-building-block-b/17421,industrial,direct_link
Viking Technology & Business Centre Tower A維京科技商業中心A座,/building/viking-technology-business-centre-tower-a/11473,industrial,direct_link
Viking Technology & Business Centre Tower B維京科技商業中心B座,/building/viking-technology-business-centre-tower-b/17539,industrial,direct_link
Vita Green Tower維特健靈中心,/building/vita-green-tower/6303,industrial,direct_link
Vita Tower維他大廈,/building/vita-tower/3835,industrial,direct_link
Vitasoy Main Building維他奶總部大樓,/building/vitasoy-main-building/11290,industrial,direct_link
Vitasoy Manufacturing Building維他奶生產大樓,/building/vitasoy-manufacturing-building/16360,industrial,direct_link
Vogue Centre時采中心,/building/vogue-centre/3316,industrial,direct_link
W Mega Tower 1W Mega 一座,/building/w-mega-tower-1/5330,industrial,direct_link
W Mega Tower 2W Mega 二座,/building/w-mega-tower-2/17749,industrial,direct_link
W212德士古道212號,/building/w212/5324,industrial,direct_link
W668青山道668-680號,/building/w668/3344,industrial,direct_link
Wacker Industrial Building華大工業大廈,/building/wacker-industrial-building/4660,industrial,direct_link
Waford Industrial Building華福工業大廈,/building/waford-industrial-building/17374,industrial,direct_link
Wah Chun Industrial Centre華俊工業中心,/building/wah-chun-industrial-centre/8050,industrial,direct_link
Wah Fai Industrial Building華輝工業大廈,/building/wah-fai-industrial-building/4693,industrial,direct_link
Wah Fat Industrial Building華發工業大廈,/building/wah-fat-industrial-building/7346,industrial,direct_link
Wah Fung Industrial Centre Block 1華豐工業中心一座,/building/wah-fung-industrial-centre-block-1/10488,industrial,direct_link
Wah Fung Industrial Centre Block 2華豐工業中心二座,/building/wah-fung-industrial-centre-block-2/17375,industrial,direct_link
Wah Ha Factory Building華廈工業大廈,/building/wah-ha-factory-building/11272,industrial,direct_link
Wah Hing Industrial Building華興工業大廈,/building/wah-hing-industrial-building/16386,industrial,direct_link
Wah Hing Industrial Mansions華興工業大廈,/building/wah-hing-industrial-mansions/7926,industrial,direct_link
Wah Hung Centre華鴻工貿中心,/building/wah-hung-centre/4704,industrial,direct_link
Wah Lai Industrial Centre華麗工業中心,/building/wah-lai-industrial-centre/16323,industrial,direct_link
Wah Lee Industrial Building華利工業大廈,/building/wah-lee-industrial-building/4694,industrial,direct_link
Wah Lik Industrial Centre華力工業中心,/building/wah-lik-industrial-centre/13717,industrial,direct_link
Wah Lok Industrial Centre Phase 1華樂工業中心一期,/building/wah-lok-industrial-centre-phase-1/7259,industrial,direct_link
Wah Lok Industrial Centre Phase 2華樂工業中心二期,/building/wah-lok-industrial-centre-phase-2/7267,industrial,direct_link
Wah Luen Industrial Centre華聯工業中心,/building/wah-luen-industrial-centre/12474,industrial,direct_link
Wah Lung Industrial Building華隆工業大廈,/building/wah-lung-industrial-building/8163,industrial,direct_link
Wah Sang Industrial Building華生工業大廈,/building/wah-sang-industrial-building/12471,industrial,direct_link
Wah Shing Centre華成工商中心,/building/wah-shing-centre/7006,industrial,direct_link
Wah Shing Centre華盛中心,/building/wah-shing-centre/3803,industrial,direct_link
Wah Shing Industrial Building華盛工業大廈,/building/wah-shing-industrial-building/8017,industrial,direct_link
Wah Shun Industrial Building華順工業大廈,/building/wah-shun-industrial-building/13042,industrial,direct_link
Wah Sing Industrial Building華星工業大廈,/building/wah-sing-industrial-building/16923,industrial,direct_link
Wah Tai Industrial Building華泰工業大廈,/building/wah-tai-industrial-building/11943,industrial,direct_link
Wah Tat Industrial Centre Block A華達工業中心A座,/building/wah-tat-industrial-centre-block-a/12149,industrial,direct_link
Wah Tat Industrial Centre Block B華達工業中心B座,/building/wah-tat-industrial-centre-block-b/12150,industrial,direct_link
Wah Tat Industrial Centre Block C華達工業中心C座,/building/wah-tat-industrial-centre-block-c/12147,industrial,direct_link
Wah Tung Godown華東貨倉,/building/wah-tung-godown/4802,industrial,direct_link
Wah Wai Centre華衛工貿中心,/building/wah-wai-centre/11167,industrial,direct_link
Wah Wai Industrial Building華威工業大廈,/building/wah-wai-industrial-building/12462,industrial,direct_link
Wah Wai Industrial Building華偉工業大廈,/building/wah-wai-industrial-building/11568,industrial,direct_link
Wah Wan Industrial Building華運工業大廈,/building/wah-wan-industrial-building/16357,industrial,direct_link
Wah Wing Industrial Building華榮工業大廈,/building/wah-wing-industrial-building/4845,industrial,direct_link
Wah Yuen Factory Building華源工廠大廈,/building/wah-yuen-factory-building/13601,industrial,direct_link
Wai Cheung Industrial Centre偉昌工業中心,/building/wai-cheung-industrial-centre/15064,industrial,direct_link
Wai Hing Factory Building緯興工業大廈,/building/wai-hing-factory-building/17349,industrial,direct_link
Wai Yick Industrial Building偉益工業大廈,/building/wai-yick-industrial-building/12305,industrial,direct_link
Wai Yip Industrial Building偉業工業大廈,/building/wai-yip-industrial-building/4743,industrial,direct_link
Walnut 9合桃街9號,/building/walnut-9/13498,industrial,direct_link
Wanda Industrial Building溫黛工廠大廈,/building/wanda-industrial-building/17403,industrial,direct_link
Wang Cheong Enterprises Centre宏昌企業中心,/building/wang-cheong-enterprises-centre/8046,industrial,direct_link
Wang Cheong Factory Estate宏昌工廠大廈,/building/wang-cheong-factory-estate/7371,industrial,direct_link
Wang Cheung Industrial Building宏昌工業大廈,/building/wang-cheung-industrial-building/16329,industrial,direct_link
Wang Cheung Industrial Building宏章工業大廈,/building/wang-cheung-industrial-building/4929,industrial,direct_link
Wang Fai Industrial Building宏輝工業大廈,/building/wang-fai-industrial-building/4654,industrial,direct_link
Wang Kwong Industrial Building宏光工業大廈,/building/wang-kwong-industrial-building/4703,industrial,direct_link
Wang Lung Industrial Building宏龍工業大廈,/building/wang-lung-industrial-building/8153,industrial,direct_link
Wang Yip Centre宏業工貿中心,/building/wang-yip-centre/11284,industrial,direct_link
Wang Yip Industrial Building宏業工業大廈,/building/wang-yip-industrial-building/13338,industrial,direct_link
Watson Centre屈臣氏中心,/building/watson-centre/7348,industrial,direct_link
Watson House沙田屈臣氏中心,/building/watson-house/12467,industrial,direct_link
Wayland C & I Building匯倫工商業大廈,/building/wayland-c-i-building/587,industrial,direct_link
Waylee Industrial Centre匯利工業中心,/building/waylee-industrial-centre/11147,industrial,direct_link
Wealthy Industrial Building永豐工業大廈,/building/wealthy-industrial-building/8182,industrial,direct_link
Wearbest Building - Lower Tower唯一大廈 - 低座,/building/wearbest-building-lower-tower/17441,industrial,direct_link
Wearbest Building - Upper Tower唯一大廈 - 高座,/building/wearbest-building-upper-tower/17442,industrial,direct_link
Well Fung Industrial Centre和豐工業中心,/building/well-fung-industrial-centre/11480,industrial,direct_link
Well Industrial Building富源工業大廈,/building/well-industrial-building/12096,industrial,direct_link
Well Town Industrial Building寶城工業大廈,/building/well-town-industrial-building/5609,industrial,direct_link
Wellpoint Industrial Building偉邦工業大廈,/building/wellpoint-industrial-building/16356,industrial,direct_link
Westin Centre威登中心,/building/westin-centre/4734,industrial,direct_link
Westlands Centre華蘭中心,/building/westlands-centre/1930,industrial,direct_link
Westley Square威利廣場,/building/westley-square/5598,industrial,direct_link
William Enterprises Industrial Building緯綸工業大廈,/building/william-enterprises-industrial-building/11462,industrial,direct_link
Wilson Logistics Centre威信物流中心,/building/wilson-logistics-centre/17350,industrial,direct_link
Win Sun Factory Building永善工業大廈,/building/win-sun-factory-building/16370,industrial,direct_link
Winfield Industrial Building永發工業大廈,/building/winfield-industrial-building/16343,industrial,direct_link
Winful Centre華富工貿中心,/building/winful-centre/7008,industrial,direct_link
Winful Industrial Building永富工業大廈,/building/winful-industrial-building/4527,industrial,direct_link
Wing Chai Industrial Building永濟工業大廈,/building/wing-chai-industrial-building/11466,industrial,direct_link
Wing Cheung Industrial Building永祥工業大廈,/building/wing-cheung-industrial-building/6822,industrial,direct_link
Wing Cheung Industrial Building榮昌工業大廈,/building/wing-cheung-industrial-building/4597,industrial,direct_link
Wing Fat Industrial Building榮發工業大廈,/building/wing-fat-industrial-building/5255,industrial,direct_link
Wing Fat Loong Industrial Building永發隆工業大廈,/building/wing-fat-loong-industrial-building/4928,industrial,direct_link
Wing Fung Industrial Building榮豐工業大廈,/building/wing-fung-industrial-building/6453,industrial,direct_link
Wing Gar Factory Building永嘉工廠大廈,/building/wing-gar-factory-building/8079,industrial,direct_link
Wing Hang Industrial building永恆工業大廈,/building/wing-hang-industrial-building/7342,industrial,direct_link
Wing Hang Tower永恆企業大廈,/building/wing-hang-tower/17473,industrial,direct_link
Wing Hin Factory Building永顯工廠大廈,/building/wing-hin-factory-building/11460,industrial,direct_link
Wing Hing Industrial Building榮興工業大廈,/building/wing-hing-industrial-building/17341,industrial,direct_link
Wing Hing Industrial Building永興工業大廈,/building/wing-hing-industrial-building/7879,industrial,direct_link
Wing Hing Industrial Building永興工業大廈,/building/wing-hing-industrial-building/3381,industrial,direct_link
Wing Hing Industrial Building(Tsuen Wan)榮興工業大廈(荃灣),/building/wing-hing-industrial-building-tsuen-wan/8051,industrial,direct_link
Wing Hong Centre永康中心,/building/wing-hong-centre/5559,industrial,direct_link
Wing Hong Factory Building永康工廠大廈,/building/wing-hong-factory-building/16977,industrial,direct_link
Wing Hong Industrial Building永康工業大廈,/building/wing-hong-industrial-building/10492,industrial,direct_link
Wing Kin Industrial Building永健工業大廈,/building/wing-kin-industrial-building/8041,industrial,direct_link
Wing Kut Industrial Building Tower A榮吉工業大廈A座,/building/wing-kut-industrial-building-tower-a/17699,industrial,direct_link
Wing Kut Industrial Building Tower B榮吉工業大廈B座,/building/wing-kut-industrial-building-tower-b/3371,industrial,direct_link
Wing Kwai Factory Building永桂第三工業大廈,/building/wing-kwai-factory-building/16381,industrial,direct_link
Wing Lee Industrial Building永利工業大廈,/building/wing-lee-industrial-building/13211,industrial,direct_link
Wing Lee Industrial Building永利工業大廈,/building/wing-lee-industrial-building/6804,industrial,direct_link
Wing Loi Industrial Building榮來工業大廈,/building/wing-loi-industrial-building/17139,industrial,direct_link
Wing Lok Centre永樂中心,/building/wing-lok-centre/12098,industrial,direct_link
Wing Ming Industrial Centre永明工業中心,/building/wing-ming-industrial-centre/7433,industrial,direct_link
Wing On Godown Building永安貨倉大廈,/building/wing-on-godown-building/17294,industrial,direct_link
Wing Sam 2nd Industrial Building榮森第二工業大廈,/building/wing-sam-2nd-industrial-building/16605,industrial,direct_link
Wing Shan Industrial Building榮山工業大廈,/building/wing-shan-industrial-building/10663,industrial,direct_link
Wing Shing Industrial Building榮盛工業大廈,/building/wing-shing-industrial-building/11461,industrial,direct_link
Wing Tai Centre永泰中心,/building/wing-tai-centre/7881,industrial,direct_link
Wing Tai Industrial Building榮泰工業大廈,/building/wing-tai-industrial-building/4524,industrial,direct_link
Wing Tat Industrial Building榮達工業大廈,/building/wing-tat-industrial-building/17351,industrial,direct_link
Wing Wah Industrial Building永華工業大樓,/building/wing-wah-industrial-building/7802,industrial,direct_link
Wing Wah Industrial Building榮華工業大廈,/building/wing-wah-industrial-building/1782,industrial,direct_link
Wing Ying Industrial Building永英工業大廈,/building/wing-ying-industrial-building/4936,industrial,direct_link
Wing Yip Industrial Building永業工廠大廈,/building/wing-yip-industrial-building/4844,industrial,direct_link
Wing Yu Factory Building永如工業大廈,/building/wing-yu-factory-building/16384,industrial,direct_link
Winner Building榮業大廈,/building/winner-building/6855,industrial,direct_link
Winner Factory Building幸運工業大廈,/building/winner-factory-building/4711,industrial,direct_link
Winsum Industrial Building永盛工業大廈,/building/winsum-industrial-building/3370,industrial,direct_link
Wo Fung Building和豐工業大廈,/building/wo-fung-building/16295,industrial,direct_link
Wofoo Building和富大廈,/building/wofoo-building/5345,industrial,direct_link
Wong King Industrial Building旺景工業大廈,/building/wong-king-industrial-building/7924,industrial,direct_link
Woo Sing Kee Industrial Building和勝記工業大廈,/building/woo-sing-kee-industrial-building/4925,industrial,direct_link
World Interests Building世貿大樓,/building/world-interests-building/12442,industrial,direct_link
World Peace Centre世和中心,/building/world-peace-centre/7913,industrial,direct_link
World Tech Centre世達中心,/building/world-tech-centre/4606,industrial,direct_link
World Trade Square豐貿廣場,/building/world-trade-square/16269,industrial,direct_link
World Wide Group Centre環球集團中心,/building/world-wide-group-centre/16311,industrial,direct_link
World Wide Industrial Building宏豐工業大廈,/building/world-wide-industrial-building/17438,industrial,direct_link
World-wide Industrial Centre環球工業中心,/building/world-wide-industrial-centre/7266,industrial,direct_link
Worldwide Centre國貿中心,/building/worldwide-centre/12109,industrial,direct_link
Wu Tung Development Centre互通發展中心,/building/wu-tung-development-centre/16316,industrial,direct_link
Wui Wah Factory Building匯華工廠大廈,/building/wui-wah-factory-building/5563,industrial,direct_link
Wyler Centre Phase 1偉倫中心1期,/building/wyler-centre-phase-1/4507,industrial,direct_link
Wyler Centre Phase 2偉倫中心2期,/building/wyler-centre-phase-2/4512,industrial,direct_link
Yale Industrial Centre盈力工業中心,/building/yale-industrial-centre/11174,industrial,direct_link
Yally Industrial Building益年工業大廈,/building/yally-industrial-building/5670,industrial,direct_link
Yam Hop Hing Industrial Building任合興工業大廈,/building/yam-hop-hing-industrial-building/12141,industrial,direct_link
Yan Hing Centre仁興中心,/building/yan-hing-centre/12475,industrial,direct_link
Yan's Tower甄沾記大廈,/building/yan-s-tower/3833,industrial,direct_link
Yanjing Building燕京大廈,/building/yanjing-building/16281,industrial,direct_link
Yat Sang Industrial Building日生工業大廈,/building/yat-sang-industrial-building/4529,industrial,direct_link
Yau Cheong Centre友昌中心,/building/yau-cheong-centre/17474,industrial,direct_link
Yau Lee Centre有利中心,/building/yau-lee-centre/5605,industrial,direct_link
Yau Shing Hong Building有成行大廈,/building/yau-shing-hong-building/16289,industrial,direct_link
Yau Shing Hong Logistics Centre有成行物流中心,/building/yau-shing-hong-logistics-centre/16275,industrial,direct_link
Yau Tak Industrial Building友德工業大廈,/building/yau-tak-industrial-building/15396,industrial,direct_link
Yau Tong Industrial Building Block 1油塘工業大廈第1座,/building/yau-tong-industrial-building-block-1/12734,industrial,direct_link
Yau Tong Industrial Building Block 2油塘工業大廈第2座,/building/yau-tong-industrial-building-block-2/4684,industrial,direct_link
Yau Tong Industrial Building Block 3油塘工業大廈第3座,/building/yau-tong-industrial-building-block-3/4691,industrial,direct_link
Yau Tong Industrial Building Block 4油塘工業大廈第4座,/building/yau-tong-industrial-building-block-4/4692,industrial,direct_link
Yau Tong Industrial City Block A油塘工業城A座,/building/yau-tong-industrial-city-block-a/5612,industrial,direct_link
Yau Tong Industrial City Block B油塘工業城B座,/building/yau-tong-industrial-city-block-b/5607,industrial,direct_link
Yee Kuk Industrial Centre怡高工業中心,/building/yee-kuk-industrial-centre/6610,industrial,direct_link
Yee Lee Godown義利第五貨倉,/building/yee-lee-godown/17352,industrial,direct_link
Yee Lim Industrial Building裕林工業大廈,/building/yee-lim-industrial-building/17353,industrial,direct_link
Yee Lim Industrial Building Block A裕林工業中心A座,/building/yee-lim-industrial-building-block-a/17377,industrial,direct_link
Yee Lim Industrial Building Block C裕林工業中心C座,/building/yee-lim-industrial-building-block-c/17378,industrial,direct_link
Yee Lim Industrial Building Stage II裕林第二工業大廈,/building/yee-lim-industrial-building-stage-ii/17376,industrial,direct_link
Yee Lim Industrial Building Stage III裕林第三工業大廈,/building/yee-lim-industrial-building-stage-iii/17354,industrial,direct_link
Yee Lim Industrial Centre Block B裕林工業中心B座,/building/yee-lim-industrial-centre-block-b/16449,industrial,direct_link
Yee Tak Factory Building義德工廠大廈,/building/yee-tak-factory-building/5569,industrial,direct_link
Yee Wah Industrial Building怡華工業大廈,/building/yee-wah-industrial-building/11937,industrial,direct_link
Yen Sheng Centre源成中心,/building/yen-sheng-centre/5602,industrial,direct_link
Yeung Yiu Chung (No.5) Industrial Building楊耀松第五工業大廈,/building/yeung-yiu-chung-no-5-industrial-building/17404,industrial,direct_link
Yeung Yiu Chung (No.6) Industrial Building楊耀松第六工業大廈,/building/yeung-yiu-chung-no-6-industrial-building/8015,industrial,direct_link
Yeung Yiu Chung (No.7) Industrial Building楊耀松第七工業大廈,/building/yeung-yiu-chung-no-7-industrial-building/3798,industrial,direct_link
Yeung Yiu Chung (No.8) Industrial Building楊耀松第八工業大廈,/building/yeung-yiu-chung-no-8-industrial-building/4554,industrial,direct_link
Yick Fung Group Building億豐集團大廈,/building/yick-fung-group-building/16359,industrial,direct_link
Yick Shiu Industrial Building億兆工業大廈,/building/yick-shiu-industrial-building/11938,industrial,direct_link
Yick Tai Industrial Building益大工業大廈,/building/yick-tai-industrial-building/3377,industrial,direct_link
Yiko Industrial Building益高工業大廈,/building/yiko-industrial-building/3784,industrial,direct_link
Yin Da Commercial Building盈達商業大廈,/building/yin-da-commercial-building/4914,industrial,direct_link
Ying Lun Godown英倫倉,/building/ying-lun-godown/4534,industrial,direct_link
Ying Tung Industrial Building應通工業大廈,/building/ying-tung-industrial-building/7378,industrial,direct_link
Yip Cheung Centre業昌中心,/building/yip-cheung-centre/3802,industrial,direct_link
Yip Fat Factory Building Phase 1業發工業大廈第一期,/building/yip-fat-factory-building-phase-1/5590,industrial,direct_link
Yip Fung Industrial Building業豐工業大廈,/building/yip-fung-industrial-building/10484,industrial,direct_link
Yip Fung Industrial Building業豐工業大廈,/building/yip-fung-industrial-building/5401,industrial,direct_link
Yip Kwong Industrial Building業廣工商大廈,/building/yip-kwong-industrial-building/13604,industrial,direct_link
Yip Kwong Industrial Building業廣工業樓,/building/yip-kwong-industrial-building/2388,industrial,direct_link
Yip On Factory Estate Block 1業安工廠大廈第一座,/building/yip-on-factory-estate-block-1/17295,industrial,direct_link
Yip On Factory Estate Block 2業安工廠大廈第二座,/building/yip-on-factory-estate-block-2/4553,industrial,direct_link
Yip Shing Industrial Centre業成工業中心,/building/yip-shing-industrial-centre/17355,industrial,direct_link
Yip Win Factory Building業運工業大廈,/building/yip-win-factory-building/12441,industrial,direct_link
Yiuga Factory Building耀基工廠大廈,/building/yiuga-factory-building/4286,industrial,direct_link
YKK Building Phase 1吉田大廈第一期,/building/ykk-building-phase-1/16362,industrial,direct_link
YKK Building Phase 2吉田大廈第二期,/building/ykk-building-phase-2/16364,industrial,direct_link
YKK Building Phase 3吉田大廈第三期,/building/ykk-building-phase-3/17489,industrial,direct_link
Young Ya Industrial Building榮亞工業大廈,/building/young-ya-industrial-building/6455,industrial,direct_link
Yue Cheung Centre裕昌中心,/building/yue-cheung-centre/12476,industrial,direct_link
Yue Fung Industrial Building裕豐工業大廈,/building/yue-fung-industrial-building/8048,industrial,direct_link
Yue Hwa Chinese Products Godown Building裕華國貨貨倉大廈,/building/yue-hwa-chinese-products-godown-building/17356,industrial,direct_link
Yue Xiu Industrial Building越秀工業大廈,/building/yue-xiu-industrial-building/4755,industrial,direct_link
Yuen Fat Industrial Building源發工業大廈,/building/yuen-fat-industrial-building/5242,industrial,direct_link
Yuen Fat Wharf and Godown潤發倉庫碼頭,/building/yuen-fat-wharf-and-godown/17280,industrial,direct_link
Yuen Long High Tech Centre元朗科技中心,/building/yuen-long-high-tech-centre/17458,industrial,direct_link
Yuen Long Trading Centre元朗貿易中心,/building/yuen-long-trading-centre/16973,industrial,direct_link
Yuen Shing Industrial Building源盛工業大廈,/building/yuen-shing-industrial-building/16373,industrial,direct_link
Yuet Kwong Industrial Building毓光工業大廈,/building/yuet-kwong-industrial-building/12158,industrial,direct_link
Zung Fu Industrial Building仁孚工業大廈,/building/zung-fu-industrial-building/1688,industrial,direct_link
