name,url,source
1 Chatham Road South漆咸道南一號,/building/1-chatham-road-south/3211,direct_link
1 Des Voeux Road West德輔道西一號,/building/1-des-voeux-road-west/842,direct_link
1 Duddell Street都爹利街一號,/building/1-duddell-street/1967,direct_link
1 Lan Kwai Fong蘭桂坊1號,/building/1-lan-kwai-fong/2566,direct_link
1-1A Java Road福建商會大廈,/building/1-1a-java-road/17578,direct_link
10 Bonham Strand文咸東街10號,/building/10-bonham-strand/13613,direct_link
10 Knutsford諾士佛臺10號,/building/10-knutsford/6552,direct_link
10 Pottinger Street砵典乍街10號,/building/10-pottinger-street/2139,direct_link
10 Prat Avenue寶勒巷10號,/building/10-prat-avenue/3482,direct_link
10 Wellington威靈頓街10號,/building/10-wellington/17381,direct_link
100 Queen's Road Central皇后大道中100號,/building/100-queen-s-road-central/190,direct_link
1001 King's Road英皇道1001號,/building/1001-king-s-road/1835,direct_link
101-111 King's Road英皇道101-111號,/building/101-111-king-s-road/17712,direct_link
102 Austin Road柯士甸道102號,/building/102-austin-road/2712,direct_link
1063 King's Road英皇道1063號,/building/1063-king-s-road/1668,direct_link
11 Queen Victoria Street域多利皇后街11號,/building/11-queen-victoria-street/3607,direct_link
1111 King's Road英皇道1111號,/building/1111-king-s-road/1664,direct_link
118 Connaught Road West干諾道西118號,/building/118-connaught-road-west/639,direct_link
12 Taikoo Wan Road太古灣道12號,/building/12-taikoo-wan-road/1939,direct_link
128 Connaught Road Central干諾道中128號,/building/128-connaught-road-central/107,direct_link
128 Wellington Street威靈頓街128號,/building/128-wellington-street/1242,direct_link
12W - Science Park科技大道西 12 - 科技園,/building/12w-science-park/17311,direct_link
13 Hok Yuen Street Tower 1鶴園街13號1座,/building/13-hok-yuen-street-tower-1/17583,direct_link
13 Hok Yuen Street Tower 2鶴園街13號2座,/building/13-hok-yuen-street-tower-2/17584,direct_link
135 Bonham Strand Trade Centre文咸東街135商業中心,/building/135-bonham-strand-trade-centre/13659,direct_link
14 Taikoo Wan Road太古灣道14號,/building/14-taikoo-wan-road/1938,direct_link
14 Wang Tai Road宏泰道14號,/building/14-wang-tai-road/17642,direct_link
148 Electric Road電氣道148號,/building/148-electric-road/2772,direct_link
15-19 Hollywood Road荷李活道15-19號,/building/15-19-hollywood-road/3635,direct_link
15W - Science Park科技大道西 15 - 科技園,/building/15w-science-park/17312,direct_link
16 Hart Avenue赫德道16號,/building/16-hart-avenue/6646,direct_link
163 Hennessy Road軒尼詩道163號,/building/163-hennessy-road/1343,direct_link
163 Hoi Bun Road海濱道163號,/building/163-hoi-bun-road/5358,direct_link
163 QRE皇后大道東163號,/building/163-qre/17715,direct_link
168 Electric Road電氣道168號,/building/168-electric-road/2784,direct_link
168 Queen's Road Central皇后大道中168號,/building/168-queen-s-road-central/195,direct_link
168 Sai Yeung Choi Street South西洋菜南街168號,/building/168-sai-yeung-choi-street-south/7273,direct_link
16W - Science Park科技大道西 16 - 科技園,/building/16w-science-park/17313,direct_link
17-19 Ashley Road亞士厘道17-19號,/building/17-19-ashley-road/4669,direct_link
17W - Science Park科技大道西 17 - 科技園,/building/17w-science-park/17314,direct_link
18 On Lan Street安蘭街18號,/building/18-on-lan-street/8177,direct_link
181 Queen's Road Central皇后大道中181號,/building/181-queen-s-road-central/17653,direct_link
19W - Science Park科技大道西 19 - 科技園,/building/19w-science-park/17316,direct_link
2 Carnarvon Road加拿分道2號,/building/2-carnarvon-road/5705,direct_link
2 Queen Victoria Street域多利皇后街2號,/building/2-queen-victoria-street/3606,direct_link
2-4 Cameron Road金馬倫道2-4號,/building/2-4-cameron-road/17722,direct_link
20-28 Cannon Street景隆街20-28號,/building/20-28-cannon-street/6225,direct_link
202 Centre202商業中心,/building/202-centre/839,direct_link
208 Johnston Road莊士敦道208號,/building/208-johnston-road/1609,direct_link
20E - Science Park科技大道東 20 - 科技園,/building/20e-science-park/17317,direct_link
21 Ashley亞士厘道21號,/building/21-ashley/17604,direct_link
212-232 Des Voeux Road Central德輔道中212-232號,/building/212-232-des-voeux-road-central/17549,direct_link
22 Yee Wo Street怡和街22號,/building/22-yee-wo-street/1617,direct_link
228 Electric Road電氣道228號,/building/228-electric-road/17520,direct_link
23 Hillwood Road山林道23號,/building/23-hillwood-road/3218,direct_link
235 Wing Lok Street Trade Centre永樂街235商業中心,/building/235-wing-lok-street-trade-centre/2537,direct_link
238 Des Voeux Road Central德輔道中238號,/building/238-des-voeux-road-central/85,direct_link
238 Nathan Road彌敦道238號,/building/238-nathan-road/2971,direct_link
239 Hennessy Road軒尼詩道239號,/building/239-hennessy-road/1344,direct_link
24A-B Granville Road加連威老道24A-24B號,/building/24a-b-granville-road/2644,direct_link
250 Hennessy軒尼詩道250號,/building/250-hennessy/1401,direct_link
26 D'Aguilar Street德己立街26號,/building/26-d-aguilar-street/661,direct_link
26 Nathan Road彌敦道26號,/building/26-nathan-road/2963,direct_link
28 Austin Avenue柯士甸路28號,/building/28-austin-avenue/2735,direct_link
28 Stanley士丹利街28號,/building/28-stanley/17433,direct_link
280 Portland Street Commercial Building砵蘭街280號,/building/280-portland-street-commercial-building/5409,direct_link
29 Austin Road柯士甸道29號,/building/29-austin-road/2716,direct_link
299QRC,/building/299qrc/156,direct_link
3 Lockhart Road駱克道3號,/building/3-lockhart-road/966,direct_link
3 Yuk Yat Street旭日街3號,/building/3-yuk-yat-street/4833,direct_link
30 Hollywood Road荷李活道30號,/building/30-hollywood-road/3676,direct_link
308 Central Des Voeux德輔道中308號,/building/308-central-des-voeux/26,direct_link
31-37 Hankow Road漢口道31-37號,/building/31-37-hankow-road/3437,direct_link
313 Lockhart Road駱克道313號,/building/313-lockhart-road/1026,direct_link
31C-D Wyndham Street雲咸街31C-D號,/building/31c-d-wyndham-street/1993,direct_link
321 Java Road渣華道321號,/building/321-java-road/1902,direct_link
33 Des Voeux Road Central德輔道中33號,/building/33-des-voeux-road-central/84,direct_link
33 Des Voeux Road West德輔道西33號,/building/33-des-voeux-road-west/838,direct_link
33 Wyndham Street雲咸街33號,/building/33-wyndham-street/653,direct_link
333 Hennessy軒尼詩道333號,/building/333-hennessy/17495,direct_link
35 QRC金利豐中心,/building/35-qrc/230,direct_link
35-37 Cameron Road金馬倫道35-37號,/building/35-37-cameron-road/17713,direct_link
36 Jardine's Bazaar渣甸街36號,/building/36-jardine-s-bazaar/854,direct_link
369 Hennessy Road軒尼詩道369號,/building/369-hennessy-road/17762,direct_link
38 Plaza38廣場,/building/38-plaza/15051,direct_link
382 Lockhart Road駱克道382號,/building/382-lockhart-road/982,direct_link
383 King's Road英皇道383號,/building/383-king-s-road/1793,direct_link
39 King's Road英皇道39號,/building/39-king-s-road/17298,direct_link
4-6 On Wo Lane安和里4-6號,/building/4-6-on-wo-lane/9227,direct_link
40 Stanley Street士丹利街40號,/building/40-stanley-street/2034,direct_link
41 Heung Yip Road香葉道41號,/building/41-heung-yip-road/11521,direct_link
43-49A Hankow Road漢口道43-49A號,/building/43-49a-hankow-road/3423,direct_link
46 Lyndhurst Terrace擺花街46號,/building/46-lyndhurst-terrace/3731,direct_link
49-51 Kimberley Road金巴利道49-51號,/building/49-51-kimberley-road/17748,direct_link
52 Hung To Road鴻圖道52號,/building/52-hung-to-road/4727,direct_link
562 Nathan Road彌敦道562號,/building/562-nathan-road/3049,direct_link
58 Wing Lok Street永樂街58號,/building/58-wing-lok-street/17431,direct_link
59 Wing Lok Street永樂街59號,/building/59-wing-lok-street/2486,direct_link
6 Wilmer Street威利麻街6號,/building/6-wilmer-street/6174,direct_link
60 Wellington Street威靈頓街60號,/building/60-wellington-street/1252,direct_link
633 King's Road英皇道633號,/building/633-king-s-road/1683,direct_link
64-70 Wellington Street威靈頓街64-70號,/building/64-70-wellington-street/17755,direct_link
655 Nathan Road彌敦道655號,/building/655-nathan-road/2957,direct_link
68 Kimberley Road金巴利道68號,/building/68-kimberley-road/6537,direct_link
68 Yee Wo Street怡和街68號,/building/68-yee-wo-street/1621,direct_link
700 Nathan Road彌敦道700號,/building/700-nathan-road/3069,direct_link
726 Nathan Road彌敦道726號,/building/726-nathan-road/2848,direct_link
73-75 Hoi Yuen Road開源道73-75號,/building/73-75-hoi-yuen-road/5606,direct_link
76 Wellington Street威靈頓街76號,/building/76-wellington-street/1260,direct_link
8 Gilman's Bazaar機利文新街8號,/building/8-gilman-s-bazaar/5647,direct_link
8 Hart Avenue赫德道8號,/building/8-hart-avenue/6636,direct_link
8 Jordan Road佐敦道8號,/building/8-jordan-road/3549,direct_link
8 Lyndhurst Terrace擺花街8號,/building/8-lyndhurst-terrace/3728,direct_link
8 Observatory Road天文臺道8號,/building/8-observatory-road/12274,direct_link
8 On Wo Lane安和里8號,/building/8-on-wo-lane/9228,direct_link
8 Queen's Road Central皇后大道中8號,/building/8-queen-s-road-central/170,direct_link
8 Queen's Road East皇后大道東8號,/building/8-queen-s-road-east/322,direct_link
8 Wyndham Street雲咸街8號,/building/8-wyndham-street/1974,direct_link
80 Gloucester Road告士打道80號,/building/80-gloucester-road/1167,direct_link
83 King Lam Street - Tower A瓊林街83號 - A座,/building/83-king-lam-street-tower-a/17684,direct_link
83 King Lam Street - Tower B瓊林街83號 - B座,/building/83-king-lam-street-tower-b/17685,direct_link
83 Wan Chai Road灣仔道83號,/building/83-wan-chai-road/2247,direct_link
83 Wing Hong Street永康街83號,/building/83-wing-hong-street/17686,direct_link
88 Commercial Building東成商業大廈,/building/88-commercial-building/2534,direct_link
88 Gloucester Road告士打道88號,/building/88-gloucester-road/1156,direct_link
88 Hing Fat Street興發街88號,/building/88-hing-fat-street/1844,direct_link
88 Lockhart Road駱克道88號,/building/88-lockhart-road/1002,direct_link
88WL永樂街88號,/building/88wl/17558,direct_link
9 Chiu Lung Street昭隆街9號,/building/9-chiu-lung-street/4451,direct_link
9 Chong Yip Street創業街9號,/building/9-chong-yip-street/7337,direct_link
9 Des Voeux Road West德輔道西9號,/building/9-des-voeux-road-west/846,direct_link
9 Po Lun Street寶輪街9號,/building/9-po-lun-street/16429,direct_link
9 Queen's Road Central皇后大道中9號,/building/9-queen-s-road-central/139,direct_link
9 Wing Hong Street永康街九號,/building/9-wing-hong-street/5555,direct_link
909 Cheung Sha Wan Road長沙灣道909號,/building/909-cheung-sha-wan-road/6307,direct_link
91 King Lam Street瓊林街91號,/building/91-king-lam-street/17542,direct_link
92-103A Connaught Road West干諾道西92-103A號,/building/92-103a-connaught-road-west/17576,direct_link
93WYS偉業街93號,/building/93wys/4922,direct_link
99 COMMONS杯渡路99號,/building/99-commons/17476,direct_link
99 Plaza99廣場,/building/99-plaza/7206,direct_link
ACME Building益美大廈,/building/acme-building/7224,direct_link
AIA Building友邦大廈,/building/aia-building/18026,direct_link
AIA Central友邦金融中心,/building/aia-central/115,direct_link
AIA Financial Centre友邦九龍金融中心,/building/aia-financial-centre/6238,direct_link
AIA Hong Kong Tower友邦香港大樓,/building/aia-hong-kong-tower/1674,direct_link
AIA Tower友邦廣場,/building/aia-tower/2773,direct_link
AIE Building亞洲大廈,/building/aie-building/123,direct_link
AOffice46奧創中心,/building/aoffice46/12434,direct_link
AT Tower百加利中心,/building/at-tower/2771,direct_link
AXA Southside安盛匯,/building/axa-southside/3826,direct_link
Abdoolally House鴨都喇利大廈,/building/abdoolally-house/2045,direct_link
Admiralty Centre Tower 1海富中心1座,/building/admiralty-centre-tower-1/1131,direct_link
Admiralty Centre Tower 2海富中心2座,/building/admiralty-centre-tower-2/1130,direct_link
Agricultural Bank of China Tower中國農業銀行大廈,/building/agricultural-bank-of-china-tower/102,direct_link
Airport World Trade Centre機場世貿中心,/building/airport-world-trade-centre/11538,direct_link
Airside,/building/airside/17422,direct_link
Aitken Vanson Centre金米蘭中心,/building/aitken-vanson-centre/5599,direct_link
Albion Plaza愛賓商業大廈,/building/albion-plaza/2618,direct_link
Alexandra House歷山大廈,/building/alexandra-house/1193,direct_link
Alliance Building誠信大廈,/building/alliance-building/117,direct_link
Allied Kajima Building聯合鹿島大廈,/building/allied-kajima-building/1157,direct_link
Allways Centre百達中心,/building/allways-centre/1501,direct_link
Amber Commercial Building凱利商業大廈,/building/amber-commercial-building/2251,direct_link
Amtel Building安泰大廈,/building/amtel-building/51,direct_link
Anglo Chinese Centre中西貿易大廈,/building/anglo-chinese-centre/10254,direct_link
Anton Building安定大廈,/building/anton-building/3804,direct_link
Apec Plaza創貿廣場,/building/apec-plaza/5601,direct_link
Argyle Centre Phase 1旺角中心1期,/building/argyle-centre-phase-1/2988,direct_link
Arion Commercial Centre聯發商業中心,/building/arion-commercial-centre/369,direct_link
Arthur Commercial Building雅達商業大廈,/building/arthur-commercial-building/13567,direct_link
Artist Square Tower 1西九藝術廣場大樓一座,/building/artist-square-tower-1/18136,direct_link
Artist Square Tower 2西九藝術廣場大樓二座,/building/artist-square-tower-2/18137,direct_link
Artist Square Tower 3西九藝術廣場大樓三座,/building/artist-square-tower-3/18138,direct_link
Ashley Nine順豐大廈,/building/ashley-nine/4678,direct_link
Asia Harvest Commercial Centre潤民商業中心,/building/asia-harvest-commercial-centre/13106,direct_link
Asia Standard Tower泛海大廈,/building/asia-standard-tower/146,direct_link
Astoria Building天星大廈,/building/astoria-building/4681,direct_link
Attilio Building艾麗大廈,/building/attilio-building/2973,direct_link
Aubin House安邦商業大廈,/building/aubin-house/1174,direct_link
Austin Commercial Centre柯士甸商業中心,/building/austin-commercial-centre/2743,direct_link
Austin Plaza柯士甸廣場,/building/austin-plaza/2718,direct_link
Austin Tower好兆年行,/building/austin-tower/2738,direct_link
Auto Plaza安達中心,/building/auto-plaza/2664,direct_link
Aveny,/building/aveny/1992,direct_link
BCC Building國際商業信貸銀行大廈,/building/bcc-building/5703,direct_link
BOC Credit Card Centre中銀信用卡中心,/building/boc-credit-card-centre/644,direct_link
BOC Group Life Assurance Tower中銀集團人壽保險大廈,/building/boc-group-life-assurance-tower/34,direct_link
BOC Prince Edward Building中銀太子大樓,/building/boc-prince-edward-building/3015,direct_link
BOC Tsz Wan Shan Building中銀慈雲山大樓,/building/boc-tsz-wan-shan-building/15784,direct_link
BOC Wan Chai Commercial Centre中銀灣仔商業中心,/building/boc-wan-chai-commercial-centre/1389,direct_link
BOC Yuen Long Commercial Centre中銀元朗商業中心,/building/boc-yuen-long-commercial-centre/13735,direct_link
Bai Yun Building白雲大廈,/building/bai-yun-building/7154,direct_link
Bangkok Bank Building盤谷銀行大廈,/building/bangkok-bank-building/3580,direct_link
Bank Tower銀輝中心,/building/bank-tower/1685,direct_link
Bank of America Tower美國銀行中心,/building/bank-of-america-tower/1133,direct_link
Bank of China Building中國銀行大廈,/building/bank-of-china-building/2,direct_link
Bank of China Mongkok Commercial Centre中國銀行(香港)旺角商業大廈,/building/bank-of-china-mongkok-commercial-centre/3045,direct_link
Bank of China Tower中銀大廈,/building/bank-of-china-tower/1295,direct_link
Bank of Communications Building交通銀行大廈,/building/bank-of-communications-building/3040,direct_link
Bank of Communications Tower交通銀行大廈,/building/bank-of-communications-tower/1172,direct_link
Bank of East Asia Building東亞銀行大廈,/building/bank-of-east-asia-building/3,direct_link
Bank of East Asia Harbour View Centre東亞銀行港灣中心,/building/bank-of-east-asia-harbour-view-centre/1160,direct_link
Bank of East Asia Mongkok Building東亞銀行旺角大廈,/building/bank-of-east-asia-mongkok-building/3067,direct_link
Bartlock Centre百樂中心,/building/bartlock-centre/6056,direct_link
Baskerville House樂成行,/building/baskerville-house/1963,direct_link
Bayfield Building彰顯大廈,/building/bayfield-building/1429,direct_link
Beautiful Group Tower標華豐集團大廈,/building/beautiful-group-tower/116,direct_link
Bel Trade Commercial Building百營商業大廈,/building/bel-trade-commercial-building/5778,direct_link
Belgian Bank Building華比銀行大廈,/building/belgian-bank-building/3000,direct_link
Benson Tower明順大廈,/building/benson-tower/4732,direct_link
Berkshire House栢克大廈,/building/berkshire-house/1928,direct_link
Best-O-Best Commercial Centre富利來商業大廈,/building/best-o-best-commercial-centre/6592,direct_link
Beverley Commercial Centre百利商業中心,/building/beverley-commercial-centre/3203,direct_link
Beverly House利臨大廈,/building/beverly-house/996,direct_link
Billion Centre億京中心,/building/billion-centre/4496,direct_link
Billion Plaza II億京廣場2期,/building/billion-plaza-ii/7431,direct_link
Billion Plaza億京廣場,/building/billion-plaza/7437,direct_link
Bio-Informatics Centre - Science Park生物資訊中心,/building/bio-informatics-centre-science-park/11154,direct_link
Biotech Centre - Science Park生物科技中心 - 科技園,/building/biotech-centre-science-park/11153,direct_link
Biotech Centre 2 - Science Park生物科技中心二座  - 科技園,/building/biotech-centre-2-science-park/17310,direct_link
Biz Aura,/building/biz-aura/3411,direct_link
Bizhouse,/building/bizhouse/7946,direct_link
Blissful Building德佑大廈,/building/blissful-building/37,direct_link
Bo Fung Building寶豐大廈,/building/bo-fung-building/5383,direct_link
Bodynits Building波蒂妮斯大廈,/building/bodynits-building/3517,direct_link
Bonham Centre文咸中心,/building/bonham-centre/13652,direct_link
Bonham Commercial Centre南北行商業中心,/building/bonham-commercial-centre/3586,direct_link
Bonham Majoris明大企業集團大廈,/building/bonham-majoris/13653,direct_link
Boss Commercial Centre寶時商業中心,/building/boss-commercial-centre/6591,direct_link
Boton Technology Innovation Tower波頓科創中心,/building/boton-technology-innovation-tower/17446,direct_link
Bowa House寶華商業大廈,/building/bowa-house/2948,direct_link
Bowring Centre寶靈商業中心,/building/bowring-centre/6678,direct_link
Breakthrough Centre突破中心,/building/breakthrough-centre/6679,direct_link
Bright Growth Medical Centre高怡醫務中心,/building/bright-growth-medical-centre/2935,direct_link
Bright Way Tower凱途發展大廈,/building/bright-way-tower/6557,direct_link
Brill Plaza環凱廣場,/building/brill-plaza/5312,direct_link
Buckingham Building金漢大廈,/building/buckingham-building/2908,direct_link
Bulkin Centre龐堅中心,/building/bulkin-centre/5410,direct_link
Bupa Centre保柏中心,/building/bupa-centre/643,direct_link
C Wisdom Centre泉威中心,/building/c-wisdom-centre/3614,direct_link
C-BONS International Center絲寶國際大廈,/building/c-bons-international-center/4968,direct_link
C.C. Wu Building集成中心,/building/c-c-wu-building/1374,direct_link
C.L.I. Building中國人壽大廈,/building/c-l-i-building/1394,direct_link
CCB Tower中國建設銀行大廈,/building/ccb-tower/99,direct_link
CDW Building中染大廈,/building/cdw-building/13711,direct_link
CFC Tower中福商業大廈,/building/cfc-tower/2655,direct_link
CITIC  Telecom Tower中信電訊大廈,/building/citic-telecom-tower/7628,direct_link
CITIC Tower中信大廈,/building/citic-tower/6180,direct_link
CKK Commercial Centre朱鈞記商業中心,/building/ckk-commercial-centre/1403,direct_link
CMA Building香港中華廠商聯合會大廈,/building/cma-building/133,direct_link
CMB Wing Lung Bank Building招商永隆銀行大廈,/building/cmb-wing-lung-bank-building/65,direct_link
CMB Wing Lung Bank Centre招商永隆銀行中心,/building/cmb-wing-lung-bank-centre/2953,direct_link
CNAC House中航大廈,/building/cnac-house/16882,direct_link
CNT Commercial Building北海商業大廈,/building/cnt-commercial-building/189,direct_link
CNT House宜興大廈,/building/cnt-house/1579,direct_link
CNT Tower北海中心,/building/cnt-tower/1380,direct_link
COS Centre中海日升中心,/building/cos-centre/7182,direct_link
CS Tower昌盛大廈,/building/cs-tower/2526,direct_link
CTF Life Tower周大福保險中心,/building/ctf-life-tower/15091,direct_link
CTG House中旅集團大廈,/building/ctg-house/121,direct_link
CTMA Centre兆萬中心,/building/ctma-centre/7269,direct_link
Caltex House德士古大廈,/building/caltex-house/1375,direct_link
Cambridge House康橋大廈,/building/cambridge-house/1661,direct_link
Cambridge House金壘商業中心,/building/cambridge-house/3507,direct_link
Camelpaint Centre駱駝漆中心,/building/camelpaint-centre/7882,direct_link
Cameron Centre金馬倫中心,/building/cameron-centre/3200,direct_link
Cameron Commercial Centre金聯商業中心,/building/cameron-commercial-centre/1376,direct_link
Cameron Plaza金馬倫廣場,/building/cameron-plaza/3510,direct_link
Cammer Commercial Building金馬商業大廈,/building/cammer-commercial-building/3518,direct_link
Canton House豐樂行,/building/canton-house/267,direct_link
Canton Plaza廣建中心,/building/canton-plaza/2389,direct_link
Capital Centre資本中心,/building/capital-centre/1152,direct_link
Capital Commercial Building凱基商業大廈,/building/capital-commercial-building/1075,direct_link
Capital Commercial Building富達商業大廈,/building/capital-commercial-building/5189,direct_link
Capital Tower富臨中心,/building/capital-tower/4932,direct_link
Capitol Centre Two京華中心二座,/building/capitol-centre-two/880,direct_link
Capitol Centre京華中心,/building/capitol-centre/852,direct_link
Capri Building嘉碧大廈,/building/capri-building/2711,direct_link
Capricorn Centre嘉康中心,/building/capricorn-centre/7350,direct_link
Car Po Commercial Building嘉寶商業大廈,/building/car-po-commercial-building/3737,direct_link
Carfield Commercial Building嘉兆商業大廈,/building/carfield-commercial-building/1968,direct_link
Carnarvon Plaza加拿芬廣場,/building/carnarvon-plaza/5706,direct_link
Carnival Commercial Building嘉匯商業大廈,/building/carnival-commercial-building/1904,direct_link
Casey Aberdeen House啟時深灣大廈,/building/casey-aberdeen-house/11523,direct_link
Casey Building啟時大廈,/building/casey-building/4260,direct_link
Cathay City國泰城,/building/cathay-city/7268,direct_link
Cathay House國泰坊,/building/cathay-house/16881,direct_link
Catic Plaza航空大廈,/building/catic-plaza/3174,direct_link
Causeway Bay Centre銅鑼灣中心,/building/causeway-bay-centre/2547,direct_link
Causeway Bay Commercial Building銅鑼灣商業大廈,/building/causeway-bay-commercial-building/2546,direct_link
Causeway Bay Plaza 1銅鑼灣廣場1期,/building/causeway-bay-plaza-1/1384,direct_link
Causeway Bay Plaza 2銅鑼灣廣場2期,/building/causeway-bay-plaza-2/977,direct_link
Celebrity Commercial Centre名人商業中心,/building/celebrity-commercial-centre/3305,direct_link
Central 88中環88,/building/central-88/58,direct_link
Central Building中建大廈,/building/central-building/1282,direct_link
Central Commercial Tower中匯商業大廈,/building/central-commercial-tower/2961,direct_link
Central Crossing匯中環,/building/central-crossing/1215,direct_link
Central Plaza中環廣場,/building/central-plaza/2007,direct_link
Central Tower中匯大廈,/building/central-tower/145,direct_link
Centre Mark II永業中心,/building/centre-mark-ii/173,direct_link
Centre Parc新明大廈,/building/centre-parc/15092,direct_link
Centre Point中怡大廈,/building/centre-point/1153,direct_link
Century House世紀商業大廈,/building/century-house/6852,direct_link
Century Square世紀廣場,/building/century-square/650,direct_link
Champion Building嘉賓商業大廈,/building/champion-building/3007,direct_link
Champion Building長達大廈,/building/champion-building/16,direct_link
Chang Pao Ching Building張寶慶大廈,/building/chang-pao-ching-building/1412,direct_link
Chao's Building趙氏大廈,/building/chao-s-building/13657,direct_link
Charmhill Centre俊僑商業中心,/building/charmhill-centre/3226,direct_link
Chasegold Tower金通商業大廈,/building/chasegold-tower/6376,direct_link
Chater House遮打大廈,/building/chater-house/1191,direct_link
Chatham Commercial Building東貿商業大廈,/building/chatham-commercial-building/7487,direct_link
Chau's Commercial Centre周氏商業中心,/building/chau-s-commercial-centre/6422,direct_link
Cheerful Commercial Building置富商業大廈,/building/cheerful-commercial-building/6401,direct_link
Cheong Hing Building昌興大廈,/building/cheong-hing-building/2939,direct_link
Cheong K Building章記大廈,/building/cheong-k-building/39,direct_link
Cheong Sun Tower昌生商業大廈,/building/cheong-sun-tower/2541,direct_link
Cheong Tai Building昌泰大廈,/building/cheong-tai-building/6931,direct_link
Cheong Tai Commercial Building昌泰商業大廈,/building/cheong-tai-commercial-building/2536,direct_link
Cheong Wah Commercial Building昌華商業大廈,/building/cheong-wah-commercial-building/2308,direct_link
Cheuk Nang Centre卓能中心,/building/cheuk-nang-centre/3224,direct_link
Cheung Fung Commercial Building長豐商業大廈,/building/cheung-fung-commercial-building/6305,direct_link
Cheung Hing Commercial Building祥興商業大廈,/building/cheung-hing-commercial-building/5677,direct_link
Cheung Kei Center Tower A祥祺中心A座,/building/cheung-kei-center-tower-a/16759,direct_link
Cheung Kong Center II長江集團中心二期,/building/cheung-kong-center-ii/17517,direct_link
Cheung Kong Center長江集團中心,/building/cheung-kong-center/166,direct_link
Cheung Lee Building長利大廈,/building/cheung-lee-building/6254,direct_link
Cheung Lee Commercial Building長利商業大廈,/building/cheung-lee-commercial-building/6511,direct_link
Cheung Sha Wan Plaza Tower 1長沙灣廣場第1期,/building/cheung-sha-wan-plaza-tower-1/6311,direct_link
Cheung Sha Wan Plaza Tower 2長沙灣廣場第2期,/building/cheung-sha-wan-plaza-tower-2/6312,direct_link
Cheung Wah Commercial Building昌華商業大廈,/building/cheung-wah-commercial-building/5553,direct_link
Cheung's Building世瑛大廈,/building/cheung-s-building/2531,direct_link
Chevalier Commercial Centre其士商業中心,/building/chevalier-commercial-centre/4552,direct_link
Chevalier House其士大廈,/building/chevalier-house/3207,direct_link
Chi Wo Commercial Building志和商業大廈,/building/chi-wo-commercial-building/5554,direct_link
China Building華人行,/building/china-building/138,direct_link
China Construction Bank Centre中國建設銀行中心,/building/china-construction-bank-centre/5241,direct_link
China Harbour Building振華大廈,/building/china-harbour-building/1690,direct_link
China Hong Kong Centre中港中心,/building/china-hong-kong-centre/2302,direct_link
China Hong Kong City Tower 1中港城 第1座,/building/china-hong-kong-city-tower-1/2291,direct_link
China Hong Kong City Tower 2中港城 第2座,/building/china-hong-kong-city-tower-2/2292,direct_link
China Hong Kong City Tower 3中港城 第3座,/building/china-hong-kong-city-tower-3/2293,direct_link
China Hong Kong City Tower 5中港城 第5座,/building/china-hong-kong-city-tower-5/2300,direct_link
China Hong Kong City Tower 6中港城 第6座,/building/china-hong-kong-city-tower-6/2294,direct_link
China Hong Kong Tower中港大廈,/building/china-hong-kong-tower/1393,direct_link
China Huarong Tower中國華融大廈,/building/china-huarong-tower/1155,direct_link
China Insurance Building中國保險大廈,/building/china-insurance-building/3508,direct_link
China Insurance Group Building中保集團大廈,/building/china-insurance-group-building/22,direct_link
China Life Center Tower A中國人壽中心A座,/building/china-life-center-tower-a/16758,direct_link
China Merchants Plaza招商局廣場,/building/china-merchants-plaza/17758,direct_link
China Minmetals Tower中國五礦大廈,/building/china-minmetals-tower/3201,direct_link
China Overseas Building中國海外大廈,/building/china-overseas-building/1382,direct_link
China Resources Building華潤大廈,/building/china-resources-building/2006,direct_link
China Shipbuilding Tower中國船舶大廈,/building/china-shipbuilding-tower/6270,direct_link
China Taiping Finance Centre中國太平金融中心,/building/china-taiping-finance-centre/4062,direct_link
China Taiping Tower 1中國太平大廈一期,/building/china-taiping-tower-1/3951,direct_link
China Taiping Tower 2中國太平大廈二期,/building/china-taiping-tower-2/3952,direct_link
China Travel Building中旅大廈,/building/china-travel-building/229,direct_link
China United Centre華匯中心,/building/china-united-centre/6153,direct_link
Chinachem 333 Plaza華懋333廣場,/building/chinachem-333-plaza/3303,direct_link
Chinachem Cameron Centre華懋金馬倫中心,/building/chinachem-cameron-centre/3511,direct_link
Chinachem Century Tower華懋世紀廣場,/building/chinachem-century-tower/1163,direct_link
Chinachem Exchange Square華懋交易廣場,/building/chinachem-exchange-square/3565,direct_link
Chinachem Golden Plaza華懋廣場,/building/chinachem-golden-plaza/2663,direct_link
Chinachem Hollywood Centre華懋荷里活中心,/building/chinachem-hollywood-centre/3611,direct_link
Chinachem Johnston Plaza華懋莊士敦廣場,/building/chinachem-johnston-plaza/1574,direct_link
Chinachem Leighton Plaza華懋禮頓廣場,/building/chinachem-leighton-plaza/1071,direct_link
Chinachem Tower華懋大廈,/building/chinachem-tower/129,direct_link
Chinachem Tsuen Wan Plaza華懋荃灣廣場,/building/chinachem-tsuen-wan-plaza/13712,direct_link
Chinaweal Centre中望商業中心,/building/chinaweal-centre/1502,direct_link
Chinese Club Building華商會所大廈,/building/chinese-club-building/111,direct_link
Chinese General Chamber of Commerce Building中華總商會大廈,/building/chinese-general-chamber-of-commerce-building/110,direct_link
Chit Lee Commercial Building捷利商業大廈,/building/chit-lee-commercial-building/13083,direct_link
Chiu Chow Association Building潮州會館,/building/chiu-chow-association-building/803,direct_link
Chiu Lung Building昭隆大廈,/building/chiu-lung-building/4452,direct_link
Chiyu Bank Building集友銀行大廈,/building/chiyu-bank-building/40,direct_link
Chong Fat Commercial Building昌發商業大廈,/building/chong-fat-commercial-building/17410,direct_link
Chong Hing Bank Centre創興銀行中心,/building/chong-hing-bank-centre/41,direct_link
Chong Hing Square創興廣場,/building/chong-hing-square/2949,direct_link
Chou Chong Commercial Building秋創商業大廈,/building/chou-chong-commercial-building/3343,direct_link
Chow Sang Sang Building周生生大廈,/building/chow-sang-sang-building/2836,direct_link
Chow Shing Kee Commercial Building周勝記商業大廈,/building/chow-shing-kee-commercial-building/6800,direct_link
Chow Tai Fook Centre周大福商業中心,/building/chow-tai-fook-centre/2968,direct_link
Chu Kong Shipping Tower珠江船務大廈,/building/chu-kong-shipping-tower/122,direct_link
Chuang's Tower莊士大廈,/building/chuang-s-tower/118,direct_link
Chuk On Building祝安商業中心,/building/chuk-on-building/2453,direct_link
Chun Hoi Commercial Building鎮海商業大廈,/building/chun-hoi-commercial-building/5191,direct_link
Chun Wah Commercial Building振華商業大廈,/building/chun-wah-commercial-building/5226,direct_link
Chun Wo Commercial Centre俊和商業中心,/building/chun-wo-commercial-centre/3173,direct_link
Chun Yee Building振宜大廈,/building/chun-yee-building/2938,direct_link
Chung Fung Commercial Building松鳳商業大廈,/building/chung-fung-commercial-building/2309,direct_link
Chung Hing Commercial Building中興商業大廈,/building/chung-hing-commercial-building/113,direct_link
Chung Kiu Commercial Building中僑商業大廈,/building/chung-kiu-commercial-building/15050,direct_link
Chung Nam Building中南大廈,/building/chung-nam-building/973,direct_link
Chung Nam House中南行,/building/chung-nam-house/38,direct_link
Chung Pak Health Care Services Complex松柏康健服務大樓,/building/chung-pak-health-care-services-complex/4688,direct_link
Chung Pont Commercial Building中邦商業大廈,/building/chung-pont-commercial-building/1413,direct_link
Chung Sheung Art Building中商藝術大廈,/building/chung-sheung-art-building/3604,direct_link
Chung Wai Commercial Building中威商業大廈,/building/chung-wai-commercial-building/998,direct_link
Chung Wo Commercial Centre忠和商業中心,/building/chung-wo-commercial-centre/5193,direct_link
Chung Ying Building中英大廈,/building/chung-ying-building/633,direct_link
Circle Plaza永光商業大廈,/building/circle-plaza/1379,direct_link
Circle Tower永光中心,/building/circle-tower/6133,direct_link
Citi Tower花旗大樓,/building/citi-tower/5359,direct_link
Citicorp Centre萬國寶通中心,/building/citicorp-centre/1957,direct_link
Citimark都會廣場,/building/citimark/6470,direct_link
Civic Commercial Building置域商業大廈,/building/civic-commercial-building/6691,direct_link
Club Lusitano西洋會所,/building/club-lusitano/1290,direct_link
Coasia Building合亞大廈,/building/coasia-building/999,direct_link
Coda Commercial Centre科達商業大廈,/building/coda-commercial-centre/180,direct_link
Coda Plaza科達中心,/building/coda-plaza/1291,direct_link
Cofco Tower中糧大廈,/building/cofco-tower/1146,direct_link
Commerce Tower昌寶中心,/building/commerce-tower/6956,direct_link
Comweb Plaza經達廣場,/building/comweb-plaza/7436,direct_link
Concord Commercial Building六合商業大廈,/building/concord-commercial-building/1640,direct_link
Concordia Plaza康宏廣場,/building/concordia-plaza/3105,direct_link
Connaught Commercial Building康樂商業大廈,/building/connaught-commercial-building/2248,direct_link
Connaught Harbourfront House康諾維港大廈,/building/connaught-harbourfront-house/645,direct_link
Connaught Marina干諾中心,/building/connaught-marina/582,direct_link
Contempo Place鴻圖道81號,/building/contempo-place/4729,direct_link
Convention Plaza Office Tower會展廣場辦公大樓,/building/convention-plaza-office-tower/2005,direct_link
Convex Building康威大廈,/building/convex-building/5467,direct_link
Conwell House金禾大廈,/building/conwell-house/2043,direct_link
Core Building - Science Park核心大樓-科學園,/building/core-building-science-park/11155,direct_link
Corn Yan Centre澤盈中心,/building/corn-yan-centre/3776,direct_link
Corporation Park企業中心,/building/corporation-park/8169,direct_link
Cosco Tower中遠大廈,/building/cosco-tower/164,direct_link
Cosmos Building昌隆商業大廈,/building/cosmos-building/2565,direct_link
Crason Commercial Centre加盛商業中心,/building/crason-commercial-centre/2999,direct_link
Crawford House卡佛大廈,/building/crawford-house/143,direct_link
Crawford Tower嘉發商業中心,/building/crawford-tower/2456,direct_link
Crocodile Center鱷魚恤中心,/building/crocodile-center/5597,direct_link
Crystal Tower晶苑大廈,/building/crystal-tower/17778,direct_link
Cyberport 1數碼港 1座,/building/cyberport-1/7497,direct_link
Cyberport 2數碼港 2座,/building/cyberport-2/7498,direct_link
Cyberport 3數碼港 3座,/building/cyberport-3/7499,direct_link
Cyberport 4數碼港 4座,/building/cyberport-4/17290,direct_link
D.J. Securities Building申新證券大廈,/building/d-j-securities-building/5360,direct_link
D2 Place One長義街9號,/building/d2-place-one/6052,direct_link
D2 Place Two長順街15號,/building/d2-place-two/8019,direct_link
DB North Office Block 1愉景北商場辦公室一期,/building/db-north-office-block-1/13064,direct_link
DB North Office Block 2愉景北商場辦公室二期,/building/db-north-office-block-2/13065,direct_link
DL Tower德林大廈,/building/dl-tower/17702,direct_link
Dah Chong Hong Group Building大昌行集團大廈,/building/dah-chong-hong-group-building/4615,direct_link
Dah Sing Financial Centre大新金融中心,/building/dah-sing-financial-centre/361,direct_link
Dah Sing Life Building大新人壽大廈,/building/dah-sing-life-building/18,direct_link
Daily House海利行,/building/daily-house/5385,direct_link
Dannies House其康大廈,/building/dannies-house/2087,direct_link
David House德惠行,/building/david-house/7228,direct_link
Dawning House多寧大廈,/building/dawning-house/109,direct_link
De Hua Tower德華中心,/building/de-hua-tower/17962,direct_link
Deli2威達商業大廈,/building/deli2/4849,direct_link
Delta House匯達大廈,/building/delta-house/7222,direct_link
Des Voeux Building德輔大廈,/building/des-voeux-building/788,direct_link
Devon House德宏大廈,/building/devon-house/1678,direct_link
Dominion Centre東美中心,/building/dominion-centre/366,direct_link
Dorset House多盛大廈,/building/dorset-house/1676,direct_link
Double Building登寶大廈,/building/double-building/2044,direct_link
Double Set Commercial Centre德寶城商業中心,/building/double-set-commercial-centre/3548,direct_link
Duke Of Windsor Social Service Building溫莎公爵社會服務大廈,/building/duke-of-windsor-social-service-building/1431,direct_link
Duke Wellington House威靈頓公爵大廈,/building/duke-wellington-house/1244,direct_link
Dundas Square登打士廣場,/building/dundas-square/3084,direct_link
E-Trade Plaza東貿廣場,/building/e-trade-plaza/4439,direct_link
EC Healthcare Tower (Central)醫思健康大樓 (中環),/building/ec-healthcare-tower-central/131,direct_link
EDGE葵榮路30-34號,/building/edge/12143,direct_link
EGL Tower東瀛遊廣場,/building/egl-tower/4738,direct_link
EIB Tower經信商業大廈,/building/eib-tower/2250,direct_link
Easey Commercial Building依時商業大廈,/building/easey-commercial-building/1392,direct_link
East Exchange Tower東區機樓大廈,/building/east-exchange-tower/1079,direct_link
East Ocean Centre東海商業中心,/building/east-ocean-centre/2619,direct_link
"East Point Centre, New Wing東角中心新翼",/building/east-point-centre-new-wing/1395,direct_link
East Point Centre東角中心,/building/east-point-centre/1378,direct_link
East Town Building東城大廈,/building/east-town-building/976,direct_link
Eastcore觀塘道398號,/building/eastcore/4589,direct_link
Eastern Central Plaza東匯廣場,/building/eastern-central-plaza/6079,direct_link
Eastern Commercial Centre東區商業中心,/building/eastern-commercial-centre/1381,direct_link
Eastern Commercial Centre海安商業中心,/building/eastern-commercial-centre/6047,direct_link
Eastern Flower Centre東麗中心,/building/eastern-flower-centre/3516,direct_link
Eastmark常悅道21號,/building/eastmark/15088,direct_link
Easy Tower永義廣場,/building/easy-tower/11453,direct_link
Edinburgh Tower公爵大廈,/building/edinburgh-tower/152,direct_link
Edward Wong Tower安泰大廈,/building/edward-wong-tower/6302,direct_link
Effectual Building宜發大廈,/building/effectual-building/1402,direct_link
Eight Commercial Tower8號商業廣場,/building/eight-commercial-tower/4139,direct_link
Elite Centre俊匯中心,/building/elite-centre/4713,direct_link
Eltee Building誠興大廈,/building/eltee-building/4450,direct_link
Emperor Commercial Centre英皇商業中心,/building/emperor-commercial-centre/59,direct_link
Emperor Group Centre英皇集團中心,/building/emperor-group-centre/1386,direct_link
Emperor Hollywood Centre英皇荷里活中心,/building/emperor-hollywood-centre/3633,direct_link
Empire Centre帝國中心,/building/empire-centre/2666,direct_link
Empress Plaza帝后廣場,/building/empress-plaza/3206,direct_link
Energy Plaza幸福中心,/building/energy-plaza/2617,direct_link
Enterprise Building聯業大廈,/building/enterprise-building/191,direct_link
Enterprise Place - Science Park企業廣場 - 科學園,/building/enterprise-place-science-park/11156,direct_link
Enterprise Square Five Tower 1企業廣場五期一座,/building/enterprise-square-five-tower-1/5237,direct_link
Enterprise Square Five Tower 2企業廣場五期二座,/building/enterprise-square-five-tower-2/5235,direct_link
Enterprise Square Three企業廣場三期,/building/enterprise-square-three/5238,direct_link
Enterprise Square Tower 1企業廣場一期一座,/building/enterprise-square-tower-1/15085,direct_link
Enterprise Square Tower 2企業廣場一期二座,/building/enterprise-square-tower-2/15086,direct_link
Enterprise Square Tower 3企業廣場一期三座,/building/enterprise-square-tower-3/15087,direct_link
Enterprise Square Two企業廣場二期,/building/enterprise-square-two/15084,direct_link
Entertainment Building娛樂行,/building/entertainment-building/140,direct_link
Eton Building易通商業大廈,/building/eton-building/44,direct_link
Eton Tower裕景商業中心,/building/eton-tower/6341,direct_link
Eu Yan Sang Tower余仁生中心,/building/eu-yan-sang-tower/3202,direct_link
Eurasia Building歐亞大廈,/building/eurasia-building/2037,direct_link
Euro Trade Centre歐陸貿易中心,/building/euro-trade-centre/136,direct_link
European Asian Bank Building歐亞銀行大廈,/building/european-asian-bank-building/3001,direct_link
Ever Gain Building (No.3)永得利大廈(第三座),/building/ever-gain-building-no-3/5351,direct_link
Ever Gain Plaza Tower 1永得利廣場一座,/building/ever-gain-plaza-tower-1/7250,direct_link
Ever Gain Plaza Tower 2永得利廣場二座,/building/ever-gain-plaza-tower-2/7251,direct_link
Everbright Centre光大中心,/building/everbright-centre/1158,direct_link
Everglory Centre恆港中心,/building/everglory-centre/7439,direct_link
Evernew Commerical Centre百新商業大廈,/building/evernew-commerical-centre/17283,direct_link
Everprofit Commercial Building恆利商業大廈,/building/everprofit-commercial-building/4158,direct_link
Excel Centre卓匯中心,/building/excel-centre/3298,direct_link
Excellente Commercial Building拔萃商業大廈,/building/excellente-commercial-building/1499,direct_link
Exchange Tower國際交易中心,/building/exchange-tower/5239,direct_link
FLK Tower馮良記中心,/building/flk-tower/1594,direct_link
Fa Yuen Commercial Building花園商業大廈,/building/fa-yuen-commercial-building/4999,direct_link
Fai Man Building輝文大廈,/building/fai-man-building/4151,direct_link
Fairmont House東昌大廈,/building/fairmont-house/2003,direct_link
Far East Consortium Building遠東發展大廈,/building/far-east-consortium-building/2954,direct_link
Far East Finance Centre遠東金融中心,/building/far-east-finance-centre/1132,direct_link
Fee Tat Commercial Centre飛達商業中心,/building/fee-tat-commercial-centre/2977,direct_link
Festigood Centre豐樂工貿中心,/building/festigood-centre/11518,direct_link
Festival Walk Office Tower又一城商業大樓,/building/festival-walk-office-tower/6782,direct_link
Finance Building金融商業大廈,/building/finance-building/45,direct_link
First Commercial Building第一商業大廈,/building/first-commercial-building/1069,direct_link
First Group Centre第一集團中心,/building/first-group-centre/17800,direct_link
Five Pacific Place太古廣場5座,/building/five-pacific-place/1336,direct_link
Fontaine Building建泉大廈,/building/fontaine-building/2668,direct_link
Foo Hoo Centre富好中心,/building/foo-hoo-centre/2741,direct_link
Foo Sang Building富生行,/building/foo-sang-building/2489,direct_link
Foo Yik Commercial Building富益商業大廈,/building/foo-yik-commercial-building/11949,direct_link
Fortis Tower富通大廈,/building/fortis-tower/1159,direct_link
Fortress Tower北角城中心,/building/fortress-tower/1679,direct_link
Fortune Centre恩平中心,/building/fortune-centre/1636,direct_link
Fortune Commercial Building全發商業大廈,/building/fortune-commercial-building/6424,direct_link
Fortune House福興大廈,/building/fortune-house/105,direct_link
Four Seas Communications Bank Building四海通銀行大廈,/building/four-seas-communications-bank-building/2509,direct_link
Four Seas Group Centre四洲集團中心,/building/four-seas-group-centre/11207,direct_link
Fourseas Building四海大廈,/building/fourseas-building/2997,direct_link
Foyer英皇道625號,/building/foyer/1667,direct_link
Friendship Commercial Building友誼商業大廈,/building/friendship-commercial-building/3657,direct_link
Fu Fai Commercial Centre富輝商業中心,/building/fu-fai-commercial-centre/2459,direct_link
Fu Hing Building富興大廈,/building/fu-hing-building/4267,direct_link
Fu Lee Commercial Building富利商業大廈,/building/fu-lee-commercial-building/8023,direct_link
Fubon Bank Building富邦銀行大廈,/building/fubon-bank-building/21,direct_link
Fugro House - KCC2輝固大廈 - KCC2,/building/fugro-house-kcc2/6841,direct_link
Fuk Shing Commercial Building福成商業大廈,/building/fuk-shing-commercial-building/16276,direct_link
Full View Commercial Building富偉商業大廈,/building/full-view-commercial-building/52,direct_link
Full Win Commercial Centre富運商業中心,/building/full-win-commercial-centre/2998,direct_link
Fullerton Centre富登中心,/building/fullerton-centre/4736,direct_link
Fullytech Centre富利達中心,/building/fullytech-centre/12446,direct_link
Fung Lok Commercial Building豐樂商業大廈,/building/fung-lok-commercial-building/2533,direct_link
Fung Sang Trading Building豐生貿易大廈,/building/fung-sang-trading-building/3579,direct_link
Fung Woo Centre豐和商業大廈,/building/fung-woo-centre/64,direct_link
Futura Plaza富利廣場,/building/futura-plaza/4601,direct_link
GF Tower廣發大廈,/building/gf-tower/17492,direct_link
Gala Place家樂坊,/building/gala-place/3085,direct_link
Galuxe Building紀利大廈,/building/galuxe-building/8170,direct_link
Gaylord Commercial Building嘉洛商業大廈,/building/gaylord-commercial-building/1000,direct_link
Gee Foo Commercial Building致富商業大廈,/building/gee-foo-commercial-building/6730,direct_link
Gee Luen Hing Industrial Building志聯興工業大廈,/building/gee-luen-hing-industrial-building/5669,direct_link
Gee Tuck Building至德大廈,/building/gee-tuck-building/13651,direct_link
Gem Fair Commercial Building玉暉商業大廈,/building/gem-fair-commercial-building/2314,direct_link
General Commercial Building通用商業大廈,/building/general-commercial-building/56,direct_link
Genesis創協坊,/building/genesis/3810,direct_link
Get Nice Centre結好中心,/building/get-nice-centre/7486,direct_link
Ginza Plaza銀城廣場,/building/ginza-plaza/7271,direct_link
Ginza Square銀座廣場,/building/ginza-square/2994,direct_link
Glassview Commercial Building豪景商業大廈,/building/glassview-commercial-building/13765,direct_link
Global Plaza環貿廣場,/building/global-plaza/17427,direct_link
Global Trade Square環匯廣場,/building/global-trade-square/3829,direct_link
Glory Centre高荔商業中心,/building/glory-centre/3227,direct_link
Gloucester Tower告羅士打大廈,/building/gloucester-tower/153,direct_link
Gofuku Tower幸福商業大廈,/building/gofuku-tower/6668,direct_link
Gold & Silver Commercial Building金銀商業大廈,/building/gold-silver-commercial-building/4280,direct_link
Gold Field Commercial Building高富商業大廈,/building/gold-field-commercial-building/9296,direct_link
Gold Shine Tower金煌行,/building/gold-shine-tower/182,direct_link
Gold Swan Commercial Building金鵝商業大廈,/building/gold-swan-commercial-building/1396,direct_link
Gold Union Commercial Building金祐商業大廈,/building/gold-union-commercial-building/619,direct_link
Golden Bloom Centre金利隆中心,/building/golden-bloom-centre/858,direct_link
Golden Centre金龍中心,/building/golden-centre/8,direct_link
Golden Dragon Centre金龍中心,/building/golden-dragon-centre/3512,direct_link
Golden Dragon Commercial  Building金龍商業大廈,/building/golden-dragon-commercial-building/2969,direct_link
Golden Era Plaza金雞廣場,/building/golden-era-plaza/7111,direct_link
Golden Gate Commercial Building金門商業大廈,/building/golden-gate-commercial-building/2715,direct_link
Golden Hill Commercial Building金山商業中心,/building/golden-hill-commercial-building/3154,direct_link
Golden Hill Commercial Mansion金軒商業大廈,/building/golden-hill-commercial-mansion/1424,direct_link
Golden House金明行,/building/golden-house/2138,direct_link
Golden Name Commercial Building鴻曙商業大廈,/building/golden-name-commercial-building/5434,direct_link
Golden Resources Tower金源集團大廈,/building/golden-resources-tower/17577,direct_link
Golden Star Building金星大廈,/building/golden-star-building/991,direct_link
Golden Sun Centre金日集團中心,/building/golden-sun-centre/3577,direct_link
Goldfield Tower金輝行,/building/goldfield-tower/15673,direct_link
Goldsland Building恒成大廈,/building/goldsland-building/5230,direct_link
Good Dragon Building龍祥大廈,/building/good-dragon-building/12201,direct_link
Good Harvest Commercial Building好收成商業大廈,/building/good-harvest-commercial-building/3020,direct_link
Good Hope Building好望角大廈,/building/good-hope-building/2862,direct_link
Goodfit Commercial Building好發商業大廈,/building/goodfit-commercial-building/2584,direct_link
Goodview Centre裕景中心,/building/goodview-centre/13073,direct_link
Gough Plaza經富中心,/building/gough-plaza/10525,direct_link
Grancastle Commercial Centre添置商業中心,/building/grancastle-commercial-centre/7320,direct_link
Grand Building大昌大廈,/building/grand-building/124,direct_link
Grand Central Plaza Tower 1新城市中央廣場1座,/building/grand-central-plaza-tower-1/7243,direct_link
Grand Central Plaza Tower 2新城市中央廣場2座,/building/grand-central-plaza-tower-2/7244,direct_link
Grand Centre格蘭中心,/building/grand-centre/6025,direct_link
Grand Century Place Tower 1新世紀廣場1期,/building/grand-century-place-tower-1/6926,direct_link
Grand Century Place Tower 2新世紀廣場2期,/building/grand-century-place-tower-2/6925,direct_link
Grand City Plaza新領域廣場,/building/grand-city-plaza/7169,direct_link
Grand Place譽發廣場,/building/grand-place/2952,direct_link
Grand Plaza Office Tower One雅蘭中心一期,/building/grand-plaza-office-tower-one/3011,direct_link
Grand Plaza Office Tower Two雅蘭中心二期,/building/grand-plaza-office-tower-two/3012,direct_link
Grand Progress Building協興大廈,/building/grand-progress-building/2564,direct_link
Grand Right Centre宏威中心,/building/grand-right-centre/3513,direct_link
Grandmark加威中心,/building/grandmark/2622,direct_link
Granville House嘉威大廈,/building/granville-house/2623,direct_link
Great Eagle Centre鷹君中心,/building/great-eagle-centre/2004,direct_link
Great Smart Tower佳誠大廈,/building/great-smart-tower/2244,direct_link
Greatmany Centre智群商業中心,/building/greatmany-centre/364,direct_link
Green 18 - Science Park綠景樓 - 科技園,/building/green-18-science-park/17315,direct_link
Greenwich Centre怡安中心,/building/greenwich-centre/1675,direct_link
Guangdong Finance Building粵財大廈,/building/guangdong-finance-building/646,direct_link
Guangdong Investment Tower粵海投資大廈,/building/guangdong-investment-tower/119,direct_link
Guangdong Tours Centre廣旅集團大廈,/building/guangdong-tours-centre/3412,direct_link
Guardian House愛群商業大廈,/building/guardian-house/2160,direct_link
H Code High BlockH Code 高座,/building/h-code-high-block/2130,direct_link
H Zentre中間道15號,/building/h-zentre/6506,direct_link
HDH Centre亨利集團中心,/building/hdh-centre/6007,direct_link
HK Chinese Bank CWB Centre華人銀行東區大廈,/building/hk-chinese-bank-cwb-centre/1619,direct_link
HKPC Building香港生產力促進局,/building/hkpc-building/6784,direct_link
HKSC Tower香港商專大樓,/building/hksc-tower/2704,direct_link
HSBC Building Mongkok旺角匯豐大廈,/building/hsbc-building-mongkok/2981,direct_link
HSBC Building Tsim Sha Tsui尖沙咀滙豐大廈,/building/hsbc-building-tsim-sha-tsui/2853,direct_link
HSBC Building Yuen Long元朗匯豐大廈,/building/hsbc-building-yuen-long/13751,direct_link
HSBC Centre Tower 1匯豐中心第一座,/building/hsbc-centre-tower-1/17952,direct_link
HSBC Main Building香港上海匯豐銀行總行大廈,/building/hsbc-main-building/163,direct_link
Haleson Building喜訊大廈,/building/haleson-building/4268,direct_link
Hanford Commercial Centre恆福商業中心,/building/hanford-commercial-centre/3025,direct_link
Hang Bong Commercial Centre恆邦商業中心,/building/hang-bong-commercial-centre/5185,direct_link
Hang Fat Trading House恆發貿易大廈,/building/hang-fat-trading-house/3578,direct_link
Hang Lung Centre恆隆中心,/building/hang-lung-centre/1104,direct_link
Hang Lung House恒隆大廈,/building/hang-lung-house/208,direct_link
Hang Pont Commercial Building恒邦商業大廈,/building/hang-pont-commercial-building/15441,direct_link
Hang Seng 113恒生113,/building/hang-seng-113/3156,direct_link
Hang Seng Bank Headquarters恒生銀行總行,/building/hang-seng-bank-headquarters/89,direct_link
Hang Seng Castle Peak Road Building恒生青山道大廈,/building/hang-seng-castle-peak-road-building/3387,direct_link
Hang Seng Causeway Bay Building恒生銅鑼灣大廈,/building/hang-seng-causeway-bay-building/1618,direct_link
Hang Seng Kowloon City Building恒生九龍城大廈,/building/hang-seng-kowloon-city-building/6896,direct_link
Hang Seng Mongkok Building恒生旺角大廈,/building/hang-seng-mongkok-building/2942,direct_link
Hang Seng North Point Building恒生北角大廈,/building/hang-seng-north-point-building/1732,direct_link
Hang Seng Tower恒生中心,/building/hang-seng-tower/17513,direct_link
Hang Seng Tsim Sha Tsui Building恆生尖沙咀大廈,/building/hang-seng-tsim-sha-tsui-building/5704,direct_link
Hang Seng Tsuen Wan Building恒生荃灣大廈,/building/hang-seng-tsuen-wan-building/6444,direct_link
Hang Seng Wanchai Building恒生灣仔大廈,/building/hang-seng-wanchai-building/1422,direct_link
Hang Seng Yuen Long Building恒生元朗大廈,/building/hang-seng-yuen-long-building/13727,direct_link
Hang Shing Building恒成大廈,/building/hang-shing-building/2959,direct_link
Hang Shun Building恒信大廈,/building/hang-shun-building/2000,direct_link
Hang Shun Commercial Building恆信商業大廈,/building/hang-shun-commercial-building/3515,direct_link
Hang Tung Resources Centre恆通資源中心,/building/hang-tung-resources-centre/13556,direct_link
Hang Wai Commercial Building恆威商業大廈,/building/hang-wai-commercial-building/356,direct_link
Hanley House恆利商業大廈,/building/hanley-house/3016,direct_link
Hanway Commercial Centre恆威商業中心,/building/hanway-commercial-centre/3083,direct_link
Harbour Centre海港中心,/building/harbour-centre/2010,direct_link
Harbour Commercial Building海港商業大廈,/building/harbour-commercial-building/128,direct_link
Harbour Crystal Centre港晶中心,/building/harbour-crystal-centre/2620,direct_link
Harbourside HQ啟匯,/building/harbourside-hq/11442,direct_link
Harcourt House夏愨大廈,/building/harcourt-house/1148,direct_link
Harilela House夏利里拉行,/building/harilela-house/1997,direct_link
Hart Avenue Plaza德裕中心,/building/hart-avenue-plaza/6635,direct_link
Hart House赫德大廈,/building/hart-house/6638,direct_link
Harvard Commercial Building豪富商業大廈,/building/harvard-commercial-building/2580,direct_link
Harvest Building恒豐大廈,/building/harvest-building/2559,direct_link
Haven Commercial Building凱豐商業大廈,/building/haven-commercial-building/11220,direct_link
Health Aura,/building/health-aura/17496,direct_link
Hecny Centre均輝中心,/building/hecny-centre/4934,direct_link
Hecny Tower均輝大廈,/building/hecny-tower/3205,direct_link
Heep Kee Commercial Building協基商業大廈,/building/heep-kee-commercial-building/2521,direct_link
Henan Building豫港大廈,/building/henan-building/1504,direct_link
Henan Electric Development Building豫港電力發展大廈,/building/henan-electric-development-building/1684,direct_link
Henfa Commercial Building恒發商業大廈,/building/henfa-commercial-building/1023,direct_link
Heng Shan Centre恆山中心,/building/heng-shan-centre/360,direct_link
Henley Building衡怡大廈,/building/henley-building/165,direct_link
Hennessy Plaza亨寧商業大廈,/building/hennessy-plaza/1421,direct_link
Hermes Commercial Centre恒貿商業中心,/building/hermes-commercial-centre/3220,direct_link
Hermes House國際電信大廈,/building/hermes-house/6505,direct_link
Heung Lam Building香林大廈,/building/heung-lam-building/103,direct_link
High Fashion Centre達利國際中心,/building/high-fashion-centre/7343,direct_link
Hillier Commercial Building喜利商業大廈,/building/hillier-commercial-building/13655,direct_link
Hilltop Plaza鴻豐商業中心,/building/hilltop-plaza/3609,direct_link
Hing Lee Building興利大廈,/building/hing-lee-building/836,direct_link
Hing Lee Commercial Building興利大廈,/building/hing-lee-commercial-building/5150,direct_link
Hing Loong Building興隆樓,/building/hing-loong-building/2527,direct_link
Hing Lung Commercial Building興隆大廈,/building/hing-lung-commercial-building/13664,direct_link
Hing Tai Commercial Building興泰商業大廈,/building/hing-tai-commercial-building/2525,direct_link
Hing Wah Commercial Building慶華商業大廈,/building/hing-wah-commercial-building/5077,direct_link
Hing Wai Building興瑋大廈,/building/hing-wai-building/169,direct_link
Hing Wan Commercial Building慶雲商業大廈,/building/hing-wan-commercial-building/7120,direct_link
Hing Yip Commercial Centre興業商業中心,/building/hing-yip-commercial-centre/46,direct_link
Hip Kwan Commercial Building協群商業大廈,/building/hip-kwan-commercial-building/15801,direct_link
Hip Shing Hong Centre協成行中心,/building/hip-shing-hong-centre/35,direct_link
Hip Shing Hong Kowloon Centre協成行九龍中心,/building/hip-shing-hong-kowloon-centre/2951,direct_link
Ho King Commercial Centre好景商業中心,/building/ho-king-commercial-centre/4972,direct_link
Ho Lee Commercial Building好利商業大廈,/building/ho-lee-commercial-building/652,direct_link
Hody Commercial Building好德商業大廈,/building/hody-commercial-building/6633,direct_link
Hoi Kiu Commercial Building開僑商業大廈,/building/hoi-kiu-commercial-building/112,direct_link
Hoi Ying Building凱英大廈,/building/hoi-ying-building/1821,direct_link
Hollywood Centre荷李活中心,/building/hollywood-centre/400,direct_link
Hollywood Centre荷李活商業中心,/building/hollywood-centre/3612,direct_link
Hollywood Commercial House荷李活商業大廈,/building/hollywood-commercial-house/4134,direct_link
Hollywood Plaza荷李活商業中心,/building/hollywood-plaza/3004,direct_link
Hon Hing Commercial Building漢興商業大廈,/building/hon-hing-commercial-building/7965,direct_link
Hon Kwok Jordan Centre漢國佐敦中心,/building/hon-kwok-jordan-centre/3225,direct_link
Honest Building合誠大廈,/building/honest-building/1077,direct_link
Hong Kong & Macau Building寶基大廈,/building/hong-kong-macau-building/108,direct_link
Hong Kong Arts Centre香港藝術中心,/building/hong-kong-arts-centre/2011,direct_link
Hong Kong Diamond Exchange Building香港鑽石會大廈,/building/hong-kong-diamond-exchange-building/1966,direct_link
Hong Kong Health Check Tower香港體檢中心,/building/hong-kong-health-check-tower/2901,direct_link
Hong Kong House香港工商大廈,/building/hong-kong-house/1245,direct_link
Hong Kong Jewellery Building香港珠寶大廈,/building/hong-kong-jewellery-building/179,direct_link
Hong Kong Li-Ning Building香港李寧大廈,/building/hong-kong-li-ning-building/2789,direct_link
Hong Kong Pacific Centre亞太中心,/building/hong-kong-pacific-centre/3431,direct_link
Hong Kong Plaza香港商業中心,/building/hong-kong-plaza/641,direct_link
Hong Kong Science Park Harbour View 1香港科學園海濱大樓一座,/building/hong-kong-science-park-harbour-view-1/16549,direct_link
Hong Kong Science Park Harbour View 2香港科學園海濱大樓二座,/building/hong-kong-science-park-harbour-view-2/16550,direct_link
Hong Kong Science Park Lakeside 1香港科學園尚湖樓,/building/hong-kong-science-park-lakeside-1/11151,direct_link
Hong Kong Science Park Lakeside 2香港科學園浚湖樓,/building/hong-kong-science-park-lakeside-2/11152,direct_link
Hong Kong Spinners Industrial Building Phase 6香港紗廠工業大廈第六期,/building/hong-kong-spinners-industrial-building-phase-6/3284,direct_link
Hong Kong Trade Centre香港貿易中心,/building/hong-kong-trade-centre/19,direct_link
Hong Xiang Centre鴻翔中心,/building/hong-xiang-centre/357,direct_link
Honytex Building好利時大廈,/building/honytex-building/4673,direct_link
Hop Shing Commercial Building合誠商業大廈,/building/hop-shing-commercial-building/5576,direct_link
Hop Ying Commercial Centre合盈商業中心,/building/hop-ying-commercial-centre/2956,direct_link
Hop Yuen Centre合源中心,/building/hop-yuen-centre/247,direct_link
Hopewell Centre合和中心,/building/hopewell-centre/365,direct_link
Horizon East東旺中心,/building/horizon-east/7502,direct_link
Horizon Plaza新海怡廣場,/building/horizon-plaza/6182,direct_link
Hoseinee House賀善尼大廈,/building/hoseinee-house/1987,direct_link
Houng Sun Building宏生大廈,/building/houng-sun-building/5688,direct_link
Houston Centre好時中心,/building/houston-centre/2660,direct_link
Hua Chiao Commercial Centre華僑商業中心,/building/hua-chiao-commercial-centre/2967,direct_link
Hua Fu Commercial Building華富商業大廈,/building/hua-fu-commercial-building/368,direct_link
Hua Qin International Building華秦國際大廈,/building/hua-qin-international-building/194,direct_link
Hub 8八福匯,/building/hub-8/7976,direct_link
Humphrey Plaza堪富利廣場,/building/humphrey-plaza/6027,direct_link
Humphrey's Building堪富利士大廈,/building/humphrey-s-building/6028,direct_link
Hung Kei Mansion鴻基大廈,/building/hung-kei-mansion/3602,direct_link
Hung Tak Building鴻德大廈,/building/hung-tak-building/61,direct_link
Hung To Centre鴻圖中心,/building/hung-to-centre/4609,direct_link
Hung To Commercial Building鴻圖商業大廈,/building/hung-to-commercial-building/993,direct_link
Hunghom Commercial Centre A紅磡商業中心A座,/building/hunghom-commercial-centre-a/6374,direct_link
Hunghom Commercial Centre B紅磡商業中心B座,/building/hunghom-commercial-centre-b/6375,direct_link
Hutchison Telecom Tower和記電訊大廈,/building/hutchison-telecom-tower/17417,direct_link
Hyde Centre海聯大廈,/building/hyde-centre/1175,direct_link
Hysan Place希慎廣場,/building/hysan-place/1387,direct_link
IC Development Centre - Science Park集成電路開發中心  - 科技園,/building/ic-development-centre-science-park/17309,direct_link
IUKI Tower耀基商業大廈,/building/iuki-tower/5965,direct_link
IW Building愛得甫大廈,/building/iw-building/844,direct_link
IW Centre荔枝角道93-95號,/building/iw-centre/7374,direct_link
Imperial Building帝國大廈,/building/imperial-building/2305,direct_link
Infinitus Plaza無限極廣場,/building/infinitus-plaza/5,direct_link
Infotech Centre訊科中心,/building/infotech-centre/4741,direct_link
Inter-Continental Plaza明輝中心,/building/inter-continental-plaza/2616,direct_link
International Commerce Centre環球貿易廣場,/building/international-commerce-centre/8230,direct_link
International Enterprise Centre III國際企業中心三期,/building/international-enterprise-centre-iii/15229,direct_link
International Enterprise Centre I國際企業中心一期,/building/international-enterprise-centre-i/17296,direct_link
International Gateway Centre	Tower 2,/building/international-gateway-centre-tower-2/18118,direct_link
International Gateway Centre Tower 1,/building/international-gateway-centre-tower-1/18119,direct_link
International Plaza環球工商大廈,/building/international-plaza/15083,direct_link
Island Beverley金百利中心,/building/island-beverley/1856,direct_link
Island Centre海島中心,/building/island-centre/6930,direct_link
Island Place Tower港運大廈,/building/island-place-tower/1665,direct_link
JCG Building日本信用大廈,/building/jcg-building/6555,direct_link
Jade Centre翡翠中心,/building/jade-centre/1251,direct_link
Jade Commercial Building翠玉樓,/building/jade-commercial-building/2347,direct_link
Jardine House怡和大廈,/building/jardine-house/1198,direct_link
Java Commercial Centre渣華商業中心,/building/java-commercial-centre/1899,direct_link
Java Road 108 Commercial Centre渣華道108商業中心,/building/java-road-108-commercial-centre/1906,direct_link
Jie Yang Building掲陽大廈,/building/jie-yang-building/1020,direct_link
Jing Long Commercial Building景隆商業大廈,/building/jing-long-commercial-building/6136,direct_link
Johnson Centre祥順中心,/building/johnson-centre/7080,direct_link
Johnson Place德昌廣場,/building/johnson-place/4436,direct_link
Jonsim Place中華大廈,/building/jonsim-place/352,direct_link
Jubilee Centre捷利中心,/building/jubilee-centre/6001,direct_link
Jupiter Tower永昇中心,/building/jupiter-tower/3780,direct_link
Justen Centre聯美中心,/building/justen-centre/7164,direct_link
K. Wah Centre嘉華國際中心,/building/k-wah-centre/1903,direct_link
K11 Atelier 11 Skies Tower 1K11 Atelier 11 Skies第一座,/building/k11-atelier-11-skies-tower-1/17509,direct_link
K11 Atelier 11 Skies Tower 2K11 Atelier 11 Skies第二座,/building/k11-atelier-11-skies-tower-2/17510,direct_link
K11 Atelier 11 Skies Tower 3K11 Atelier 11 Skies第三座,/building/k11-atelier-11-skies-tower-3/17511,direct_link
K11 Atelier King's Road,/building/k11-atelier-king-s-road/1834,direct_link
K11 Atelier Victoria Dockside維港文化匯K11辦公大樓,/building/k11-atelier-victoria-dockside/2686,direct_link
K83,/building/k83/4519,direct_link
KC100葵昌路100號,/building/kc100/6823,direct_link
KOHO,/building/koho/4754,direct_link
KOLOUR荃灣千色匯,/building/kolour/3459,direct_link
KP Tower錦平中心,/building/kp-tower/1816,direct_link
KT ONE九龍東同創滙,/building/kt-one/4930,direct_link
KTR350觀塘道350號,/building/ktr350/4577,direct_link
Ka Nin Wah Commercial Building嘉年華商業大廈,/building/ka-nin-wah-commercial-building/1388,direct_link
Ka On Building嘉安大廈,/building/ka-on-building/634,direct_link
Kai Centre百利佳中心,/building/kai-centre/4746,direct_link
Kai Fat Building啟發大廈,/building/kai-fat-building/622,direct_link
Kai Kwong Commercial Building啟光商業大廈,/building/kai-kwong-commercial-building/1028,direct_link
Kai Seng Commercial Centre騏生商業中心,/building/kai-seng-commercial-centre/3432,direct_link
Kai Tak Commercial Building佳德商業大廈,/building/kai-tak-commercial-building/2042,direct_link
Kai Tak Commercial Building啟德商業大廈,/building/kai-tak-commercial-building/31,direct_link
Kai Wong Commercial Building啟煌商業大廈,/building/kai-wong-commercial-building/187,direct_link
Kai Yue Commercial Building啟如商業大廈,/building/kai-yue-commercial-building/3112,direct_link
Kailey Tower騏利大廈,/building/kailey-tower/2040,direct_link
Kaiser Centre啟正中心,/building/kaiser-centre/4431,direct_link
Kalok Building家樂樓,/building/kalok-building/2876,direct_link
Kam Chung Building金鐘大廈,/building/kam-chung-building/1500,direct_link
Kam Chung Commercial Building金鐘商業大廈,/building/kam-chung-commercial-building/1367,direct_link
Kam Fai Commercial Building錦輝商業大廈,/building/kam-fai-commercial-building/11485,direct_link
Kam Fung Commercial Building金豐商業大廈,/building/kam-fung-commercial-building/2576,direct_link
Kam Hing Building錦興大廈,/building/kam-hing-building/3233,direct_link
Kam Hong Building錦康樓,/building/kam-hong-building/76,direct_link
Kam Lung Commercial Centre金麟商業中心,/building/kam-lung-commercial-centre/6631,direct_link
Kam Ma Building金馬大廈,/building/kam-ma-building/3498,direct_link
Kam Sang Building錦甡大廈,/building/kam-sang-building/9,direct_link
Kam Shek Commercial Building金石商業大廈,/building/kam-shek-commercial-building/6711,direct_link
Kam Wing Commercial Building錦榮商業大廈,/building/kam-wing-commercial-building/5227,direct_link
Katherine House嘉芙中心,/building/katherine-house/3196,direct_link
Kee Shing Centre奇盛中心,/building/kee-shing-centre/6512,direct_link
Kee Shing Commercial Building奇盛商業大廈,/building/kee-shing-commercial-building/6508,direct_link
Keen Hung Commercial Building堅雄商業大廈,/building/keen-hung-commercial-building/354,direct_link
Kelly Commercial Centre基利商業大廈,/building/kelly-commercial-centre/2960,direct_link
Kenbo Commercial Building昆保商業大廈,/building/kenbo-commercial-building/434,direct_link
Kennedy Town Commercial Centre堅城商業大廈,/building/kennedy-town-commercial-centre/7869,direct_link
Kerry Centre嘉里中心,/building/kerry-centre/1647,direct_link
Keybond Commercial Building建邦商業大廈,/building/keybond-commercial-building/6593,direct_link
Khuan Ying Commercial Building群英商業大廈,/building/khuan-ying-commercial-building/1256,direct_link
Kimberley House金巴利中心,/building/kimberley-house/6510,direct_link
Kimberley Plaza金巴利廣場,/building/kimberley-plaza/6509,direct_link
Kimley Commercial Building金利商業大廈,/building/kimley-commercial-building/201,direct_link
Kin On Commercial Building建安商業大廈,/building/kin-on-commercial-building/2448,direct_link
Kin Sang Commercial Centre建生商業中心,/building/kin-sang-commercial-centre/11204,direct_link
Kin Tak Fung Commercial Building建德豐商業大廈,/building/kin-tak-fung-commercial-building/1406,direct_link
Kin Wing Commercial Building建榮商業大廈,/building/kin-wing-commercial-building/12494,direct_link
King Centre嘉興商業中心,/building/king-centre/3087,direct_link
King Fook Building景福大廈,/building/king-fook-building/66,direct_link
King Palace Plaza皇廷廣場,/building/king-palace-plaza/11203,direct_link
King Star Commercial Centre星皇商業中心,/building/king-star-commercial-centre/6460,direct_link
King's Commercial Building金時商業大廈,/building/king-s-commercial-building/3574,direct_link
King's Commercial Centre景星中心,/building/king-s-commercial-centre/1687,direct_link
Kingdom Power Commercial Building帝權商業大樓,/building/kingdom-power-commercial-building/845,direct_link
Kingpower Commercial Building港佳商業大廈,/building/kingpower-commercial-building/1503,direct_link
Kings Tower擎天廣場,/building/kings-tower/7788,direct_link
Kings Wing Plaza 1京瑞廣場1期,/building/kings-wing-plaza-1/16557,direct_link
Kings Wing Plaza 2京瑞廣場2期,/building/kings-wing-plaza-2/16558,direct_link
Kingsfield Centre嘉昌商業中心,/building/kingsfield-centre/2810,direct_link
Kingston International Centre金利豐國際中心,/building/kingston-international-centre/5234,direct_link
Kingswell Commercial Tower金威商業大廈,/building/kingswell-commercial-tower/995,direct_link
Kingview Plaza京匯廣場,/building/kingview-plaza/17973,direct_link
Kinwick Centre建業榮基中心,/building/kinwick-centre/3610,direct_link
Kiu Yin Commercial Building翹賢商業大廈,/building/kiu-yin-commercial-building/988,direct_link
Knapwood Commercial Building世華商業大廈,/building/knapwood-commercial-building/7972,direct_link
Knutsford Commercial Building東港商業大廈,/building/knutsford-commercial-building/6550,direct_link
Ko's House高氏大樓,/building/ko-s-house/3082,direct_link
Kodak House II柯達大廈二期,/building/kodak-house-ii/2055,direct_link
Kolling Centre開麟中心,/building/kolling-centre/2625,direct_link
Konnect凱聯,/building/konnect/1530,direct_link
Koon Fook Centre冠福中心,/building/koon-fook-centre/6549,direct_link
Kornhill Plaza Office Tower康怡廣場辦公大樓,/building/kornhill-plaza-office-tower/3161,direct_link
Koshun House高信大廈,/building/koshun-house/2870,direct_link
Kowloon Bay International Trade & Exhibition Centre九龍灣國際展貿中心,/building/kowloon-bay-international-trade-exhibition-centre/7257,direct_link
Kowloon Building九龍行,/building/kowloon-building/2986,direct_link
Kowloon Centre九龍中心,/building/kowloon-centre/4679,direct_link
Kowloon Commerce Centre Tower A九龍貿易中心A座,/building/kowloon-commerce-centre-tower-a/6836,direct_link
Kowloon Commerce Centre Tower B九龍貿易中心B座,/building/kowloon-commerce-centre-tower-b/6837,direct_link
Kowloon Investment Building九龍企業大廈,/building/kowloon-investment-building/13444,direct_link
Kowloon Plaza九龍廣場,/building/kowloon-plaza/3317,direct_link
Kundamal House金帝行,/building/kundamal-house/3477,direct_link
Kuo Hwa Building國華大樓,/building/kuo-hwa-building/1418,direct_link
Kwai Fong Commercial Centre葵芳商業中心,/building/kwai-fong-commercial-centre/15099,direct_link
Kwai Hung Holdings Centre桂洪集團中心,/building/kwai-hung-holdings-centre/1659,direct_link
Kwan Chart Tower群策大廈,/building/kwan-chart-tower/8149,direct_link
Kwok Kee Group Centre國基集團中心,/building/kwok-kee-group-centre/4604,direct_link
Kwok Kwong Building國光大廈,/building/kwok-kwong-building/3241,direct_link
Kwong Fat Commercial Building廣發商業大廈,/building/kwong-fat-commercial-building/2285,direct_link
Kwong Fat Hong Building廣發行大廈,/building/kwong-fat-hong-building/5713,direct_link
Kwong On Bank Mongkok Branch Building廣安銀行旺角分行大廈,/building/kwong-on-bank-mongkok-branch-building/2871,direct_link
Kwong Wah Plaza光華廣場,/building/kwong-wah-plaza/11189,direct_link
Kwun Tong Harbour Plaza觀塘碼頭廣場,/building/kwun-tong-harbour-plaza/4960,direct_link
Kwun Tong Plaza觀塘廣場,/building/kwun-tong-plaza/5591,direct_link
Kwun Tong View觀點中心,/building/kwun-tong-view/4582,direct_link
Kyoei Commercial Building協榮商業大廈,/building/kyoei-commercial-building/3221,direct_link
Kyoto Plaza京都廣場,/building/kyoto-plaza/974,direct_link
LHT Tower陸海通大廈,/building/lht-tower/144,direct_link
LKF 29雲咸街29號,/building/lkf-29/1975,direct_link
LL Tower,/building/ll-tower/9612,direct_link
LT Tower,/building/lt-tower/7331,direct_link
Laford Centre勵豐中心,/building/laford-centre/7362,direct_link
Lai Sun Commercial Centre麗新商業中心,/building/lai-sun-commercial-centre/6309,direct_link
Lam Kee Building林記大廈,/building/lam-kee-building/3589,direct_link
Lamma Tower藍馬商業大廈,/building/lamma-tower/7078,direct_link
Lancashire Centre利嘉中心,/building/lancashire-centre/13107,direct_link
Landmark East Tower 1 - AXA Tower城東誌1期 - 安盛金融大樓,/building/landmark-east-tower-1-axa-tower/4602,direct_link
Landmark East Tower 2 - AIA Kowloon Tower城東誌2期 - 友邦九龍大樓,/building/landmark-east-tower-2-aia-kowloon-tower/4603,direct_link
Landmark North上水廣場,/building/landmark-north/6594,direct_link
Landmark South,/building/landmark-south/17300,direct_link
Landwide Commercial Building業廣商業大廈,/building/landwide-commercial-building/2719,direct_link
Lane Up,/building/lane-up/16358,direct_link
Langham Place Office Tower朗豪坊辦公大樓,/building/langham-place-office-tower/3155,direct_link
Lansing House聯成大廈,/building/lansing-house/181,direct_link
Lap Fai Building立輝大廈,/building/lap-fai-building/2141,direct_link
Lap Poon Building立本大廈,/building/lap-poon-building/599,direct_link
Laws Commercial Plaza羅氏商業廣場,/building/laws-commercial-plaza/6308,direct_link
Le Diamant金鑽壐,/building/le-diamant/2915,direct_link
Leader Commercial Building利雅商業大廈,/building/leader-commercial-building/3232,direct_link
Lee & Man Commercial Center理文商業中心,/building/lee-man-commercial-center/2774,direct_link
Lee Chau Commercial Building利就商業大廈,/building/lee-chau-commercial-building/6637,direct_link
Lee Garden Eight Tower 1利園八期第一座,/building/lee-garden-eight-tower-1/18132,direct_link
Lee Garden Eight Tower 2利園八期第二座,/building/lee-garden-eight-tower-2/18133,direct_link
Lee Garden Eight Tower 3利園八期第三座,/building/lee-garden-eight-tower-3/18134,direct_link
Lee Garden Five利園五期,/building/lee-garden-five/6343,direct_link
Lee Garden One利園一期,/building/lee-garden-one/6342,direct_link
Lee Garden Six利園六期,/building/lee-garden-six/1072,direct_link
Lee Garden Three利園三期,/building/lee-garden-three/6345,direct_link
Lee Garden Two利園二期,/building/lee-garden-two/1635,direct_link
Lee Kar Building利嘉大廈,/building/lee-kar-building/5709,direct_link
Lee Kee Commercial Building利基商業大廈,/building/lee-kee-commercial-building/214,direct_link
Lee Kiu Building利僑大廈,/building/lee-kiu-building/3547,direct_link
Lee Kong Commercial Building利廣商業大廈,/building/lee-kong-commercial-building/6665,direct_link
Lee Kum Kee Central中環李錦記,/building/lee-kum-kee-central/43,direct_link
Lee Loong Building利隆大廈,/building/lee-loong-building/3605,direct_link
Lee Man Commercial Building利文商業大廈,/building/lee-man-commercial-building/13662,direct_link
Lee May Building利美大廈,/building/lee-may-building/3017,direct_link
Lee Roy Commercial Building利來商業大廈,/building/lee-roy-commercial-building/3608,direct_link
Lee Wai Commercial Building利威商業大廈,/building/lee-wai-commercial-building/6634,direct_link
Lee West Commercial Building利威商業大廈,/building/lee-west-commercial-building/1428,direct_link
Legend Tower寧晉中心,/building/legend-tower/7016,direct_link
Leighton Centre禮頓中心,/building/leighton-centre/1076,direct_link
Lever Tech Centre利華科技中心,/building/lever-tech-centre/11202,direct_link
Li Dong Building利東大廈,/building/li-dong-building/5663,direct_link
Li Po Chun Chambers李寶椿大廈,/building/li-po-chun-chambers/20,direct_link
LiFung Tower利豐大廈,/building/lifung-tower/6258,direct_link
Light & Salt House,/building/light-salt-house/5642,direct_link
Lin Fook House蓮福商業大廈,/building/lin-fook-house/879,direct_link
Lincoln House林肯大廈,/building/lincoln-house/1666,direct_link
Linkchart Centre聯卓中心,/building/linkchart-centre/4526,direct_link
Lippo Centre Tower 1力寶中心1座,/building/lippo-centre-tower-1/1124,direct_link
Lippo Centre Tower 2力寶中心2座,/building/lippo-centre-tower-2/1125,direct_link
Lippo Leighton Tower力寶禮頓大廈,/building/lippo-leighton-tower/1078,direct_link
Lippo Sun Plaza力寶太陽廣場,/building/lippo-sun-plaza/2297,direct_link
Lloyds Commercial Centre萊德商業中心,/building/lloyds-commercial-centre/2523,direct_link
Lockhart Centre洛克中心,/building/lockhart-centre/985,direct_link
Loke Yew Building陸佑行,/building/loke-yew-building/193,direct_link
Lokville Commercial Building樂輝商業大廈,/building/lokville-commercial-building/7241,direct_link
Longfield Centre朗輝中心,/building/longfield-centre/17453,direct_link
Loon Kee Building龍記大廈,/building/loon-kee-building/57,direct_link
Loong Wan Building隆運大廈,/building/loong-wan-building/1098,direct_link
Loyong Court Commercial Building洛洋閣商業大廈,/building/loyong-court-commercial-building/989,direct_link
Lu Plaza振萬廣場,/building/lu-plaza/4847,direct_link
Lucky Building六基大廈,/building/lucky-building/1238,direct_link
Lucky Centre樂基中心,/building/lucky-centre/2249,direct_link
Lucky Commercial Centre樂基商業中心,/building/lucky-commercial-centre/851,direct_link
Lucky Plaza駱基中心,/building/lucky-plaza/1053,direct_link
Luen On House聯安樓,/building/luen-on-house/10258,direct_link
Luk Kwok Centre六國中心,/building/luk-kwok-centre/1147,direct_link
Luk Yu Building陸羽大廈,/building/luk-yu-building/2036,direct_link
Lyndhurst Tower一號廣場,/building/lyndhurst-tower/3735,direct_link
MG 162偉業街162號,/building/mg-162/17402,direct_link
MG Tower萬兆豐中心,/building/mg-tower/5367,direct_link
MTR Headquarters Building港鐵總部大樓,/building/mtr-headquarters-building/17514,direct_link
MW Plaza金巴利道40號,/building/mw-plaza/6536,direct_link
MW Tower,/building/mw-tower/13661,direct_link
MW Tower II,/building/mw-tower-ii/7441,direct_link
Magnet Place Tower 1,/building/magnet-place-tower-1/7254,direct_link
Magnet Place Tower 2,/building/magnet-place-tower-2/10482,direct_link
Mai Wo Industrial Building美和工業大廈,/building/mai-wo-industrial-building/6826,direct_link
Mainslit Building萬事利大廈,/building/mainslit-building/2033,direct_link
Majestic Square旺角方,/building/majestic-square/14690,direct_link
Malahon Centre萬利豐中心,/building/malahon-centre/2041,direct_link
Malaysia Building馬來西亞大廈,/building/malaysia-building/1151,direct_link
Man Cheung Building萬祥大廈,/building/man-cheung-building/1978,direct_link
Man Hing Commercial Building萬興商業大廈,/building/man-hing-commercial-building/178,direct_link
Man Lok Building文樂商業大廈,/building/man-lok-building/13665,direct_link
Man Man Mansion人人大廈,/building/man-man-mansion/855,direct_link
Man On Commercial Building萬安商業大廈,/building/man-on-commercial-building/4269,direct_link
Man Yee Building萬宜大廈,/building/man-yee-building/10,direct_link
Mandarin Commercial House文華商業大廈,/building/mandarin-commercial-house/2256,direct_link
Manhattan Centre萬泰中心,/building/manhattan-centre/6829,direct_link
Manhattan Place宏泰道23號,/building/manhattan-place/5256,direct_link
Manley Tower萬利中心,/building/manley-tower/6317,direct_link
Manly Commercial Building萬利商業大廈,/building/manly-commercial-building/11407,direct_link
Manning House萬年大廈,/building/manning-house/141,direct_link
Manson House文遜大廈,/building/manson-house/2881,direct_link
Manulife Financial Centre宏利金融中心,/building/manulife-financial-centre/4962,direct_link
Manulife Place宏利廣場,/building/manulife-place/4587,direct_link
Manulife Tower宏利大廈,/building/manulife-tower/5365,direct_link
Marina 8香葉道8號,/building/marina-8/11524,direct_link
Marina House海天廣場,/building/marina-house/6048,direct_link
Mary Building誠信大廈,/building/mary-building/6869,direct_link
Mass Resources Development Building宏貿發展大廈,/building/mass-resources-development-building/6026,direct_link
Mau Lam Commercial Building茂林商業大廈,/building/mau-lam-commercial-building/10627,direct_link
Max Commercial Centre名成商業中心,/building/max-commercial-centre/5435,direct_link
Max Share Centre上潤中心,/building/max-share-centre/1686,direct_link
Maxgrand Plaza萬廸廣場,/building/maxgrand-plaza/7919,direct_link
Maxim's Centre美心集團中心,/building/maxim-s-centre/8014,direct_link
Maxwell Centre麥仕維中心,/building/maxwell-centre/3430,direct_link
May Gar Commercial Building美嘉商業大廈,/building/may-gar-commercial-building/6934,direct_link
May May Building美美大廈,/building/may-may-building/2937,direct_link
McDonald's Building麥當勞大廈,/building/mcdonald-s-building/1620,direct_link
Mega Cube創豪坊,/building/mega-cube/4499,direct_link
Melbourne Plaza萬邦行,/building/melbourne-plaza/147,direct_link
Mercer 9孖沙街9號,/building/mercer-9/4275,direct_link
Methodist House循道衛理大廈,/building/methodist-house/1404,direct_link
Metro South Tower 1都會中心1座,/building/metro-south-tower-1/17718,direct_link
Metroplaza Tower 1新都會廣場1座,/building/metroplaza-tower-1/3440,direct_link
Metroplaza Tower 2新都會廣場2座,/building/metroplaza-tower-2/3441,direct_link
Metropole Building國都大廈,/building/metropole-building/6868,direct_link
Metropole Square新都廣場,/building/metropole-square/7223,direct_link
Michaelson House萬高商業大廈,/building/michaelson-house/7293,direct_link
Midland Financial Building美聯金融大廈,/building/midland-financial-building/3151,direct_link
Millennium City 1 - Standard Chartered Tower創紀之城1期 - 渣打銀行中心,/building/millennium-city-1-standard-chartered-tower/4586,direct_link
Millennium City 1 - Tower 1創紀之城1期 - 第一座,/building/millennium-city-1-tower-1/4580,direct_link
Millennium City 2創紀之城2期,/building/millennium-city-2/4585,direct_link
Millennium City 3創紀之城3期,/building/millennium-city-3/4583,direct_link
Millennium City 5 - BEA Tower創紀之城5期 - 東亞銀行中心,/building/millennium-city-5-bea-tower/4584,direct_link
Millennium City 6創紀之城6期,/building/millennium-city-6/4581,direct_link
Millennium Trade Centre貿易之都,/building/millennium-trade-centre/6827,direct_link
Minden House棉登大廈,/building/minden-house/5228,direct_link
Ming Fat Building明發大廈,/building/ming-fat-building/1257,direct_link
Mira Place Tower A美麗華廣場A座,/building/mira-place-tower-a/2991,direct_link
Mirage Tower萬利中心,/building/mirage-tower/2577,direct_link
Mirror Tower冠華中心,/building/mirror-tower/2661,direct_link
Monarch House II大華商業大廈,/building/monarch-house-ii/1419,direct_link
Mongkok City Centre旺角城市中心,/building/mongkok-city-centre/7272,direct_link
Mongkok Commercial Centre旺角商業大廈,/building/mongkok-commercial-centre/3153,direct_link
Mongkok Harbour Centre旺角海景中心,/building/mongkok-harbour-centre/5187,direct_link
Mongkok Metro旺角新城,/building/mongkok-metro/2995,direct_link
Montery Plaza萬泰利廣場,/building/montery-plaza/7332,direct_link
Morecrown Commercial Building冠貿商業大廈,/building/morecrown-commercial-building/2781,direct_link
Morrison Commercial Building摩利臣商業大廈,/building/morrison-commercial-building/2254,direct_link
Morrison Plaza天樂廣場,/building/morrison-plaza/2252,direct_link
Multifield Centre萬事昌中心,/building/multifield-centre/5190,direct_link
Multifield Plaza萬事昌廣場,/building/multifield-plaza/3481,direct_link
NCB Innovation Centre南商金融創新中心,/building/ncb-innovation-centre/7425,direct_link
NEO綠景NEO,/building/neo/5361,direct_link
Nam Hing Fong南慶坊,/building/nam-hing-fong/6064,direct_link
Nam Pak Hong Building南北行大廈,/building/nam-pak-hong-building/3583,direct_link
Nam Wo Hong Building南和行大廈,/building/nam-wo-hong-building/2535,direct_link
Nan Dao Commercial Building南島商業大廈,/building/nan-dao-commercial-building/176,direct_link
Nan Fung Centre南豐中心,/building/nan-fung-centre/13714,direct_link
Nan Fung Commercial Centre南豐商業中心,/building/nan-fung-commercial-centre/6565,direct_link
Nan Fung Tower南豐大廈,/building/nan-fung-tower/130,direct_link
Nan On Commercial Building南安商業大廈,/building/nan-on-commercial-building/15670,direct_link
Nanyang Commercial Bank Building南洋商業銀行大廈,/building/nanyang-commercial-bank-building/77,direct_link
Nanyang Plaza南洋廣場,/building/nanyang-plaza/4735,direct_link
Nathan Centre彌敦中心,/building/nathan-centre/2992,direct_link
Nathan Commercial Building彌敦商業大廈,/building/nathan-commercial-building/3022,direct_link
Nathan Tower彌敦行,/building/nathan-tower/2950,direct_link
Neich Tower祥豐大廈,/building/neich-tower/1154,direct_link
New City Centre新城工商中心,/building/new-city-centre/12878,direct_link
New East Ocean Centre新東海商業中心,/building/new-east-ocean-centre/3102,direct_link
New Hennessy Tower新軒尼詩大廈,/building/new-hennessy-tower/1427,direct_link
New Henry House新顯利大廈,/building/new-henry-house/1288,direct_link
New Kowloon Plaza新九龍廣場,/building/new-kowloon-plaza/4795,direct_link
New Landwide Commercial Building新業廣商業大廈,/building/new-landwide-commercial-building/6513,direct_link
New Mandarin Plaza Twr A新文華中心A座,/building/new-mandarin-plaza-twr-a/3103,direct_link
New Mandarin Plaza Twr B新文華中心B座,/building/new-mandarin-plaza-twr-b/3104,direct_link
New Town Tower新城市商業大廈,/building/new-town-tower/6487,direct_link
New Treasure Centre新寶中心,/building/new-treasure-centre/11455,direct_link
New Trend Centre新時代工貿商業中心,/building/new-trend-centre/6239,direct_link
New World Tower 1新世界大廈一座,/building/new-world-tower-1/149,direct_link
New World Tower 2新世界大廈二座,/building/new-world-tower-2/150,direct_link
New York House紐約行,/building/new-york-house/127,direct_link
Nexxus Building盈置大廈,/building/nexxus-building/114,direct_link
Ngai Wong Commercial Building藝旺商業大廈,/building/ngai-wong-commercial-building/14684,direct_link
Ngan House顏氏大廈,/building/ngan-house/53,direct_link
Nina Tower Tower 2如心廣場2座,/building/nina-tower-tower-2/7790,direct_link
North Cape Commercial Building北港商業大廈,/building/north-cape-commercial-building/1689,direct_link
North East Commercial Building東北商業大廈,/building/north-east-commercial-building/13634,direct_link
North Point Asia-Pac Centre北角亞太廣場,/building/north-point-asia-pac-centre/1097,direct_link
O.T.B. Building海外銀行大廈,/building/o-t-b-building/49,direct_link
OCBC Wing Hang Tower華橋永亨大廈,/building/ocbc-wing-hang-tower/160,direct_link
OVEST永樂街77號,/building/ovest/2540,direct_link
Ocean Building華海廣場,/building/ocean-building/5186,direct_link
Ocean Centre海洋中心,/building/ocean-centre/2286,direct_link
OfficePlus @Mong Kok協成行旺角中心,/building/officeplus-mong-kok/2333,direct_link
OfficePlus @Prince Edward協成行太子中心,/building/officeplus-prince-edward/3005,direct_link
OfficePlus @Sheung Wan協成行上環中心,/building/officeplus-sheung-wan/2539,direct_link
OfficePlus @Wan Chai協成行灣仔中心,/building/officeplus-wan-chai/1399,direct_link
Olympia Plaza國都廣場,/building/olympia-plaza/1669,direct_link
Omega Plaza歐美廣場,/building/omega-plaza/3088,direct_link
On Building皇后大道中158-164號,/building/on-building/263,direct_link
On Hang Industrial Centre華懋安恒工貿中心,/building/on-hang-industrial-centre/16294,direct_link
On Hing Building安慶大廈,/building/on-hing-building/2142,direct_link
On Hong Commercial Building安康商業大廈,/building/on-hong-commercial-building/1390,direct_link
On Hong Ning Commercial Building安康寧商業大廈,/building/on-hong-ning-commercial-building/2890,direct_link
On Lee Building安利大廈,/building/on-lee-building/2962,direct_link
On Lok Yuen Building安樂園大廈,/building/on-lok-yuen-building/33,direct_link
On Loong Commercial Building安隆商業大廈,/building/on-loong-commercial-building/1022,direct_link
On Tin Centre安田中心,/building/on-tin-centre/5399,direct_link
On Yip Commercial Building安業商業大廈,/building/on-yip-commercial-building/5136,direct_link
One Bedford Place,/building/one-bedford-place/12314,direct_link
One Capital Place海德中心,/building/one-capital-place/2089,direct_link
One Causeway Bay港島壹號中心,/building/one-causeway-bay/17978,direct_link
One Chinachem Central華懋中心I期,/building/one-chinachem-central/92,direct_link
One Citygate東薈城一座,/building/one-citygate/7247,direct_link
One Continental恒匯中心,/building/one-continental/2187,direct_link
One Exchange Square交易廣場第一座,/building/one-exchange-square/1196,direct_link
One Harbour Square海濱道181號,/building/one-harbour-square/5353,direct_link
One Harbourfront海濱廣場,/building/one-harbourfront/5618,direct_link
One Hennessy - SPD Bank Tower浦發銀行大廈,/building/one-hennessy-spd-bank-tower/1466,direct_link
One Humphreys堪富利士道1號,/building/one-humphreys/6031,direct_link
One Hysan Avenue希慎道一號,/building/one-hysan-avenue/6344,direct_link
One International Finance Centre國際金融中心一期,/building/one-international-finance-centre/14071,direct_link
One Island East港島東中心,/building/one-island-east/1929,direct_link
One Island South,/building/one-island-south/11527,direct_link
One Kowloon一號九龍,/building/one-kowloon/7771,direct_link
One Mong Kok Road Commercial Centre旺角道壹號商業中心,/building/one-mong-kok-road-commercial-centre/6554,direct_link
One North Tower 1朗壹廣場第一座,/building/one-north-tower-1/17751,direct_link
One North Tower 2朗壹廣場第二座,/building/one-north-tower-2/17752,direct_link
One Pacific Centre1亞太中心,/building/one-pacific-centre/4562,direct_link
One Pacific Place太古廣場1座,/building/one-pacific-place/1121,direct_link
One Peking北京道一號,/building/one-peking/6870,direct_link
One Portside宏基中心一期,/building/one-portside/7920,direct_link
One Sky Parc,/building/one-sky-parc/4731,direct_link
One TaiKoo Place太古坊一座,/building/one-taikoo-place/1830,direct_link
One Vista Summit匯賢一號．雋峰,/building/one-vista-summit/16368,direct_link
One Vista Supreme匯賢一號．雋朗,/building/one-vista-supreme/17483,direct_link
Onshine Commercial Building朗盈商業大廈,/building/onshine-commercial-building/10512,direct_link
Onward Building康佑大廈,/building/onward-building/3051,direct_link
Opulent Building德興大廈,/building/opulent-building/1371,direct_link
Oriental Centre安年大廈,/building/oriental-centre/3199,direct_link
Oriental Crystal Finance Centre中晶金融中心,/building/oriental-crystal-finance-centre/3198,direct_link
Overseas Trust Bank Building海外信託銀行大廈,/building/overseas-trust-bank-building/1179,direct_link
Oxford Commercial Building晉利商業大廈,/building/oxford-commercial-building/2947,direct_link
Oxford House濠豐大廈,/building/oxford-house/1927,direct_link
PCCW Tower電訊盈科中心,/building/pccw-tower/1663,direct_link
Pacific House太平行,/building/pacific-house/151,direct_link
Pacific Plaza太平洋廣場,/building/pacific-plaza/848,direct_link
Pakpolee Commercial Centre百寶利商業中心,/building/pakpolee-commercial-centre/7270,direct_link
Pan Asia Centre泛亞中心,/building/pan-asia-centre/4964,direct_link
Parekh House巴力大廈,/building/parekh-house/1995,direct_link
Park 15百達行,/building/park-15/2720,direct_link
Park Avenue Tower百富中心,/building/park-avenue-tower/1845,direct_link
Park Commercial Centre百樂商業中心,/building/park-commercial-centre/1868,direct_link
Park Hovan Commercial Building栢豪商業大廈,/building/park-hovan-commercial-building/3229,direct_link
Park Tsuen Commercial Building百萬行商業大廈,/building/park-tsuen-commercial-building/13713,direct_link
Parker House百佳大廈,/building/parker-house/174,direct_link
Parkes Commercial Building嘉士商業大廈,/building/parkes-commercial-building/7134,direct_link
Parkes Commercial Centre柏嘉商業中心,/building/parkes-commercial-centre/7122,direct_link
Parklane Building柏聯樓,/building/parklane-building/253,direct_link
Parklane Centre百利中心,/building/parklane-centre/12493,direct_link
Parkview Centre柏景中心,/building/parkview-centre/6220,direct_link
Parkview Commercial Building百威商業大廈,/building/parkview-commercial-building/3101,direct_link
Parkview House百匯行,/building/parkview-house/17462,direct_link
Peak Castle,/building/peak-castle/3308,direct_link
Pearl Oriental House明珠行,/building/pearl-oriental-house/2039,direct_link
Pearl Oriental Tower明珠廣場,/building/pearl-oriental-tower/2985,direct_link
Peninsula Centre半島中心,/building/peninsula-centre/2657,direct_link
Peninsula Square半島廣場,/building/peninsula-square/6490,direct_link
Peninsula Tower半島大廈,/building/peninsula-tower/3304,direct_link
Pennington Commercial Building邊寧頓商業大廈,/building/pennington-commercial-building/3414,direct_link
Perfect Commercial Building保發商業大廈,/building/perfect-commercial-building/2740,direct_link
Perfect Commercial Building必發商業大廈,/building/perfect-commercial-building/4376,direct_link
Peter Building振邦大廈,/building/peter-building/177,direct_link
Philips Electronics Building - Science Park飛利浦大廈 - 科技園,/building/philips-electronics-building-science-park/17307,direct_link
Photonic Centre - Science Park光電子中心 - 科技園,/building/photonic-centre-science-park/17305,direct_link
Pico Tower筆克大廈,/building/pico-tower/1161,direct_link
Pilkem Commercial Centre百利金商業中心,/building/pilkem-commercial-centre/8022,direct_link
Ping Lam Commercial Building平霖商業大廈,/building/ping-lam-commercial-building/1019,direct_link
Pioneer Centre始創中心,/building/pioneer-centre/2982,direct_link
Pioneer Place建生廣場,/building/pioneer-place/4921,direct_link
Playwell Commercial Building仲威商業大廈,/building/playwell-commercial-building/1219,direct_link
Plaza 20002000廣場,/building/plaza-2000/3738,direct_link
Plaza 228灣仔道228號,/building/plaza-228/17444,direct_link
Plaza 88楊屋道88號,/building/plaza-88/7810,direct_link
Po Cheong Commercial Building寶昌商業大廈,/building/po-cheong-commercial-building/3474,direct_link
Po On Commercial Building寶安商業大廈,/building/po-on-commercial-building/2941,direct_link
Po Shau Centre柏秀中心,/building/po-shau-centre/4600,direct_link
Po Wah Commercial Centre寶華商業中心,/building/po-wah-commercial-centre/1410,direct_link
Po Yick Building普益商會大廈,/building/po-yick-building/2464,direct_link
Po Yip Building布業大廈,/building/po-yip-building/12267,direct_link
Po Yip Commercial Building寶業商業大廈,/building/po-yip-commercial-building/6670,direct_link
Podium Plaza普基商業中心,/building/podium-plaza/6851,direct_link
PopOffice,/building/popoffice/18066,direct_link
Port 33爵祿街33號,/building/port-33/8097,direct_link
Pottinger House寶城大廈,/building/pottinger-house/2134,direct_link
Prat Commercial Building寶勒商業大廈,/building/prat-commercial-building/3483,direct_link
President Commercial Centre總統商業大廈,/building/president-commercial-centre/2983,direct_link
Prestige Tower彩星中心,/building/prestige-tower/2993,direct_link
Prince Commercial Building太子商業大廈,/building/prince-commercial-building/6928,direct_link
Prince Edward The Lamma City太子藍馬之城,/building/prince-edward-the-lamma-city/3018,direct_link
Prince Tower太子集團大廈,/building/prince-tower/3418,direct_link
Prince's Building太子大廈,/building/prince-s-building/1194,direct_link
Printing House印刷行,/building/printing-house/1965,direct_link
Professional Building建康大廈,/building/professional-building/1869,direct_link
Progress Commercial Building欣榮商業大廈,/building/progress-commercial-building/6006,direct_link
Prosper Commercial Building興發商業大廈,/building/prosper-commercial-building/13175,direct_link
Prosperity Center創富中心,/building/prosperity-center/7338,direct_link
Prosperity Centre嘉富商業中心,/building/prosperity-centre/2303,direct_link
Prosperity Commercial Building中興商業大廈,/building/prosperity-commercial-building/2966,direct_link
Prosperity Millennia Plaza泓富產業千禧廣場,/building/prosperity-millennia-plaza/1670,direct_link
Prosperity Place泓富廣場,/building/prosperity-place/7015,direct_link
Prosperity Tower豐盛創建大廈,/building/prosperity-tower/172,direct_link
Prosperous Building裕昌大廈,/building/prosperous-building/11,direct_link
Prosperous Commercial Building富盛商業大廈,/building/prosperous-commercial-building/853,direct_link
Public Bank Centre大眾銀行中心,/building/public-bank-centre/55,direct_link
Punfet Building番發大廈,/building/punfet-building/2934,direct_link
Qualipak Tower確利達中心,/building/qualipak-tower/631,direct_link
Queen's Centre帝后商業中心,/building/queen-s-centre/358,direct_link
Queen's Road Centre皇后大道中心,/building/queen-s-road-centre/268,direct_link
Queen's Tower皇后商業大廈,/building/queen-s-tower/4259,direct_link
R&T Centre納東中心,/building/r-t-centre/8072,direct_link
Railway Plaza鐵路大廈,/building/railway-plaza/3208,direct_link
Rammon House金德行,/building/rammon-house/7280,direct_link
Real Sight Commercial Building利際商業大廈,/building/real-sight-commercial-building/6692,direct_link
Reason Group Tower匯城集團大廈,/building/reason-group-tower/13708,direct_link
Redana Centre丹納中心,/building/redana-centre/6057,direct_link
Regal Dragon Centre龍匯商業大廈,/building/regal-dragon-centre/6689,direct_link
Regent Centre勵精中心,/building/regent-centre/142,direct_link
Remex Centre利美中心,/building/remex-centre/3836,direct_link
Remington Centre利登中心,/building/remington-centre/4739,direct_link
Rice Merchants Building米行大廈,/building/rice-merchants-building/618,direct_link
Rich China Center中富中心,/building/rich-china-center/4699,direct_link
Rich Towers富峰行,/building/rich-towers/7115,direct_link
Richmake Commercial Building致富商業大廈,/building/richmake-commercial-building/206,direct_link
Richmond Commercial Building皆旺商業大廈,/building/richmond-commercial-building/3157,direct_link
Richmond Plaza金利文廣場,/building/richmond-plaza/1488,direct_link
Righteous Centre富時中心,/building/righteous-centre/2964,direct_link
Rightful Centre興富中心,/building/rightful-centre/6567,direct_link
Rise Commercial Building利時商業大廈,/building/rise-commercial-building/7488,direct_link
Ritz Plaza麗斯中心,/building/ritz-plaza/2717,direct_link
Royal Commercial Centre凱豪商業中心,/building/royal-commercial-centre/7121,direct_link
Ruby Commercial Building鴻寶商業大廈,/building/ruby-commercial-building/2970,direct_link
Ruttonjee Centre - Dina House帝納大廈,/building/ruttonjee-centre-dina-house/1962,direct_link
Ruttonjee Centre - Ruttonjee House律敦治大廈,/building/ruttonjee-centre-ruttonjee-house/1964,direct_link
Rykadan Capital Tower宏基資本大廈,/building/rykadan-capital-tower/5364,direct_link
Rykadan One宏基匯,/building/rykadan-one/3812,direct_link
S. B. Commercial Building森基商業大廈,/building/s-b-commercial-building/3002,direct_link
S22香葉道22號,/building/s22/17589,direct_link
SAE Technology Centre - Science Park新科中心 - 科技園,/building/sae-technology-centre-science-park/17308,direct_link
SML Tower,/building/sml-tower/5357,direct_link
SOLO Building匯理商業大廈,/building/solo-building/5707,direct_link
SOMPTUEUX AUSTIN,/building/somptueux-austin/2734,direct_link
SPA Centre恆澤商業中心,/building/spa-centre/978,direct_link
SUP Tower聯合出版大廈,/building/sup-tower/1680,direct_link
Sai Wan Ho Plaza西灣河中心,/building/sai-wan-ho-plaza/13084,direct_link
San Kei Tower新基商業中心,/building/san-kei-tower/1626,direct_link
San Toi Building三台大廈,/building/san-toi-building/106,direct_link
Sands Building新聲大廈,/building/sands-building/3433,direct_link
Sang Fat Commercial House生發商業大廈,/building/sang-fat-commercial-house/7953,direct_link
Sang Woo Building生和大廈,/building/sang-woo-building/1165,direct_link
Saxon Tower西頓中心,/building/saxon-tower/8020,direct_link
Sea Bird House四寶大廈,/building/sea-bird-house/1969,direct_link
Seabright Plaza秀明中心,/building/seabright-plaza/2809,direct_link
Season Commercial Building時財商業大廈,/building/season-commercial-building/6024,direct_link
Seaview Commercial Building海景商業大廈,/building/seaview-commercial-building/640,direct_link
Seaview Plaza海景廣場,/building/seaview-plaza/13108,direct_link
Sen Fat Building順發樓,/building/sen-fat-building/13631,direct_link
Shanghai Centre上海中心,/building/shanghai-centre/5188,direct_link
Shanghai Commercial Bank Building上海商業銀行大廈,/building/shanghai-commercial-bank-building/17463,direct_link
Shanghai Commercial Bank Tower上海商業銀行大廈,/building/shanghai-commercial-bank-tower/244,direct_link
Shanghai Industrial Investment Building上海實業大廈,/building/shanghai-industrial-investment-building/1385,direct_link
Shatin Galleria沙田商業中心,/building/shatin-galleria/7258,direct_link
Shin Yat Tong Centre善一堂中心,/building/shin-yat-tong-centre/10625,direct_link
Shing Hing Commercial Building誠興商業大廈,/building/shing-hing-commercial-building/2560,direct_link
Shing Lee Commercial Building誠利商業大廈,/building/shing-lee-commercial-building/2561,direct_link
Shing Shun Building誠信商業大廈,/building/shing-shun-building/13730,direct_link
Shinyam Commercial Building勝任商業大廈,/building/shinyam-commercial-building/1577,direct_link
Shiu Fung Commercial Building兆豐商業大廈,/building/shiu-fung-commercial-building/1576,direct_link
Shiu Fung Hong Building兆豐行大廈,/building/shiu-fung-hong-building/2524,direct_link
Shui On Centre瑞安中心,/building/shui-on-centre/2008,direct_link
Shui Sing Building瑞星商業大樓,/building/shui-sing-building/6269,direct_link
Shum Tower岑氏商業大廈,/building/shum-tower/29,direct_link
Shun Feng International Centre順豐國際中心,/building/shun-feng-international-centre/359,direct_link
Shun Hei Causeway Bay Centre順禧銅鑼灣中心,/building/shun-hei-causeway-bay-centre/992,direct_link
Shun Ho Tower順豪商業大廈,/building/shun-ho-tower/1289,direct_link
Shun Kwong Commercial Building信光商業大廈,/building/shun-kwong-commercial-building/847,direct_link
Shun Lee Commercial Building順利商業大廈,/building/shun-lee-commercial-building/3326,direct_link
Shun On Commercial Building順安商業大廈,/building/shun-on-commercial-building/47,direct_link
Shun Pont Commercial Building信邦商業大廈,/building/shun-pont-commercial-building/2579,direct_link
Shun Tak Centre China Merchants Tower信德中心招商局大廈,/building/shun-tak-centre-china-merchants-tower/120,direct_link
Shun Tak Centre West Tower信德中心西座,/building/shun-tak-centre-west-tower/135,direct_link
Si Toi Commercial Building時代商業大廈,/building/si-toi-commercial-building/630,direct_link
Siberian Building西伯利亞大廈,/building/siberian-building/87,direct_link
Siki Centre兆基商業中心,/building/siki-centre/861,direct_link
Silicon Tower科興中心,/building/silicon-tower/8070,direct_link
Silver Commercial Building銀都商業大廈,/building/silver-commercial-building/2914,direct_link
Silver Fortune Plaza荊威廣場,/building/silver-fortune-plaza/1239,direct_link
Silvercord Tower 1新港中心第一座,/building/silvercord-tower-1/2298,direct_link
Silvercord Tower 2新港中心第二座,/building/silvercord-tower-2/2299,direct_link
Silvercorp International Tower銀高國際大廈,/building/silvercorp-international-tower/2990,direct_link
Simsons Commercial Building新盛商業大廈,/building/simsons-commercial-building/1582,direct_link
Sing Ho Finance Building信和財務大廈,/building/sing-ho-finance-building/1168,direct_link
Sing Kui Commercial Building星衢商業大廈,/building/sing-kui-commercial-building/758,direct_link
Sing Shun Centre誠信中心,/building/sing-shun-centre/3297,direct_link
Singga Commercial Centre成基商業中心,/building/singga-commercial-centre/642,direct_link
Singwa Commercial Building盛華商業大廈,/building/singwa-commercial-building/7126,direct_link
Sino Centre信和中心,/building/sino-centre/2984,direct_link
Sino Cheer Plaza新寶廣場,/building/sino-cheer-plaza/3550,direct_link
Sino Plaza信和廣場,/building/sino-plaza/1149,direct_link
Sitoy Tower時代中心,/building/sitoy-tower/4913,direct_link
Siu On Building兆安大廈,/building/siu-on-building/814,direct_link
Siu On Centre兆安中心,/building/siu-on-centre/981,direct_link
Siu On Plaza兆安廣場,/building/siu-on-plaza/1508,direct_link
Siu Ying Commercial Building兆英商業大廈,/building/siu-ying-commercial-building/175,direct_link
Six Pacific Place太古廣場6座,/building/six-pacific-place/17571,direct_link
Skyline Tower嘉禮大廈,/building/skyline-tower/6805,direct_link
Skyline Tower宏天廣場,/building/skyline-tower/4497,direct_link
Skyway Centre天威中心,/building/skyway-centre/438,direct_link
So Hong Commercial Building蘇杭商業大廈,/building/so-hong-commercial-building/2450,direct_link
Soho 77文咸東街77號,/building/soho-77/13666,direct_link
Somptueux Central,/building/somptueux-central/1250,direct_link
Soundwill Plaza金朝陽中心,/building/soundwill-plaza/6010,direct_link
South Asia Commercial Centre南益商業中心,/building/south-asia-commercial-centre/7181,direct_link
South China Building南華大廈,/building/south-china-building/1982,direct_link
South Island Place,/building/south-island-place/3813,direct_link
South Seas Centre Tower 1南洋中心第一座,/building/south-seas-centre-tower-1/2658,direct_link
South Seas Centre Tower 2南洋中心第二座,/building/south-seas-centre-tower-2/2659,direct_link
Southern Commercial Building修頓商業大廈,/building/southern-commercial-building/2085,direct_link
Southgate Commercial Centre信基商業中心,/building/southgate-commercial-centre/2626,direct_link
Southland Building南源大廈,/building/southland-building/104,direct_link
Southmark Tower A南匯廣場A座,/building/southmark-tower-a/3790,direct_link
Southmark Tower B南匯廣場B座,/building/southmark-tower-b/3791,direct_link
Southorn Centre修頓中心,/building/southorn-centre/1423,direct_link
Spark City Mong Kok俊薈旺角,/building/spark-city-mong-kok/17891,direct_link
Spark City俊薈,/building/spark-city/17593,direct_link
St George's Building聖佐治大廈,/building/st-george-s-building/1287,direct_link
St John's Building聖約翰大廈,/building/st-john-s-building/1292,direct_link
Stag Building鹿角大廈,/building/stag-building/188,direct_link
Standard Chartered Bank Building渣打銀行大廈,/building/standard-chartered-bank-building/4,direct_link
Star House星光行,/building/star-house/2683,direct_link
Stelux House寶光商業中心,/building/stelux-house/6240,direct_link
Stone Rise二百昊,/building/stone-rise/3057,direct_link
Strand 50,/building/strand-50/13658,direct_link
Strand 71,/building/strand-71/3593,direct_link
Success Centre成功中心‎,/building/success-centre/11475,direct_link
Success Commercial Building守時商業大廈,/building/success-commercial-building/1405,direct_link
Suen Yue Building信裕大廈,/building/suen-yue-building/3584,direct_link
Sui Tai Wai Kee Plaza瑞泰偉基商業廣場,/building/sui-tai-wai-kee-plaza/4752,direct_link
Summit Insurance Building健峰保險大廈,/building/summit-insurance-building/2955,direct_link
Sun Fai Commercial Centre新輝商業中心,/building/sun-fai-commercial-centre/6929,direct_link
Sun Hing Steel Furniture Commercial Building新興鋼具商業大廈,/building/sun-hing-steel-furniture-commercial-building/6796,direct_link
Sun House大新行,/building/sun-house/12,direct_link
Sun Hung Kai Centre新鴻基中心,/building/sun-hung-kai-centre/2009,direct_link
Sun Shine Centre長盛中心,/building/sun-shine-centre/5411,direct_link
Sunbeam Commercial Building新光商業大廈,/building/sunbeam-commercial-building/2989,direct_link
Sunbeam Plaza日升廣場,/building/sunbeam-plaza/2357,direct_link
Sunny House永盛大廈,/building/sunny-house/4148,direct_link
Sunshine Plaza三湘大廈,/building/sunshine-plaza/983,direct_link
Sunward Commercial Building朝光商業大廈,/building/sunward-commercial-building/17888,direct_link
Supreme Commercial Building榮馳商業大廈,/building/supreme-commercial-building/1650,direct_link
Supreme House首邦行,/building/supreme-house/6632,direct_link
Surson Commercial Building瑞信集團大廈,/building/surson-commercial-building/2721,direct_link
Sze Lai Building詩禮大廈,/building/sze-lai-building/1417,direct_link
TAL Building聯業大廈,/building/tal-building/2714,direct_link
TCL  Building - Science ParkTCL大廈 - 科技園,/building/tcl-building-science-park/17318,direct_link
TG Place電訊一代廣場,/building/tg-place/7018,direct_link
THF (Yuen Long) Commercial Building大鴻輝(元朗)商廈,/building/thf-yuen-long-commercial-building/7075,direct_link
TS Tower香葉道43號,/building/ts-tower/17500,direct_link
Tack Building德享大廈,/building/tack-building/3575,direct_link
Tai Nam Commercial Building大南商業大廈,/building/tai-nam-commercial-building/15308,direct_link
Tai Po Commercial Centre大埔商業中心,/building/tai-po-commercial-centre/14426,direct_link
Tai Sang Bank Building大生銀行大廈,/building/tai-sang-bank-building/2946,direct_link
Tai Shing Commercial (Yaumatei) Building泰盛商業(油麻地)大樓,/building/tai-shing-commercial-yaumatei-building/2958,direct_link
Tai Tung Building大同大廈,/building/tai-tung-building/2159,direct_link
Tai Wo Commercial Building泰和商業大廈,/building/tai-wo-commercial-building/2900,direct_link
Tai Wong Commercial Building大皇商業大廈,/building/tai-wong-commercial-building/383,direct_link
Tai Yau Building大有大廈,/building/tai-yau-building/1572,direct_link
Tai Yip Building大業大廈,/building/tai-yip-building/2581,direct_link
Tak Fung Building德豐大廈,/building/tak-fung-building/606,direct_link
Tak Lee Commercial Building得利商業大廈,/building/tak-lee-commercial-building/2245,direct_link
Tak Shing House德成大廈,/building/tak-shing-house/17721,direct_link
Tak Sing Alliance Building達成商業大廈,/building/tak-sing-alliance-building/3210,direct_link
Tak Woo House德和大廈,/building/tak-woo-house/654,direct_link
Tat Lee Commercial Building達利商業大廈,/building/tat-lee-commercial-building/3090,direct_link
Taurus Building德立大廈,/building/taurus-building/2621,direct_link
Teda Building泰達大廈,/building/teda-building/2543,direct_link
Telecom Digital Tower電訊數碼大樓,/building/telecom-digital-tower/7180,direct_link
Telecom House電訊大廈,/building/telecom-house/1164,direct_link
Telford House德福大廈,/building/telford-house/4551,direct_link
Teng Fuh Commercial Building登富商業大廈,/building/teng-fuh-commercial-building/159,direct_link
Tern Centre Tower 1太興中心第一座,/building/tern-centre-tower-1/157,direct_link
Tern Centre Tower 2太興中心第二座,/building/tern-centre-tower-2/155,direct_link
Tern Commercial Building太興商業大廈,/building/tern-commercial-building/2628,direct_link
Tern Plaza太興廣場,/building/tern-plaza/3509,direct_link
Tesbury Centre金鐘匯中心,/building/tesbury-centre/363,direct_link
Texwood Plaza德士活工業中心,/building/texwood-plaza/4608,direct_link
The 80I20偉業街161號,/building/the-80i20/4963,direct_link
The Bay Hub太豐匯,/building/the-bay-hub/4619,direct_link
The Broadway博匯大廈,/building/the-broadway/984,direct_link
The Burrow彩虹道212號,/building/the-burrow/17793,direct_link
The Cameron金馬倫道33號,/building/the-cameron/3501,direct_link
The Cendas,/building/the-cendas/17643,direct_link
The Center中環中心,/building/the-center/161,direct_link
The Centrium中央廣場,/building/the-centrium/1977,direct_link
The Chelsea蘇杭街69號,/building/the-chelsea/2457,direct_link
The Chinese Bank Building華人銀行大廈,/building/the-chinese-bank-building/24,direct_link
The Forum渣打財富管理中心,/building/the-forum/1201,direct_link
The Gateway Prudential Tower港威大廈保誠保險大廈,/building/the-gateway-prudential-tower/2310,direct_link
The Gateway Tower 1港威大廈第1座,/building/the-gateway-tower-1/2295,direct_link
The Gateway Tower 2港威大廈第2座,/building/the-gateway-tower-2/2296,direct_link
The Gateway Tower 5港威大廈第5座,/building/the-gateway-tower-5/2311,direct_link
The Gateway Tower 6港威大廈第6座,/building/the-gateway-tower-6/2312,direct_link
The Globe創匯國際中心,/building/the-globe/5556,direct_link
The Goldmark黃金廣場,/building/the-goldmark/1377,direct_link
The Grid東九匯,/building/the-grid/4915,direct_link
The Harvest豐怡中心,/building/the-harvest/3046,direct_link
The Hedon,/building/the-hedon/17505,direct_link
The Henderson,/building/the-henderson/17518,direct_link
The Hennessy軒尼詩道256號,/building/the-hennessy/1369,direct_link
The Hong Kong Club Building香港會所大廈,/building/the-hong-kong-club-building/1192,direct_link
The Hub業勤街23號,/building/the-hub/6789,direct_link
The Jade Plaza玉器交易廣場,/building/the-jade-plaza/2360,direct_link
The L.Plaza,/building/the-l-plaza/199,direct_link
The Mangan萬勤商業大廈,/building/the-mangan/3506,direct_link
The Metropolis Tower都會大厦,/building/the-metropolis-tower/7494,direct_link
The Millennity - Tower 1The Millennity 一座,/building/the-millennity-tower-1/4598,direct_link
The Millennity - Tower 2The Millennity 二座,/building/the-millennity-tower-2/17682,direct_link
The Octagon嘉達環球中心,/building/the-octagon/6446,direct_link
The Pemberton柏廷坊,/building/the-pemberton/13656,direct_link
The Peninsula Office Tower半島酒店辦公室大樓,/building/the-peninsula-office-tower/6501,direct_link
The Phoenix,/building/the-phoenix/2088,direct_link
The Quayside海濱匯,/building/the-quayside/5362,direct_link
The Rainbow虹方,/building/the-rainbow/17004,direct_link
The Rays瀝洋,/building/the-rays/4756,direct_link
The Sun's Group Centre新銀集團中心,/building/the-sun-s-group-centre/1171,direct_link
The Toy House彩星集團大廈,/building/the-toy-house/2301,direct_link
The Voeux德輔道中心,/building/the-voeux/63,direct_link
The WOL和安里4-5號,/building/the-wol/10259,direct_link
The Wave彌敦道184號,/building/the-wave/3023,direct_link
The Wave興業街4號,/building/the-wave/7886,direct_link
The Wellington威靈頓街184-198號,/building/the-wellington/1234,direct_link
The Workstation擺花街43號,/building/the-workstation/3734,direct_link
Thomson Centre卓信商業大廈,/building/thomson-centre/2578,direct_link
Thomson Commercial Building威利商業大廈,/building/thomson-commercial-building/2583,direct_link
Three Exchange Square交易廣場第三座,/building/three-exchange-square/1199,direct_link
Three Garden Road - Champion Tower花園道三號 - 冠君大廈,/building/three-garden-road-champion-tower/1294,direct_link
Three Garden Road - ICBC Tower花園道三號 - 中國工商銀行大廈,/building/three-garden-road-icbc-tower/1293,direct_link
Three Pacific Place太古廣場3座,/building/three-pacific-place/353,direct_link
Thyrse House太富商業大廈,/building/thyrse-house/2140,direct_link
Tien Chu Commercial Building天廚商業大廈,/building/tien-chu-commercial-building/1170,direct_link
Tiffan Tower天輝中心,/building/tiffan-tower/2234,direct_link
Times Media Centre卓凌中心,/building/times-media-centre/2246,direct_link
Times Square Tower One時代廣場1座,/building/times-square-tower-one/6157,direct_link
Times Square Tower Two時代廣場2座,/building/times-square-tower-two/6156,direct_link
Times Tower新時代中心,/building/times-tower/1507,direct_link
Times Tower時代中心,/building/times-tower/6306,direct_link
Tin On Sing Commercial Building天安城商業大廈,/building/tin-on-sing-commercial-building/5944,direct_link
Tins Enterprises Centre田氏企業中心,/building/tins-enterprises-centre/7361,direct_link
Toi Shan Association Building台山商會大廈,/building/toi-shan-association-building/1368,direct_link
Toi Shan Centre台山中心,/building/toi-shan-centre/1578,direct_link
Tower 188軒尼詩道188-190號,/building/tower-188/1337,direct_link
Tower 535謝斐道535號,/building/tower-535/1480,direct_link
Tower Jordan佐敦中心,/building/tower-jordan/13475,direct_link
Trade Square貿易廣場,/building/trade-square/6310,direct_link
Trendy Centre潮流工貿中心,/building/trendy-centre/3309,direct_link
Trium Hub,/building/trium-hub/4653,direct_link
Tsim Sha Tsui Centre尖沙咀中心,/building/tsim-sha-tsui-centre/2662,direct_link
Tuen Mun Central Square屯門中央廣場,/building/tuen-mun-central-square/11760,direct_link
Tuen Mun Parklane Square屯門栢麗廣場,/building/tuen-mun-parklane-square/7112,direct_link
Tung Chai Building通濟大廈,/building/tung-chai-building/1274,direct_link
Tung Che Commercial Centre東慈商業中心,/building/tung-che-commercial-centre/832,direct_link
Tung Chiong Commercial Building同昌商業大廈,/building/tung-chiong-commercial-building/3024,direct_link
Tung Chiu Commercial Centre東超商業中心,/building/tung-chiu-commercial-centre/1005,direct_link
Tung Chun Commercial Centre同珍商業中心,/building/tung-chun-commercial-centre/5194,direct_link
Tung Hip Commercial Building東協商業大廈,/building/tung-hip-commercial-building/15,direct_link
Tung Kong Building東江大廈,/building/tung-kong-building/637,direct_link
Tung Lee Commercial Building東利商業大廈,/building/tung-lee-commercial-building/2458,direct_link
Tung Ming Building通明大廈,/building/tung-ming-building/17,direct_link
Tung Ning Building東寧大廈,/building/tung-ning-building/126,direct_link
Tung Seng Commercial Building統生商業大廈,/building/tung-seng-commercial-building/2455,direct_link
Tung Wah Tower東華大廈,/building/tung-wah-tower/18201,direct_link
Tung Wai Commercial Building東惠商業大廈,/building/tung-wai-commercial-building/2158,direct_link
Tung Wui Building東匯大廈,/building/tung-wui-building/6518,direct_link
Tung Wui Commercial Building東匯商業大廈,/building/tung-wui-commercial-building/3478,direct_link
Tung Yiu Commercial Building東耀商業大廈,/building/tung-yiu-commercial-building/1985,direct_link
Tungtex Building同得仕大廈,/building/tungtex-building/4967,direct_link
TusPark啟迪中心,/building/tuspark/4965,direct_link
Two Chinachem Central華懋中心2期,/building/two-chinachem-central/93,direct_link
Two Chinachem Exchange Square華懋交易廣場2期,/building/two-chinachem-exchange-square/1662,direct_link
Two Chinachem Plaza華懋廣場II期,/building/two-chinachem-plaza/132,direct_link
Two Exchange Square交易廣場第二座,/building/two-exchange-square/1197,direct_link
Two Harbour Square偉業街180號,/building/two-harbour-square/4924,direct_link
Two Harbourfront海濱廣場二座,/building/two-harbourfront/5617,direct_link
Two International Finance Centre國際金融中心二期,/building/two-international-finance-centre/10605,direct_link
Two Pacific Place太古廣場2座,/building/two-pacific-place/1122,direct_link
Two Portside宏基中心二期,/building/two-portside/12438,direct_link
Two Sky Parc,/building/two-sky-parc/4733,direct_link
Two Taikoo Place太古坊二座,/building/two-taikoo-place/17412,direct_link
Ultragrace Commercial Building至秀商業大廈,/building/ultragrace-commercial-building/3551,direct_link
Unicorn Trade Centre有餘貿易中心,/building/unicorn-trade-centre/13,direct_link
Union Commercial Building合成商業大廈,/building/union-commercial-building/3736,direct_link
Union Park Centre柏宜中心,/building/union-park-centre/2987,direct_link
Unionway Commercial Centre聯威商業中心,/building/unionway-commercial-centre/168,direct_link
United Asia Finance Centre亞洲聯合財務中心,/building/united-asia-finance-centre/969,direct_link
United Building合群大廈,/building/united-building/1398,direct_link
United Building順聯大廈,/building/united-building/4270,direct_link
United Centre統一中心,/building/united-centre/1123,direct_link
United Chinese Bank Building中國聯合銀行大廈,/building/united-chinese-bank-building/12068,direct_link
United Overseas Plaza聯僑廣場,/building/united-overseas-plaza/11443,direct_link
United Success Commercial Centre聯成商業中心,/building/united-success-commercial-centre/1505,direct_link
Universal Commercial Building環球商業大廈,/building/universal-commercial-building/6867,direct_link
Universal Commercial House宇宙商業大廈,/building/universal-commercial-house/2807,direct_link
Universal House宇宙商業大廈,/building/universal-house/1169,direct_link
Universal Trade Centre環貿中心,/building/universal-trade-centre/2281,direct_link
Uwa Building祐華大廈,/building/uwa-building/638,direct_link
V Heun Building威享大廈,/building/v-heun-building/137,direct_link
VC House安皇商業大廈,/building/vc-house/8173,direct_link
VIP Commercial Centre海威商業中心,/building/vip-commercial-centre/2307,direct_link
Valiant Commercial Building雲龍商業大廈,/building/valiant-commercial-building/3475,direct_link
Valley Centre柏餘中心,/building/valley-centre/2255,direct_link
Vastkin House華威大廈,/building/vastkin-house/2420,direct_link
Vertical SQ嘉尚匯,/building/vertical-sq/11522,direct_link
Vincent Commercial Centre永勝商業中心,/building/vincent-commercial-centre/3223,direct_link
Vincent House永勝大廈,/building/vincent-house/987,direct_link
Virtus Medical Tower尚至醫療大樓,/building/virtus-medical-tower/162,direct_link
Viva Place偉華匯,/building/viva-place/17579,direct_link
Vogue Building立健商業大廈,/building/vogue-building/1980,direct_link
Vulcan House均峰商業大廈,/building/vulcan-house/1073,direct_link
W Business Centre北角好景中心,/building/w-business-centre/11718,direct_link
W Luxe安耀街5-9號,/building/w-luxe/7221,direct_link
W50黄竹坑道50號,/building/w50/3811,direct_link
WKCDA Tower西九文化區管理局大樓,/building/wkcda-tower/17443,direct_link
WOHO,/building/woho/2430,direct_link
Waga Commercial Centre威基商業中心,/building/waga-commercial-centre/1243,direct_link
Wah Hen Commercial Centre華軒商業中心,/building/wah-hen-commercial-centre/1416,direct_link
Wah Hing Commercial Building華興商業大廈,/building/wah-hing-commercial-building/971,direct_link
Wah Hing Commercial Center華興商業中心,/building/wah-hing-commercial-center/5192,direct_link
Wah Kit Commercial Centre華傑商業中心,/building/wah-kit-commercial-centre/32,direct_link
Wah Koon Building華冠大廈,/building/wah-koon-building/3632,direct_link
Wah Yuen Building華源大廈,/building/wah-yuen-building/154,direct_link
Wai Ching Commercial Building偉程商業大廈,/building/wai-ching-commercial-building/7163,direct_link
Wai Fung Plaza惠豐中心,/building/wai-fung-plaza/2980,direct_link
Wai Hing Commercial Building偉興商業大廈,/building/wai-hing-commercial-building/3171,direct_link
Wai Lee Commercial Building威利商業大廈,/building/wai-lee-commercial-building/3306,direct_link
Wai Ming Commercial Building威明商業大廈,/building/wai-ming-commercial-building/2944,direct_link
Wai Wah Commercial Building偉華商業大廈,/building/wai-wah-commercial-building/5437,direct_link
Wai Yip Commercial Building偉業商業樓,/building/wai-yip-commercial-building/62,direct_link
Waitex House威特商業大廈,/building/waitex-house/14691,direct_link
Wan Chai Central Building灣仔中匯大廈,/building/wan-chai-central-building/967,direct_link
Wanchai Commercial Centre灣仔商業中心,/building/wanchai-commercial-centre/1573,direct_link
Wang Cheong Commercial Building宏昌商業大廈,/building/wang-cheong-commercial-building/6951,direct_link
Wanthorpe House第一宏豐中心,/building/wanthorpe-house/10472,direct_link
Wardley Centre和益中心,/building/wardley-centre/3476,direct_link
Waterloo Plaza匯達中心,/building/waterloo-plaza/6696,direct_link
Way On Commercial Building維安商業大廈,/building/way-on-commercial-building/1497,direct_link
Wayland House匯賢大廈,/building/wayland-house/5988,direct_link
Wayson Commercial Building威勝商業大廈,/building/wayson-commercial-building/635,direct_link
Wayson Commercial House偉信商業大廈,/building/wayson-commercial-house/980,direct_link
Wealth Commercial Centre廣發商業中心,/building/wealth-commercial-centre/12498,direct_link
Wealthy Plaza富裕中心,/building/wealthy-plaza/13085,direct_link
Well View Commercial Building宏基商業大廈,/building/well-view-commercial-building/7873,direct_link
Wellable Commercial Building維寶商業大廈,/building/wellable-commercial-building/1415,direct_link
Wellborne Commercial Centre威邦商業中心,/building/wellborne-commercial-centre/1905,direct_link
Wellington Place威靈頓廣場,/building/wellington-place/1248,direct_link
Wellington Plaza威寧大廈,/building/wellington-plaza/1255,direct_link
West Coast International Building西岸國際大廈,/building/west-coast-international-building/7039,direct_link
West Exchange Tower西區電訊大廈,/building/west-exchange-tower/23,direct_link
West Gate Tower西港都會中心,/building/west-gate-tower/5558,direct_link
Western Centre西區中心大廈,/building/western-centre/698,direct_link
Western Commercial Building西區商業大廈,/building/western-commercial-building/827,direct_link
Westin Centre威登中心,/building/westin-centre/4734,direct_link
Westley Square威利廣場,/building/westley-square/5598,direct_link
Weswick Commercial Building威利商業大廈,/building/weswick-commercial-building/345,direct_link
Wharf T&T Centre九倉電訊中心,/building/wharf-t-t-centre/2287,direct_link
Wheelock House會德豐大廈,/building/wheelock-house/1281,direct_link
Wi Wi Commercial Building威威商業大廈,/building/wi-wi-commercial-building/13667,direct_link
Will Strong Development Building健能發展大廈,/building/will-strong-development-building/7117,direct_link
Willy Commercial Building永吉利商業大廈,/building/willy-commercial-building/2556,direct_link
Wilson House威信大廈,/building/wilson-house/1970,direct_link
Win Century Centre琪恆中心,/building/win-century-centre/6553,direct_link
Win Plaza匯達商業中心,/building/win-plaza/5406,direct_link
Winbase Centre勝基中心,/building/winbase-centre/186,direct_link
Windsor House - Chubb Tower皇室大廈 - 安達人壽大樓,/building/windsor-house-chubb-tower/1150,direct_link
Winfield Commercial Building盈豐商業大廈,/building/winfield-commercial-building/3479,direct_link
Winfull Commercial Building永富商業大廈,/building/winfull-commercial-building/2544,direct_link
Wing Fat Commercial Building永發商業大廈,/building/wing-fat-commercial-building/3928,direct_link
Wing Fu Building永富大廈,/building/wing-fu-building/2557,direct_link
Wing Hang Insurance Building永亨保險大廈,/building/wing-hang-insurance-building/2558,direct_link
Wing Hing Commercial Building榮興商業大廈,/building/wing-hing-commercial-building/13161,direct_link
Wing Hing Commercial Building永興商業大廈,/building/wing-hing-commercial-building/2538,direct_link
Wing Kee Commercial Building永基商業大廈,/building/wing-kee-commercial-building/3258,direct_link
Wing Kwok Centre榮國中心,/building/wing-kwok-centre/6690,direct_link
Wing On Centre永安中心,/building/wing-on-centre/134,direct_link
Wing On Cheong Building永安祥大廈,/building/wing-on-cheong-building/2542,direct_link
Wing On House永安集團大廈,/building/wing-on-house/1,direct_link
Wing On Kowloon Centre永安九龍中心,/building/wing-on-kowloon-centre/2940,direct_link
Wing On Plaza永安廣場,/building/wing-on-plaza/2665,direct_link
Wing Shing House榮成樓,/building/wing-shing-house/2503,direct_link
Wing Sing Commercial Building永星商業大廈,/building/wing-sing-commercial-building/6458,direct_link
Wing Sing Commercial Centre永昇商業中心,/building/wing-sing-commercial-centre/2532,direct_link
Wing Tat Commercial Building永達商業大廈,/building/wing-tat-commercial-building/2520,direct_link
Wing Tuck Commercial Centre永德商業中心,/building/wing-tuck-commercial-centre/3582,direct_link
Wing Wong Commercial Building永旺行,/building/wing-wong-commercial-building/3009,direct_link
Wing Yee Commercial Building永宜商業大廈,/building/wing-yee-commercial-building/2562,direct_link
Wing Yip Commercial Building榮業商業大廈,/building/wing-yip-commercial-building/12174,direct_link
Wings Building永恆商業大廈,/building/wings-building/171,direct_link
Winhong Building永康樓,/building/winhong-building/5649,direct_link
Winland House永倫大廈,/building/winland-house/3307,direct_link
Winland Square永倫立方,/building/winland-square/1411,direct_link
Winner Commercial Building榮華商業大廈,/building/winner-commercial-building/990,direct_link
Winning Centre雲明行,/building/winning-centre/1973,direct_link
Winning Commercial Building運通商業大廈,/building/winning-commercial-building/3219,direct_link
Winning House致發大廈,/building/winning-house/5675,direct_link
Winsan Tower運盛大廈,/building/winsan-tower/2582,direct_link
Winsing Building永勝大廈,/building/winsing-building/841,direct_link
Winsome House雲山大廈,/building/winsome-house/1976,direct_link
Winway Building華威大廈,/building/winway-building/1249,direct_link
Wireless Centre  - Science Park無線電中心 - 科技園,/building/wireless-centre-science-park/17306,direct_link
Wo Hing Commercial Building和興商業大廈,/building/wo-hing-commercial-building/3172,direct_link
Wofoo Commercial Building和富商業大廈,/building/wofoo-commercial-building/2943,direct_link
Wong Chung Ming Commercial House王仲銘商業大廈,/building/wong-chung-ming-commercial-house/1984,direct_link
Wong Tze Building王子大廈,/building/wong-tze-building/5600,direct_link
Woon Lee Commercial Building煥利商業大廈,/building/woon-lee-commercial-building/2737,direct_link
Workingberg Commercial Building華寶商業大廈,/building/workingberg-commercial-building/6149,direct_link
Workingbond Commercial Centre華邦商業中心,/building/workingbond-commercial-centre/6924,direct_link
Workingfield Commercial Building華斐商業大廈,/building/workingfield-commercial-building/1498,direct_link
Workingport Commercial Building華博商業大廈,/building/workingport-commercial-building/7081,direct_link
Workington Tower華東商業大廈,/building/workington-tower/13654,direct_link
Workingview Commercial Building華耀商業大廈,/building/workingview-commercial-building/6058,direct_link
World Commerce Centre世界商業中心,/building/world-commerce-centre/2288,direct_link
World Finance Centre North環球金融中心(北),/building/world-finance-centre-north/2290,direct_link
World Finance Centre South環球金融中心(南),/building/world-finance-centre-south/2289,direct_link
World Peace Centre世和中心,/building/world-peace-centre/7913,direct_link
World Trade Centre世貿中心,/building/world-trade-centre/1166,direct_link
World Trust Tower信誠廣場,/building/world-trust-tower/2038,direct_link
World Wide Commercial Building世界商業大廈,/building/world-wide-commercial-building/1994,direct_link
World-Wide House環球大廈,/building/world-wide-house/6,direct_link
Wu Chung House胡忠大廈,/building/wu-chung-house/367,direct_link
Wui Tat Centre會達中心,/building/wui-tat-centre/632,direct_link
Wyndham Place雲咸商業中心,/building/wyndham-place/1979,direct_link
Xing Hua Centre興華中心,/building/xing-hua-centre/5184,direct_link
Xiu Hua Commercial Building秀華商業大廈,/building/xiu-hua-commercial-building/1496,direct_link
Xiu Ping Commercial Building秀屏商業大廈,/building/xiu-ping-commercial-building/2451,direct_link
Y Centre白加士街13-15號,/building/y-centre/7118,direct_link
YF Life Centre萬通保險中心,/building/yf-life-centre/1145,direct_link
YF Life Tower萬通保險大廈,/building/yf-life-tower/970,direct_link
YHC Tower恩浩國際中心,/building/yhc-tower/15094,direct_link
Yam Tze Commercial Building壬子商業大廈,/building/yam-tze-commercial-building/2585,direct_link
Yan Fook Centre恩福中心,/building/yan-fook-centre/6304,direct_link
Yardley Commercial Building億利商業大廈,/building/yardley-commercial-building/628,direct_link
Yat Chau Building一洲大廈,/building/yat-chau-building/28,direct_link
Yat Fat Building日發大廈,/building/yat-fat-building/82,direct_link
Yau Shing Commercial Centre友誠商業中心,/building/yau-shing-commercial-centre/14747,direct_link
Yau Shun Building友信大廈,/building/yau-shun-building/655,direct_link
Yau Sing Building有成大廈,/building/yau-sing-building/2530,direct_link
Yee On 168怡安168,/building/yee-on-168/60,direct_link
Yen Sheng Centre源成中心,/building/yen-sheng-centre/5602,direct_link
Yes & Right House德拓大廈,/building/yes-right-house/2656,direct_link
Yeung Iu Chi Commercial Building楊耀熾商業大廈,/building/yeung-iu-chi-commercial-building/1495,direct_link
Yip Fung Building業豐大廈,/building/yip-fung-building/651,direct_link
York House約克大廈,/building/york-house/148,direct_link
Yu Sung Boon Building余崇本行,/building/yu-sung-boon-building/30,direct_link
Yu To Sang Building余道生行,/building/yu-to-sang-building/185,direct_link
Yu Yuet Lai Building余悅禮行,/building/yu-yuet-lai-building/1971,direct_link
Yue Fai Commercial Centre裕輝商業中心,/building/yue-fai-commercial-centre/3946,direct_link
Yue Hing Building越興大廈,/building/yue-hing-building/1372,direct_link
Yue Hwa International Building裕華國際大廈,/building/yue-hwa-international-building/4677,direct_link
Yue On Commercial Building裕安商業大廈,/building/yue-on-commercial-building/968,direct_link
Yue Shing Commercial Building裕成商業大廈,/building/yue-shing-commercial-building/3603,direct_link
Yue Xiu Building越秀大廈,/building/yue-xiu-building/972,direct_link
Yue's House余氏大廈,/building/yue-s-house/83,direct_link
Yuen Long Centre元朗中心,/building/yuen-long-centre/15018,direct_link
Yuen Long Commercial Centre元朗商業中心,/building/yuen-long-commercial-centre/14321,direct_link
Yuen Long Landmark開心廣場,/building/yuen-long-landmark/13767,direct_link
Yuen Long Trade Centre元朗貿易中心,/building/yuen-long-trade-centre/13766,direct_link
Yuey Kong Centre銳光中心,/building/yuey-kong-centre/11929,direct_link
Yun Kei Commercial Building潤基商業大廈,/building/yun-kei-commercial-building/5089,direct_link
Yun Tat Commercial Building潤達商業大廈,/building/yun-tat-commercial-building/6844,direct_link
ZJ 300浙江興業大廈,/building/zj-300/1001,direct_link
Zhongcai Centre中財中心,/building/zhongcai-centre/204,direct_link
Zhongda Building中達大廈,/building/zhongda-building/5386,direct_link
Zoroastrian Building善樂施大廈,/building/zoroastrian-building/1074,direct_link
iHome Centre置家中心,/building/ihome-centre/1004,direct_link
